-- phpMyAdmin SQL Dump
-- version 4.6.6deb4
-- https://www.phpmyadmin.net/
--
-- Host: localhost:3306
-- Generation Time: 06-Dez-2017 às 16:31
-- Versão do servidor: 5.7.20-0ubuntu0.17.04.1
-- PHP Version: 7.0.22-0ubuntu0.17.04.1

SET SQL_MODE = "NO_AUTO_VALUE_ON_ZERO";
SET time_zone = "+00:00";


/*!40101 SET @OLD_CHARACTER_SET_CLIENT=@@CHARACTER_SET_CLIENT */;
/*!40101 SET @OLD_CHARACTER_SET_RESULTS=@@CHARACTER_SET_RESULTS */;
/*!40101 SET @OLD_COLLATION_CONNECTION=@@COLLATION_CONNECTION */;
/*!40101 SET NAMES utf8mb4 */;

--
-- Database: `portfolio`
--

-- --------------------------------------------------------

--
-- Estrutura da tabela `access_log`
--

CREATE TABLE `access_log` (
  `id_access_log` int(11) NOT NULL,
  `id_usuario` int(11) NOT NULL,
  `ip_usuario` varchar(20) NOT NULL,
  `data_acesso` timestamp NOT NULL DEFAULT CURRENT_TIMESTAMP ON UPDATE CURRENT_TIMESTAMP
) ENGINE=InnoDB DEFAULT CHARSET=utf8;

--
-- Extraindo dados da tabela `access_log`
--

INSERT INTO `access_log` (`id_access_log`, `id_usuario`, `ip_usuario`, `data_acesso`) VALUES
(1, 1, '10.66.3.240', '2015-08-03 17:54:05'),
(2, 121, '10.66.3.240', '2015-08-03 19:52:28'),
(3, 7, '10.66.3.231', '2015-08-05 12:10:38'),
(4, 6, '10.66.3.22', '2015-08-05 12:12:52'),
(5, 123, '138.59.60.5', '2015-08-06 17:56:54'),
(6, 1, '10.66.3.240', '2015-08-10 17:06:47'),
(7, 6, '10.66.3.22', '2015-08-11 13:29:24'),
(8, 1, '10.66.3.240', '2015-08-11 13:50:16'),
(9, 1, '10.66.3.240', '2015-08-11 18:04:57'),
(10, 1, '10.66.3.240', '2015-08-11 18:54:34'),
(11, 1, '10.66.3.240', '2015-08-11 18:55:01'),
(12, 126, '10.66.3.95', '2015-08-11 19:03:20'),
(13, 7, '10.66.3.22', '2015-08-13 13:21:21'),
(14, 1, '10.66.3.240', '2015-08-17 18:19:58'),
(15, 1, '10.66.3.240', '2015-08-17 19:26:03'),
(16, 128, '10.66.3.240', '2015-08-17 19:29:16'),
(17, 128, '10.66.3.240', '2015-08-17 19:29:48'),
(18, 128, '187.76.197.107', '2015-08-17 21:58:06'),
(19, 1, '10.66.3.240', '2015-08-21 13:11:06'),
(20, 7, '10.66.3.22', '2015-08-21 13:12:09'),
(21, 6, '10.66.3.22', '2015-08-24 19:56:09'),
(22, 1, '10.66.3.240', '2015-08-25 12:05:01'),
(23, 7, '10.66.2.137', '2015-08-25 13:44:38'),
(24, 6, '10.66.3.22', '2015-08-27 12:47:17'),
(25, 6, '10.66.3.22', '2015-08-27 13:44:35'),
(26, 1, '10.66.3.240', '2015-08-27 15:05:11'),
(27, 6, '10.66.3.22', '2015-08-27 15:05:41'),
(28, 1, '10.66.3.240', '2015-08-27 15:12:47'),
(29, 1, '10.66.3.240', '2015-08-27 17:42:23'),
(30, 7, '192.168.37.191', '2015-09-02 13:05:48'),
(31, 133, '192.168.78.241', '2015-09-03 14:23:38'),
(32, 134, '201.73.162.117', '2015-09-04 15:25:48'),
(33, 133, '201.50.24.228', '2015-09-07 14:46:56'),
(34, 6, '10.66.3.22', '2015-09-08 12:39:08'),
(35, 133, '192.168.78.44', '2015-09-09 18:48:42'),
(36, 133, '189.105.5.112', '2015-09-09 21:11:17'),
(37, 6, '10.66.1.210', '2015-10-07 12:50:15'),
(38, 6, '10.66.1.210', '2015-10-07 17:21:20'),
(39, 6, '10.66.1.210', '2015-10-08 13:55:51'),
(40, 6, '10.66.1.210', '2015-10-08 15:15:22'),
(41, 7, '10.66.2.79', '2015-11-05 14:10:31'),
(42, 6, '10.66.2.85', '2015-11-06 18:10:10'),
(43, 7, '192.168.38.62', '2015-11-06 18:12:37'),
(44, 6, '10.66.2.85', '2015-11-09 12:50:59'),
(45, 7, '192.168.33.106', '2015-11-16 13:17:31'),
(46, 7, '10.66.2.79', '2015-11-16 20:20:30'),
(47, 7, '10.66.2.79', '2015-11-16 20:28:16'),
(48, 7, '10.66.2.79', '2015-11-17 13:34:45'),
(49, 7, '10.66.2.79', '2015-11-17 13:46:09'),
(50, 7, '10.66.2.79', '2015-11-17 14:37:29'),
(51, 7, '10.66.2.79', '2015-11-17 14:41:08'),
(52, 7, '10.66.2.79', '2015-11-17 16:24:52'),
(53, 7, '10.66.2.79', '2015-11-17 17:53:27'),
(54, 7, '10.66.2.85', '2015-11-18 13:48:29'),
(55, 6, '10.66.1.134', '2015-11-18 16:05:04'),
(56, 7, '10.66.2.85', '2015-11-18 18:40:05'),
(57, 6, '10.66.2.82', '2015-11-30 12:22:51'),
(58, 7, '10.66.2.79', '2015-11-30 14:23:44'),
(59, 7, '10.66.2.79', '2015-12-02 14:30:32'),
(60, 107, '152.236.162.34', '2015-12-18 14:00:26'),
(61, 6, '10.66.1.158', '2015-12-18 14:21:20'),
(62, 107, '152.236.162.34', '2015-12-18 14:21:35'),
(63, 107, '152.236.162.34', '2015-12-18 14:34:12'),
(64, 6, '10.66.1.158', '2015-12-18 14:48:57'),
(65, 107, '152.236.162.34', '2015-12-18 14:50:10'),
(66, 7, '10.66.2.4', '2016-01-06 12:32:29'),
(67, 7, '10.66.2.83', '2016-01-07 13:39:15'),
(68, 6, '10.66.1.37', '2016-01-19 15:02:08'),
(69, 1, '10.66.1.44', '2016-01-19 15:08:43'),
(70, 1, '10.66.1.44', '2016-01-19 15:12:11'),
(71, 1, '10.66.1.44', '2016-01-19 15:13:45'),
(72, 136, '177.59.162.131', '2016-01-19 15:49:34'),
(73, 137, '192.168.32.193', '2016-01-19 16:08:48'),
(74, 138, '179.192.203.89', '2016-01-19 17:45:31'),
(75, 7, '10.66.2.11', '2016-01-20 13:15:22'),
(76, 84, '138.59.62.9', '2016-01-20 13:46:55'),
(77, 139, '192.168.79.59', '2016-01-20 19:25:49'),
(78, 6, '10.66.2.7', '2016-02-01 14:07:30'),
(79, 7, '10.66.2.39', '2016-02-02 12:50:23'),
(80, 6, '200.223.152.167', '2016-02-05 14:15:54'),
(81, 107, '152.236.161.198', '2016-02-11 20:52:36'),
(82, 107, '152.236.161.198', '2016-02-11 21:05:35'),
(83, 7, '10.66.2.7', '2016-02-12 13:21:40'),
(84, 6, '10.66.2.7', '2016-02-15 11:31:04'),
(85, 107, '192.168.78.134', '2016-02-15 16:05:23'),
(86, 107, '192.168.78.134', '2016-02-15 16:24:31'),
(87, 6, '10.66.2.7', '2016-02-16 12:45:06'),
(88, 1, '10.66.1.54', '2016-02-16 14:42:54'),
(89, 1, '189.49.215.138', '2016-02-17 01:27:50'),
(90, 1, '189.49.215.138', '2016-02-17 01:38:41'),
(91, 1, '189.49.215.138', '2016-02-17 01:39:12'),
(92, 6, '10.66.2.7', '2016-02-26 13:43:35'),
(93, 1, '10.66.1.54', '2016-02-29 12:46:34'),
(94, 1, '10.66.1.54', '2016-03-04 12:45:32'),
(95, 7, '10.66.2.39', '2016-03-04 12:59:01'),
(96, 6, '10.66.1.110', '2016-03-17 13:46:17'),
(97, 1, '189.3.211.242', '2016-03-17 18:42:06'),
(98, 6, '10.66.1.136', '2016-03-18 12:32:42'),
(99, 6, '10.66.1.136', '2016-03-18 14:19:02'),
(100, 6, '10.66.1.136', '2016-03-18 17:20:33'),
(101, 7, '10.66.1.141', '2016-03-18 17:34:16'),
(102, 1, '201.8.134.221', '2016-03-21 00:24:42'),
(103, 1, '189.3.211.242', '2016-03-21 15:02:28'),
(104, 1, '189.3.211.242', '2016-03-21 17:02:31'),
(105, 1, '189.3.211.242', '2016-03-21 17:04:40'),
(106, 1, '189.3.211.242', '2016-03-21 17:10:02'),
(107, 1, '189.3.211.242', '2016-03-21 17:35:40'),
(108, 1, '189.3.211.242', '2016-03-21 17:46:22'),
(109, 1, '189.3.211.242', '2016-03-21 18:38:57'),
(110, 7, '10.66.1.141', '2016-03-22 12:29:49'),
(111, 6, '10.66.1.136', '2016-03-22 12:42:10'),
(112, 1, '189.3.211.242', '2016-03-22 17:15:08'),
(113, 1, '189.3.211.242', '2016-03-22 19:06:22'),
(114, 1, '189.3.211.242', '2016-03-23 17:12:45'),
(115, 107, '179.192.2.146', '2016-03-27 02:24:37'),
(116, 107, '179.192.2.146', '2016-03-27 03:32:23'),
(117, 107, '179.192.2.146', '2016-03-27 03:33:42'),
(118, 107, '179.192.2.146', '2016-03-27 04:19:21'),
(119, 107, '179.192.2.146', '2016-03-27 04:20:33'),
(120, 107, '179.192.2.146', '2016-03-27 04:24:06'),
(121, 107, '179.192.2.146', '2016-03-27 04:24:28'),
(122, 7, '10.66.1.141', '2016-03-30 12:27:33'),
(123, 7, '10.66.1.141', '2016-03-31 16:39:42'),
(124, 7, '10.66.1.141', '2016-03-31 18:07:13'),
(125, 1, '189.3.211.242', '2016-03-31 18:37:05'),
(126, 6, '10.66.1.136', '2016-03-31 19:31:35'),
(127, 7, '10.66.1.141', '2016-04-01 17:15:07'),
(128, 1, '189.3.211.242', '2016-04-04 18:34:58'),
(129, 1, '189.3.211.242', '2016-04-04 18:36:19'),
(130, 7, '10.66.1.141', '2016-04-06 11:41:44'),
(131, 1, '10.66.2.114', '2016-04-08 18:59:11'),
(132, 1, '201.9.88.38', '2016-04-08 23:31:35'),
(133, 7, '192.168.125.43', '2016-04-18 12:39:40'),
(134, 140, '192.168.125.43', '2016-04-18 12:46:12'),
(135, 140, '192.168.125.43', '2016-04-18 12:46:31'),
(136, 140, '192.168.125.43', '2016-04-18 12:46:41'),
(137, 140, '192.168.125.43', '2016-04-18 12:46:49'),
(138, 140, '192.168.125.43', '2016-04-18 12:47:04'),
(139, 140, '192.168.125.43', '2016-04-18 12:47:52'),
(140, 140, '192.168.125.43', '2016-04-18 12:48:13'),
(141, 140, '192.168.125.43', '2016-04-18 12:48:47'),
(142, 140, '192.168.125.43', '2016-04-18 12:49:04'),
(143, 7, '192.168.125.43', '2016-04-18 12:49:18'),
(144, 141, '192.168.125.43', '2016-04-18 12:55:54'),
(145, 7, '192.168.125.43', '2016-04-18 12:56:17'),
(146, 7, '192.168.125.43', '2016-04-18 12:57:33'),
(147, 1, '189.3.211.242', '2016-04-18 13:36:41'),
(148, 141, '192.168.125.43', '2016-04-19 11:31:47'),
(149, 141, '192.168.125.43', '2016-04-19 11:32:51'),
(150, 1, '10.66.1.86', '2016-04-26 12:05:44'),
(151, 1, '10.66.1.86', '2016-04-26 17:41:25'),
(152, 138, '201.8.254.212', '2016-04-28 11:29:10'),
(153, 6, '10.66.1.204', '2016-04-28 13:56:10'),
(154, 141, '192.168.125.43', '2016-04-28 13:58:46'),
(155, 141, '192.168.125.43', '2016-04-28 14:04:32'),
(156, 141, '192.168.125.43', '2016-04-28 14:10:10'),
(157, 141, '192.168.125.43', '2016-04-28 14:34:51'),
(158, 7, '10.66.1.203', '2016-04-28 19:19:27'),
(159, 107, '179.192.202.70', '2016-04-28 22:28:08'),
(160, 1, '201.8.131.119', '2016-04-29 23:13:50'),
(161, 107, '179.192.5.94', '2016-04-30 00:43:18'),
(162, 107, '179.192.5.94', '2016-05-02 00:02:27'),
(163, 107, '192.168.78.82', '2016-05-03 12:12:16'),
(164, 142, '192.168.78.82', '2016-05-03 12:24:00'),
(165, 107, '192.168.78.82', '2016-05-03 12:27:25'),
(166, 1, '10.66.1.86', '2016-05-03 12:48:08'),
(167, 6, '10.66.1.204', '2016-05-05 12:12:33'),
(168, 1, '10.66.7.30', '2016-05-05 12:30:32'),
(169, 143, '192.168.164.14', '2016-05-06 17:54:25'),
(170, 1, '189.3.211.242', '2016-05-09 18:36:11'),
(171, 6, '10.66.1.204', '2016-05-10 13:03:06'),
(172, 6, '10.66.1.204', '2016-05-10 14:24:24'),
(173, 6, '10.66.1.204', '2016-05-11 17:49:09'),
(174, 6, '10.66.1.204', '2016-05-13 12:25:34'),
(175, 6, '10.66.1.204', '2016-05-13 12:27:18'),
(176, 129, '192.168.163.33', '2016-05-13 13:05:32'),
(177, 6, '10.66.1.204', '2016-05-13 14:59:10'),
(178, 6, '10.66.1.204', '2016-05-16 12:48:44'),
(179, 1, '189.3.211.242', '2016-05-16 13:09:14'),
(180, 6, '10.66.1.204', '2016-05-16 13:14:28'),
(181, 6, '10.66.1.204', '2016-05-16 13:28:11'),
(182, 6, '10.66.1.204', '2016-05-17 13:49:01'),
(183, 35, '10.66.1.122', '2016-05-17 17:49:31'),
(184, 6, '10.66.1.204', '2016-05-18 14:39:27'),
(185, 6, '10.66.1.204', '2016-05-18 17:03:22'),
(186, 1, '10.66.1.86', '2016-05-19 14:40:00'),
(187, 1, '10.66.1.86', '2016-05-19 15:38:20'),
(188, 7, '10.66.1.141', '2016-05-19 15:47:30'),
(189, 6, '10.66.1.204', '2016-05-20 17:05:57'),
(190, 1, '201.8.253.141', '2016-05-21 01:53:48'),
(191, 7, '10.66.1.204', '2016-05-23 14:12:53'),
(192, 6, '10.66.1.204', '2016-05-23 17:55:14'),
(193, 153, '189.90.65.151', '2016-05-23 20:45:35'),
(194, 1, '189.3.211.242', '2016-05-24 18:50:10'),
(195, 154, '179.214.176.6', '2016-05-29 21:21:35'),
(196, 1, '10.66.2.253', '2016-05-31 12:32:33'),
(197, 8, '10.66.2.72', '2016-05-31 12:37:31'),
(198, 1, '10.66.2.253', '2016-05-31 15:59:38'),
(199, 6, '10.66.1.204', '2016-06-01 18:44:56'),
(200, 1, '201.8.253.141', '2016-06-02 01:09:54'),
(201, 8, '10.66.2.72', '2016-06-02 11:22:47'),
(202, 1, '189.3.211.242', '2016-06-03 14:19:44'),
(203, 1, '201.8.253.141', '2016-06-04 01:11:28'),
(204, 7, '10.66.1.141', '2016-06-08 16:40:34'),
(205, 155, '201.8.244.86', '2016-06-09 17:52:22'),
(206, 6, '10.66.1.204', '2016-06-16 13:11:33'),
(207, 156, '10.66.1.204', '2016-06-16 13:16:43'),
(208, 141, '192.168.125.43', '2016-06-16 14:23:57'),
(209, 141, '192.168.125.43', '2016-06-20 12:54:33'),
(210, 157, '200.229.81.114', '2016-06-20 13:54:43'),
(211, 6, '10.66.1.204', '2016-07-05 12:43:13'),
(212, 1, '10.66.3.179', '2016-07-05 15:55:05'),
(213, 1, '10.66.3.179', '2016-07-05 15:56:01'),
(214, 1, '10.66.3.179', '2016-07-05 15:56:23'),
(215, 6, '10.66.1.204', '2016-07-05 15:58:44'),
(216, 158, '10.66.3.179', '2016-07-05 16:10:34'),
(217, 158, '192.168.60.156', '2016-07-06 13:35:25'),
(218, 158, '192.168.60.156', '2016-07-06 13:36:53'),
(219, 158, '192.168.60.156', '2016-07-06 13:37:37'),
(220, 1, '179.198.141.223', '2016-07-06 21:43:36'),
(221, 1, '179.198.141.223', '2016-07-06 21:44:01'),
(222, 1, '201.8.135.196', '2016-07-09 14:38:51'),
(223, 1, '179.198.160.102', '2016-07-10 18:50:12'),
(224, 1, '200.223.152.245', '2016-07-16 17:53:36'),
(225, 1, '200.223.152.245', '2016-07-16 19:02:02'),
(226, 160, '191.139.245.52', '2016-07-22 08:59:11'),
(227, 1, '201.8.253.81', '2016-07-25 17:05:00'),
(228, 1, '201.8.253.81', '2016-07-26 21:01:11'),
(229, 1, '201.8.253.81', '2016-07-27 00:14:35'),
(230, 8, '200.128.15.2', '2016-08-24 20:40:31'),
(231, 8, '200.128.15.2', '2016-09-01 12:39:01'),
(232, 8, '200.128.15.2', '2016-09-01 13:09:59'),
(233, 161, '200.128.15.2', '2016-09-01 13:48:09'),
(234, 1, '10.66.2.252', '2016-09-06 14:32:55'),
(235, 8, '192.168.77.66', '2016-09-09 23:33:00'),
(236, 7, '192.168.180.52', '2016-09-13 14:25:01'),
(237, 7, '10.66.1.141', '2016-09-13 18:19:25'),
(238, 7, '10.66.1.141', '2016-09-14 14:52:18'),
(239, 163, '192.168.180.52', '2016-09-14 16:39:34'),
(240, 7, '200.165.20.231', '2016-09-16 02:21:52'),
(241, 7, '200.165.20.231', '2016-09-16 02:45:13'),
(242, 7, '10.66.1.204', '2016-09-16 16:07:32'),
(243, 73, '201.4.245.230', '2016-09-16 17:52:25'),
(244, 73, '201.4.245.230', '2016-09-16 17:53:32'),
(245, 73, '201.4.245.230', '2016-09-16 17:54:03'),
(246, 7, '10.66.1.234', '2016-10-10 11:17:08'),
(247, 1, '200.165.155.10', '2016-10-11 17:28:57'),
(248, 12, '201.8.255.119', '2016-10-24 22:43:55'),
(249, 12, '201.8.255.119', '2016-10-24 22:45:20'),
(250, 12, '201.8.255.119', '2016-10-24 22:53:02'),
(251, 12, '201.8.255.119', '2016-10-25 00:33:09'),
(252, 12, '201.8.255.119', '2016-10-25 00:35:33'),
(253, 161, '200.128.15.2', '2016-11-04 13:13:46'),
(254, 161, '200.128.15.2', '2016-11-07 17:22:15'),
(255, 161, '200.128.15.2', '2016-11-08 12:36:21'),
(256, 161, '200.128.15.2', '2016-11-09 17:53:31'),
(257, 172, '201.50.174.50', '2016-11-21 15:16:55'),
(258, 172, '201.50.174.50', '2016-11-21 15:17:38'),
(259, 172, '201.50.174.50', '2016-11-21 15:17:44'),
(260, 172, '201.50.174.50', '2016-11-21 15:18:42'),
(261, 172, '201.50.174.50', '2016-11-21 15:19:54'),
(262, 172, '201.50.174.50', '2016-11-21 15:20:17'),
(263, 172, '201.50.174.50', '2016-11-21 15:20:30'),
(264, 172, '201.50.174.50', '2016-11-21 15:21:06'),
(265, 172, '201.50.174.50', '2016-11-21 15:21:42'),
(266, 172, '201.50.174.50', '2016-11-21 15:23:44'),
(267, 172, '201.50.174.50', '2016-11-21 15:23:55'),
(268, 172, '201.50.174.50', '2016-11-21 15:24:11'),
(269, 173, '200.165.22.193', '2016-11-26 20:02:25'),
(270, 174, '201.50.105.54', '2016-11-26 23:46:43'),
(271, 175, '192.168.85.21', '2016-11-28 12:52:21'),
(272, 172, '10.66.2.122', '2016-11-28 13:42:01'),
(273, 172, '10.66.2.122', '2016-11-28 13:49:40'),
(274, 173, '192.168.60.45', '2016-11-29 10:53:21'),
(275, 173, '192.168.60.45', '2016-11-29 12:08:32'),
(276, 173, '192.168.60.45', '2016-11-29 14:24:39'),
(277, 172, '201.50.164.136', '2016-11-30 02:39:41'),
(278, 161, '200.128.15.2', '2016-11-30 16:26:44'),
(279, 172, '201.50.168.100', '2016-12-01 17:41:43'),
(280, 177, '10.66.1.166', '2016-12-01 17:45:27'),
(281, 177, '10.66.1.166', '2016-12-01 17:50:22'),
(282, 177, '10.66.1.166', '2016-12-12 13:17:03'),
(283, 177, '10.66.1.166', '2016-12-12 13:24:46'),
(284, 178, '192.168.76.172', '2016-12-19 18:12:41'),
(285, 8, '200.128.15.2', '2016-12-19 19:24:52'),
(286, 12, '192.168.230.23', '2017-01-04 13:57:07'),
(287, 172, '10.66.1.230', '2017-01-05 17:38:25'),
(288, 172, '10.66.1.230', '2017-01-05 17:44:57'),
(289, 176, '177.160.53.246', '2017-01-05 23:30:11'),
(290, 176, '177.160.53.246', '2017-01-05 23:31:21'),
(291, 176, '177.160.53.246', '2017-01-05 23:38:38'),
(292, 176, '177.160.53.246', '2017-01-05 23:41:09'),
(293, 1, '201.8.253.120', '2017-01-08 19:25:42'),
(294, 176, '192.168.230.44', '2017-01-11 15:00:09'),
(295, 176, '192.168.230.44', '2017-01-11 15:03:06'),
(296, 176, '192.168.230.44', '2017-01-11 15:04:00'),
(297, 161, '200.128.15.2', '2017-01-23 20:27:50'),
(298, 179, '186.247.221.152', '2017-03-07 03:35:14'),
(299, 179, '186.247.221.152', '2017-03-07 03:36:51'),
(300, 179, '186.247.221.152', '2017-03-07 03:38:06'),
(301, 179, '179.198.117.136', '2017-03-07 14:20:31'),
(302, 172, '10.66.2.99', '2017-03-07 20:10:28'),
(303, 179, '186.247.216.206', '2017-03-12 20:29:13'),
(304, 177, '10.66.1.74', '2017-03-16 12:50:06'),
(305, 91, '192.168.76.89', '2017-03-16 13:26:24'),
(306, 91, '192.168.76.89', '2017-03-16 13:27:08'),
(307, 91, '192.168.76.89', '2017-03-16 13:27:12'),
(308, 91, '192.168.76.89', '2017-03-16 13:36:18'),
(309, 161, '200.128.15.2', '2017-03-21 20:23:58'),
(310, 161, '200.128.15.2', '2017-03-23 13:03:20'),
(311, 179, '201.50.165.24', '2017-03-25 06:44:56'),
(312, 77, '192.168.79.220', '2017-03-27 13:13:39'),
(313, 77, '192.168.79.220', '2017-03-27 13:14:41'),
(314, 161, '200.128.15.2', '2017-03-27 14:12:53'),
(315, 8, '10.66.1.40', '2017-03-28 18:28:07'),
(316, 161, '200.128.15.2', '2017-03-29 18:05:48'),
(317, 8, '10.66.1.40', '2017-04-03 18:03:56'),
(318, 179, '201.50.162.218', '2017-04-06 03:24:38'),
(319, 179, '186.241.30.241', '2017-04-09 14:09:58'),
(320, 179, '186.241.30.241', '2017-04-10 02:21:17'),
(321, 179, '186.241.30.241', '2017-04-10 02:21:32'),
(322, 179, '186.241.30.241', '2017-04-10 02:28:23'),
(323, 179, '186.241.30.241', '2017-04-10 03:14:10'),
(324, 179, '186.241.18.11', '2017-04-10 22:39:34'),
(325, 179, '186.241.18.11', '2017-04-10 22:39:56'),
(326, 8, '10.66.1.40', '2017-04-17 19:50:29'),
(327, 179, '192.168.18.23', '2017-04-19 18:37:17'),
(328, 8, '138.117.179.226', '2017-04-26 23:04:37'),
(329, 179, '186.241.28.35', '2017-04-28 21:13:07'),
(330, 141, '192.168.125.59', '2017-05-02 11:56:47'),
(331, 141, '192.168.125.59', '2017-05-02 11:57:04'),
(332, 141, '192.168.125.59', '2017-05-02 11:58:20'),
(333, 41, '192.168.79.143', '2017-05-05 18:17:35'),
(334, 179, '192.168.19.128', '2017-05-23 19:25:44'),
(335, 180, '200.199.132.98', '2017-05-30 20:36:33'),
(336, 181, '192.168.125.103', '2017-06-05 14:45:01'),
(337, 181, '192.168.125.103', '2017-06-05 14:48:59'),
(338, 181, '192.168.125.103', '2017-06-05 14:59:12'),
(339, 179, '201.50.172.4', '2017-06-24 02:48:40'),
(340, 1, '177.219.85.10', '2017-07-04 18:43:34'),
(341, 1, '200.217.117.5', '2017-07-04 19:32:32'),
(342, 182, '10.66.2.96', '2017-07-05 13:22:14'),
(343, 179, '186.247.211.118', '2017-07-22 14:03:32'),
(344, 179, '200.217.116.201', '2017-07-29 23:31:18'),
(345, 8, '10.66.2.99', '2017-08-02 18:21:28'),
(346, 179, '186.247.212.13', '2017-08-03 02:08:08'),
(347, 184, '127.0.0.1', '2017-08-14 11:53:04'),
(348, 184, '127.0.0.1', '2017-08-14 11:56:42'),
(349, 184, '127.0.0.1', '2017-08-14 12:01:58'),
(350, 184, '127.0.0.1', '2017-08-14 12:22:34'),
(351, 184, '127.0.0.1', '2017-08-14 14:24:14'),
(352, 184, '127.0.0.1', '2017-08-15 14:05:52'),
(353, 184, '127.0.0.1', '2017-08-15 14:06:41'),
(354, 184, '127.0.0.1', '2017-08-15 14:08:31'),
(355, 184, '127.0.0.1', '2017-08-15 14:23:02'),
(356, 8, '127.0.0.1', '2017-08-15 14:29:20'),
(357, 184, '127.0.0.1', '2017-08-15 14:30:20'),
(358, 184, '127.0.0.1', '2017-08-15 17:14:45'),
(359, 184, '::1', '2017-08-17 14:01:07'),
(360, 184, '::1', '2017-08-17 14:35:06'),
(361, 184, '::1', '2017-08-17 17:12:26'),
(362, 184, '::1', '2017-08-18 14:06:07'),
(363, 184, '::1', '2017-08-18 16:26:01'),
(364, 184, '::1', '2017-08-24 13:50:57'),
(365, 184, '::1', '2017-08-24 15:32:02'),
(366, 184, '::1', '2017-08-24 15:37:22'),
(367, 184, '::1', '2017-08-24 15:53:45'),
(368, 184, '::1', '2017-08-24 15:55:10'),
(369, 184, '::1', '2017-08-24 16:42:58'),
(370, 184, '::1', '2017-08-24 17:23:02'),
(371, 184, '::1', '2017-08-24 17:23:08'),
(372, 184, '::1', '2017-08-28 10:21:48'),
(373, 184, '::1', '2017-08-28 11:40:03'),
(374, 184, '::1', '2017-08-29 10:23:45'),
(375, 184, '::1', '2017-08-29 10:45:09'),
(376, 184, '::1', '2017-08-29 10:47:38'),
(377, 184, '::1', '2017-08-29 11:00:41'),
(378, 184, '::1', '2017-08-29 11:02:43'),
(379, 184, '::1', '2017-08-29 11:10:12'),
(380, 184, '::1', '2017-08-29 11:47:35'),
(381, 184, '::1', '2017-08-29 16:58:22'),
(382, 184, '::1', '2017-08-29 16:58:30'),
(383, 184, '::1', '2017-08-29 17:18:30'),
(384, 184, '::1', '2017-08-30 13:53:03'),
(385, 184, '::1', '2017-08-30 13:55:26'),
(386, 184, '::1', '2017-08-30 14:53:09'),
(387, 184, '::1', '2017-08-30 14:58:34'),
(388, 184, '::1', '2017-08-30 15:20:00'),
(389, 184, '::1', '2017-08-30 15:21:30'),
(390, 184, '::1', '2017-08-31 15:22:40'),
(391, 184, '::1', '2017-09-04 09:20:55'),
(392, 184, '::1', '2017-09-04 10:14:07'),
(393, 184, '::1', '2017-09-13 17:00:53'),
(394, 184, '::1', '2017-09-13 17:06:21'),
(395, 184, '::1', '2017-09-13 17:42:56'),
(396, 184, '::1', '2017-09-19 16:41:18'),
(397, 184, '::1', '2017-09-19 16:44:03'),
(398, 184, '::1', '2017-10-06 14:32:56'),
(399, 184, '::1', '2017-10-09 10:00:29'),
(400, 184, '::1', '2017-10-09 10:34:41'),
(401, 184, '::1', '2017-10-09 16:49:56'),
(402, 184, '::1', '2017-10-09 16:51:48'),
(403, 184, '::1', '2017-10-16 19:21:39'),
(404, 184, '::1', '2017-10-16 19:22:17'),
(405, 184, '::1', '2017-10-16 19:25:47'),
(406, 184, '::1', '2017-10-16 19:30:46'),
(407, 184, '::1', '2017-10-16 19:33:04'),
(408, 184, '::1', '2017-10-16 19:38:02'),
(409, 184, '::1', '2017-10-17 10:59:11'),
(410, 184, '::1', '2017-10-17 11:07:13'),
(411, 184, '::1', '2017-10-17 12:08:44'),
(412, 184, '::1', '2017-10-17 15:26:45'),
(413, 184, '::1', '2017-10-17 19:48:50'),
(414, 184, '::1', '2017-10-17 20:28:09'),
(415, 184, '::1', '2017-10-17 20:32:04'),
(416, 184, '::1', '2017-10-25 14:58:00'),
(417, 184, '::1', '2017-10-27 17:57:17'),
(418, 184, '::1', '2017-11-10 13:44:54'),
(419, 184, '::1', '2017-11-13 18:42:00'),
(420, 184, '::1', '2017-11-27 19:25:04'),
(421, 184, '::1', '2017-11-27 19:37:00'),
(422, 184, '::1', '2017-11-27 19:50:43'),
(423, 184, '::1', '2017-11-27 20:19:07');

-- --------------------------------------------------------

--
-- Estrutura da tabela `convite`
--

CREATE TABLE `convite` (
  `id_convite` int(11) NOT NULL,
  `fk_id_pessoa` int(11) NOT NULL COMMENT 'Pessoa que envio o convite',
  `email` varchar(100) NOT NULL COMMENT 'Email de quem vai ser convidado',
  `token` varchar(255) NOT NULL,
  `validate` tinyint(1) NOT NULL,
  `falso` tinyint(1) NOT NULL,
  `data_registro` timestamp NOT NULL DEFAULT CURRENT_TIMESTAMP ON UPDATE CURRENT_TIMESTAMP,
  `data_uso` varchar(20) NOT NULL
) ENGINE=InnoDB DEFAULT CHARSET=utf8;

--
-- Extraindo dados da tabela `convite`
--

INSERT INTO `convite` (`id_convite`, `fk_id_pessoa`, `email`, `token`, `validate`, `falso`, `data_registro`, `data_uso`) VALUES
(10, 1, 'andre_30cardoso@hotmail.com', '7040a9a419676ae4ba866e0303c3dc125206d1f7', 0, 0, '2015-07-03 22:43:46', ''),
(11, 21, 'macoliveira@uesc.br', 'f4a534be02b7be4f5759fba5d58a3360f33c79ad', 1, 0, '2015-07-06 17:43:02', '');

-- --------------------------------------------------------

--
-- Estrutura da tabela `curso`
--

CREATE TABLE `curso` (
  `id_curso` int(11) NOT NULL COMMENT '	',
  `nome_cur` varchar(70) NOT NULL
) ENGINE=InnoDB DEFAULT CHARSET=utf8;

--
-- Extraindo dados da tabela `curso`
--

INSERT INTO `curso` (`id_curso`, `nome_cur`) VALUES
(1, 'Administração'),
(2, 'Agronomia'),
(3, 'Biomedicina'),
(6, 'Ciência da Computação'),
(4, 'Ciências Biológicas'),
(5, 'Ciências Contábeis'),
(23, 'Ciências Sociais'),
(7, 'Comunicação Social'),
(8, 'Direito'),
(9, 'Economia'),
(24, 'Educação Física'),
(10, 'Enfermagem'),
(11, 'Engenharia Civil'),
(12, 'Engenharia de Produção'),
(13, 'Engenharia Elétrica'),
(14, 'Engenharia Mecânica'),
(15, 'Engenharia Química'),
(25, 'Filosofia'),
(16, 'Física'),
(17, 'Geografia'),
(26, 'História'),
(27, 'Letras'),
(18, 'Línguas Estrangeiras Aplicadas - LEA'),
(21, 'Matemática'),
(19, 'Medicina'),
(20, 'Medicina Veterinária'),
(29, 'Outro'),
(28, 'Pedagogia'),
(22, 'Química');

-- --------------------------------------------------------

--
-- Estrutura da tabela `departamento`
--

CREATE TABLE `departamento` (
  `id_departamento` int(11) NOT NULL,
  `nome_dpt` varchar(70) NOT NULL
) ENGINE=InnoDB DEFAULT CHARSET=utf8;

--
-- Extraindo dados da tabela `departamento`
--

INSERT INTO `departamento` (`id_departamento`, `nome_dpt`) VALUES
(2, 'DCAA - Departamento de Ciências Agrárias e Ambientais'),
(3, 'DCAC - Departamento de Administração e Ciências Contábeis'),
(4, 'DCB - Departamento de Ciências Biológicas'),
(5, 'DCEC - Departamento de Ciências Econômicas'),
(6, 'DCET - Departamento de Ciências Exatas e Tecnológicas'),
(7, 'DCIE - Departamento de Ciências da Educação'),
(9, 'DCIJUR - Departamento de Ciências Jurídicas'),
(8, 'DCS - Departamento de Ciências da Saúde'),
(10, 'DFCH - Departamento de Filosofia e Ciências Humanas'),
(11, 'DLA - Departamento de Letras e Artes'),
(1, 'Outro');

-- --------------------------------------------------------

--
-- Estrutura da tabela `equipamento`
--

CREATE TABLE `equipamento` (
  `id_equipamento` int(11) NOT NULL,
  `nome_eqp` varchar(100) NOT NULL,
  `fabricante_eqp` varchar(100) NOT NULL,
  `quantidade_eqp` int(11) NOT NULL,
  `especificacao_eqp` text NOT NULL,
  `descricao_eqp` text NOT NULL,
  `ativo_eqp` int(11) NOT NULL DEFAULT '1',
  `last_modified_eqp` timestamp NOT NULL DEFAULT CURRENT_TIMESTAMP ON UPDATE CURRENT_TIMESTAMP
) ENGINE=InnoDB DEFAULT CHARSET=utf8;

--
-- Extraindo dados da tabela `equipamento`
--

INSERT INTO `equipamento` (`id_equipamento`, `nome_eqp`, `fabricante_eqp`, `quantidade_eqp`, `especificacao_eqp`, `descricao_eqp`, `ativo_eqp`, `last_modified_eqp`) VALUES
(2, 'Estufa De Incubação', 'ELETROlab', 1, '', 'Atinge a temperatura de até 37ºC.', 1, '2016-03-18 00:13:14'),
(3, 'Centrífuga Refrigerada', 'HANIL', 1, '', 'Funciona entre temperaturas de 4 a 25ºC.', 1, '2016-03-18 00:13:14'),
(4, 'Lavador De Placa De Elisa', 'Datamed - Thermo Scientific', 1, '', '', 1, '2016-03-18 00:13:14'),
(5, 'Termociclador ', 'Eppendorf', 1, '', 'Utilizado em  reações PCR', 1, '2016-03-18 00:13:14'),
(6, 'Termociclador', 'Eppendorf', 1, 'Visor digital, mais atual.', '', 1, '2016-03-18 00:13:14'),
(7, 'Cuba Para DGGE', 'Bio-Rad', 1, 'Dcode - Universal Mutation Detection System', '', 1, '2016-03-18 00:13:14'),
(8, 'Centrífuga Mini-spin', 'Eppendorf', 1, 'Mini-spin', '', 1, '2016-03-18 00:13:14'),
(9, ' Espectofotômetro', 'Thermo Scientific', 1, 'Evolution 60', '', 1, '2016-03-18 00:13:14'),
(10, ' Balança Semi-analítica', 'TECNAL', 1, 'Até 03 casas decimais', '', 1, '2016-03-18 00:13:14'),
(11, 'Cromatógrafo', 'Shimadzu', 1, 'GC-2010', '', 1, '2016-03-18 00:13:14'),
(12, 'Agitador De Tubos', 'Phoenix', 1, 'AP 56', '', 1, '2016-03-18 00:13:14'),
(13, 'Shaker (Agitador) De Placa', 'Biomixer', 1, 'TS-200A VDRL SHAKER', '', 1, '2016-03-18 00:13:14'),
(14, 'Microfiltrador Pressurizada', 'PAM', 1, '', 'Equipamento utilizado para clarificação da cerveja.', 1, '2016-03-18 00:13:14'),
(15, 'Gerador De Corrente', 'Iminipa', 1, '', '', 1, '2016-03-18 00:13:14'),
(16, 'Balança', 'Sartorius', 1, '', '', 1, '2016-03-18 00:13:14'),
(17, 'Dessecador', 'J Prolab', 1, '', '', 1, '2016-03-18 00:13:14'),
(18, 'Panela Para Banho Maria', 'FISOTOM', 1, '', '', 1, '2016-03-18 00:13:14'),
(19, 'Deionizador De água E Reservatório De 10L', ' Lucadema Científica', 1, '', '', 1, '2016-03-18 00:13:14'),
(20, 'Potenciostato Galvanostato', 'Autolar', 1, '', 'Gerador de gráficos.', 1, '2016-03-18 00:13:14'),
(21, 'Lixadeira Politriz', 'Fortel', 1, '', 'Utilizada para lixar polímeros, as lixas podem ser substituídas a depender do material a ser lixado.', 1, '2016-03-18 00:13:14'),
(22, 'Ensaio De Impacto', 'Pannanteo ATMI', 1, '', '', 1, '2016-03-18 00:13:14'),
(23, 'Prensa Hidráulica Com Aquecimento', 'SOLAB', 1, '', '', 1, '2016-03-18 00:13:14'),
(24, 'Durômetros', 'Durotest', 2, '', 'São utilizados para ensaio de dureza manual.', 1, '2016-03-18 00:13:14'),
(25, 'Durômetro', 'Mitutoyo', 1, '', 'Utilizado para ensaio de dureza automático.', 1, '2016-03-18 00:13:14'),
(26, 'Raio X', 'Limpsonic', 1, 'Sistema de limpeza por ultrassom', '', 1, '2016-03-18 00:13:14'),
(27, 'Extrusora Monorosca', 'Plastimax', 1, 'Equipamento destinado a extrusão e granulação de material termoplástico (PVC rígido no estado de pó), na fabricação de tubos, perfis e compostos.							\n							\n							\n							\n', 'Alta capacidade de produção; unidade de plastificação dotada de rosca com geometria específica para cada termoplástico a que se destina; cilindro e rosca nitretados; resfriamento do cilindro por ar soprado; mancal axial e redutor robustos; alimentação gravitacional com válvula gaveta; resfriamento por água na zona de alimentação, garantindo eficiente transporte material; acionamento por motor corrente alternada com inversor de freqüência; comando micro processado, CLP ou PC Industrial.							\n							\n							\n							\n', 1, '2016-03-18 00:13:14'),
(28, 'Moinho', 'RONE', 1, '', 'Próprio para partículas maiores.', 1, '2016-03-18 00:13:14'),
(29, 'Moinho De Faca', 'SP Labor', 1, '', 'Próprio para partículas menores.', 1, '2016-03-18 00:13:14'),
(30, 'Guilhotina', 'SOMAR', 1, '', '', 1, '2016-03-18 00:13:14'),
(31, 'Misturador', ' Quimis', 1, '', '', 1, '2016-03-18 00:13:14'),
(32, 'Misturador', ' Fisatom', 1, '', '', 1, '2016-03-18 00:13:14'),
(33, 'Balança', 'Marte', 1, '', '', 1, '2016-03-18 00:13:14'),
(34, 'Centrífuga Refrigerada', 'Eppendorf', 1, 'Centrifuge 5417 R', '', 1, '2016-03-18 00:13:14'),
(35, 'Speedvac', 'Eppendorf', 1, 'Concentrador 5301', '', 1, '2016-03-18 00:13:14'),
(36, 'Espectrômetro De Massas (Q-tof)', 'Waters', 1, 'Um espectrômetro de massas com alta resolução e exatidão de massa. Possui um quadrupolo como “filtro de massa” e uma célula de colisão para experimentos de MS/MS, que proporciona uma maior exatidão e confiabilidade de massa na fragmentação de íons e nos resultados de procura em banco de dados.', 'Fonte de ionização por ESI e nano-ESI; resolução 5.000 nos modos MS e MS/MS; exatidão de 5 ppm nos modos MS e MS/MS; sistema nanoACQUITY UPLC acoplado', 1, '2016-03-18 00:13:14'),
(37, 'Banho Maria', 'Fisher Scientific', 1, 'Isotemp 110', '', 1, '2016-03-18 00:13:14'),
(38, 'MiniSpin', 'Eppendorf', 1, 'Speed 1000x', '', 1, '2016-03-18 00:13:14'),
(39, 'Image Scanner', 'GE', 1, '', 'Utilizado para fitografar gel de proteína.', 1, '2016-03-18 00:13:14'),
(40, 'Capela De Fluxo Laminar Vertical', 'Pachane', 1, '', 'Utilizado para manipular fluidos biológicos.', 1, '2016-03-18 00:13:14'),
(41, 'Cromatografia Líquida De Alta Eficiência HPLC', 'GE', 1, 'Os componentes de um cromatógrafo líquido são: bomba, coluna cromatográfica, detector e o registrador.', 'Equipamento importante que consegue separar misturas com compostos similares. Apresenta como vantagens a alta velocidade, pressão, desempenho, resolução, eficiência e detectabilidade.', 1, '2016-03-18 00:13:14'),
(42, 'Liofilizador', 'Labconco', 1, '', 'Utilizado para desidratação de materiais - plantas, fluidos, etc', 1, '2016-03-18 00:13:14'),
(43, 'Auto Clave Vestical', 'Phoenix', 1, '', '', 1, '2016-03-18 00:13:14'),
(44, 'Cabine De Segurança Biológica', 'Filterflux', 1, '', '', 1, '2016-03-18 00:13:14'),
(45, 'Estufa BOD', 'Tecnal / Cientec', 4, '', '', 1, '2016-03-18 00:13:14'),
(46, 'Cientrífuga', 'Thermo Cientific', 1, '', '', 1, '2016-03-18 00:13:14'),
(47, 'Banho Maria Ultratermostático', 'Thermo Cieentific', 1, '', '', 1, '2016-03-18 00:13:14'),
(49, 'Balança', 'Digimed', 1, '', '', 1, '2016-03-18 00:13:14'),
(50, 'Barrilete E Destilador De água', 'QUIMIS', 1, '', '', 1, '2016-03-18 00:13:14'),
(51, 'Microondas', 'Electrolux', 1, '', '', 1, '2016-03-18 00:13:14'),
(52, 'Estufa De Esterilização E Secagem', 'FANEM / Logen', 2, '', '', 1, '2016-03-18 00:13:14'),
(53, 'Stomacher ', ' Stomax', 1, '', 'Homogeneizador de amostras', 1, '2016-03-18 00:13:14'),
(54, 'Contador De Colônias', 'Phoenix', 1, '', '', 1, '2016-03-18 00:13:14'),
(55, 'Espectrofotômetro', 'BEL', 1, '', '', 1, '2016-03-18 00:13:14'),
(56, 'Agitador De Tubos', 'Phoenix / Logen', 2, 'Vortex', '', 1, '2016-03-18 00:13:14'),
(57, 'Agitadora Com Aquecimento', 'Solab / Fisatom', 2, '', '', 1, '2016-03-18 00:13:14'),
(58, 'Phmetro', 'Hanna Brasil', 1, '', '', 1, '2016-03-18 00:13:14'),
(59, 'Centrífuga Para Eppendorf ', 'Enpedorff', 1, '', 'Também chamado de mini spin.', 1, '2016-03-18 00:13:14'),
(60, 'Microscópio', 'Leica / Nikon', 2, '', '', 1, '2016-03-18 00:13:14'),
(61, ' Incubadora Shaker', 'Abclabor / Cientec', 5, '', '', 1, '2016-03-18 00:13:14'),
(62, 'Câmara Para Germinação', 'SOLAB', 1, 'Existência de fotoperíodo.', '', 1, '2016-03-18 00:13:14'),
(63, 'Ultrafreezer Vertical', 'Panasonic/Sanyo', 2, 'Chega a temperatura de -180º C.', '', 1, '2016-03-18 00:13:14'),
(64, 'No Break', 'SMS', 1, '', '', 1, '2016-03-18 00:13:14'),
(65, 'Seladora', 'BREY', 2, '', '', 1, '2016-03-18 00:13:14'),
(66, 'Despoupadeira', 'Itametal', 2, '', '', 1, '2016-03-18 00:13:14'),
(67, 'Liquidificador Industrial', 'Metvisa', 2, '', '', 1, '2016-03-18 00:13:14'),
(68, 'Fogão Industrial', 'Venâncio Metalúrgica', 1, '', '', 1, '2016-03-18 00:13:14'),
(69, 'Tanque De Fermentação', 'Redutores IBR', 1, '', '', 1, '2016-03-18 00:13:14'),
(70, 'Tanque De Aquecimento Com Agitação', 'Tecnint - Equipamentos Industriais', 2, '', '', 1, '2016-03-18 00:13:14'),
(71, 'Tanque Para Queijo', 'Etiel', 1, 'Capacidade de 100L', '', 1, '2016-03-18 00:13:14'),
(72, 'Iogurteira Elétrica ', 'West Equipamentos', 1, 'Capacidade de 100L com aquecimento a vapor.', '', 1, '2016-03-18 00:13:14'),
(73, 'Defumador / Desidratador Comercial', 'Defumax', 1, 'Capacidade de 50kg.', '', 1, '2016-03-18 00:13:14'),
(74, 'Desidratador', 'Defumax', 1, '', '', 1, '2016-03-18 00:13:14'),
(75, 'Forno Elétrico', 'Suggar', 1, '', '', 1, '2016-03-18 00:13:14'),
(76, 'Canhão Manual Para Encher Linguiça', 'Metvisa', 1, '', '', 1, '2016-03-18 00:13:14'),
(77, 'Moedor De Carne', 'Metalurgica 7000', 1, '', '', 1, '2016-03-18 00:13:14'),
(78, 'Múfula', 'Splabor', 1, '', '', 1, '2016-03-18 00:13:14'),
(79, 'Câmara De Refrigeração', 'Alaska', 1, 'Atinge temperatura de até 0ºC.', '', 1, '2016-03-18 00:13:14'),
(80, 'Câmara De Congelamento', 'Dânica', 1, '', '', 1, '2016-03-18 00:13:14'),
(81, 'Caldeira', 'Não Informado', 1, '', '', 1, '2016-03-18 00:13:14'),
(82, 'Determinador De Gordura', 'Tecnal', 2, '', '', 1, '2016-03-18 00:13:14'),
(83, ' Extrator De Gordura', 'ANKOM', 1, '', '', 1, '2016-03-18 00:13:14'),
(84, 'Espectrofotômetro', 'Biochrom', 1, '', '', 1, '2016-03-18 00:13:14'),
(85, 'Autoclave Vertical', 'Prismatec', 1, '', '', 1, '2016-03-18 00:13:14'),
(86, 'Destilador De Nitrogênio', 'Tecnal', 2, '', '', 1, '2016-03-18 00:13:14'),
(87, 'Estufa Com Ventilação Forçada', ' Marconi', 1, '', '', 1, '2016-03-18 00:13:14'),
(88, 'Forno Mufla', 'Biothec', 2, '', '', 1, '2016-03-18 00:13:14'),
(89, 'Banho Maria', 'Solab / Tecnal', 2, '', '', 1, '2016-03-18 00:13:14'),
(90, 'Capela', 'Não Informado', 1, '', '', 1, '2016-03-18 00:13:14'),
(91, 'Bloco Digestor', 'Não Informado', 1, '', '', 1, '2016-03-18 00:13:14'),
(92, 'Estufa Sem Ventilação', 'Nova Técnica', 2, '', '', 1, '2016-03-18 00:13:14'),
(93, 'Osmose Reversa', 'Water Quality', 1, '', '', 1, '2016-03-18 00:13:14'),
(94, 'Balança', 'Marte / Shimadzu / BEL', 3, '', '', 1, '2016-03-18 00:13:14'),
(95, 'Chapa Aquecedora', 'Tecnal', 1, '', '', 1, '2016-03-18 00:13:14'),
(96, 'Miscroscópio óptico', 'Olympus', 1, ' BX51 - até 1000x', '', 1, '2016-03-18 00:13:14'),
(97, 'Microscópio óptico ', 'Leica', 1, 'DMR A2.', '', 1, '2016-03-18 00:13:14'),
(98, 'Centrífuga ', 'SISLab/Twister', 1, '', '', 1, '2016-03-18 00:13:14'),
(99, 'Termociclador', ' Applied Systems', 1, 'Veriti 96Well thermal cycler.', '', 1, '2016-03-18 00:13:14'),
(100, 'Centrífuga', 'Eppendorf', 1, 'Centrifuge 5424.', '', 1, '2016-03-18 00:13:14'),
(101, 'Banho Maria (water Bath)', 'FANEM', 1, 'Model 1100', '', 1, '2016-03-18 00:13:14'),
(102, 'Centrífuga Mini Spin', 'Eppendorf', 1, '', '', 1, '2016-03-18 00:13:14'),
(103, 'Balança Analítica', ' TECNAL', 1, 'AW220 até 4 casas decimais.', '', 1, '2016-03-18 00:13:14'),
(104, 'Incubadora Agitadora', 'MARCONI', 1, ' MA-420.', '', 1, '2016-03-18 00:13:14'),
(105, 'Microscópio Óptico', 'Olympus', 2, 'CX 41', '', 1, '2016-03-18 00:13:14'),
(106, 'Microscópio Óptico', ' Olympus', 1, 'PM6', '', 1, '2016-03-18 00:13:14'),
(107, 'Microscópio Óptico', 'Olympus', 1, ' BX40', '', 1, '2016-03-18 00:13:14'),
(108, 'Microscópio Óptico', 'Zeiss', 1, 'Axostar Plus.', '', 1, '2016-03-18 00:13:14'),
(109, ' Q-PCR', 'Agilent Technologies', 2, 'Stratagene Mx3005P.', 'Análise de expressão de proteínas em tempo real.', 1, '2016-03-18 00:13:14'),
(110, 'Espectrofotômetro De Placas', 'Molecular Devices', 1, 'SpectraMax Paradigm - Multi mode detection platform.', 'Utilizado para quantificar e analisar de reações enzimáticas.', 1, '2016-03-18 00:13:14'),
(111, 'Capela De Fluxo Laminar ', 'Biostation', 1, '', '', 1, '2016-03-18 00:13:14'),
(112, ' Balança Analítica', 'Denver Instrument', 1, '', '', 1, '2016-03-18 00:13:14'),
(113, ' Mini Spin', 'Eppendorf', 1, '', '', 1, '2016-03-18 00:13:14'),
(114, 'Capela De Fluxo Laminar Vertical', 'Pachane', 1, '', '', 1, '2016-03-18 00:13:14'),
(115, ' Agitador Magnético E Placa Aquecedora', ' Fisher Scientific', 1, '', '', 1, '2016-03-18 00:13:14'),
(116, ' Vortex Mixer', 'Fisher Scientific', 1, '', 'Mistura de substâncias', 1, '2016-03-18 00:13:14'),
(117, 'Banho Maria', 'Tecnal', 1, 'Te 2005 -  Banho termostático.', '', 1, '2016-03-18 00:13:14'),
(118, 'Cuba De Corrida De Gel De Proteínas', 'HOEFER', 1, '', '', 1, '2016-03-18 00:13:14'),
(119, 'Centrífuga Refrigerada ', 'Eppendorf', 1, 'Eppendorf 5804R.', 'Rotor eppendorf F-34-6-38 6x125g (capacidade maxima de 6x50mL);Rotor eppendorf F-45-30-11 30x3,75g (capacidade maxima de 30x2,0mL);Rotor eppendorf A-2-DWP 2x1,01g (capacidade maxima de 2 placas/96poços);Rotor eppendorf A-4-44 4x0,6g (capacidade maxima de 4x50mL, ou 16x15mL)\n', 1, '2016-03-18 00:13:14'),
(120, 'Cabine De Segurança Biológica ', 'Pachane', 1, 'Com Lâmpada fluorescente; lâmpada UV; motor de exaustão.', '', 1, '2016-03-18 00:13:14'),
(121, 'Leitor Elisa', 'Molecular Devices', 1, '', 'Utilizado para teste elisa.', 1, '2016-03-18 00:13:14'),
(122, 'Citômetro De Fluxos', 'Beckaman Coulter ', 1, 'Cytomics FC 500.', 'Serve para fazer contagem de célular a partir de marcadores utilizados previamente.', 1, '2016-03-18 00:13:14'),
(123, 'Microscópio', 'Não Informado', 2, '', '', 1, '2016-03-18 00:13:14'),
(124, ' Micro Centrífuga', 'Thermo Cientific ', 1, 'Para tubos de 2ml.', '', 1, '2016-03-18 00:13:14'),
(125, 'Capela De Gás Carbônico', 'Sanyo', 1, '', '', 1, '2016-03-18 00:13:14'),
(126, 'Capela De Fluxo Laminar ', 'BioSeg', 1, '', '', 1, '2016-03-18 00:13:14'),
(127, 'Ultra Centrífuga ', ' Beckman Coulter', 1, '', 'Usada em rotações mais elevadas e para maior volume de amostras, é refrigerada.', 1, '2016-03-18 00:13:14'),
(128, 'Shaker ', 'Não Informado', 1, '', ' Incubar amostras em agitação, controlando a temperatura e agitação.', 1, '2016-03-18 00:13:14'),
(129, 'Centrífuga', 'Eppendorf', 1, ' Centrifuge 5810 R.', '', 1, '2016-03-18 00:13:14'),
(130, 'Termociclador', 'Applied Biosystems', 3, 'GeneAmp PCR System 9700', '', 1, '2016-03-18 00:13:14'),
(131, 'Termociclador Prime', 'Techne', 1, '', '', 1, '2016-03-18 00:13:14'),
(132, 'Termociclador', 'BIOER', 1, 'Life PRO Thermal Cycler.', '', 1, '2016-03-18 00:13:14'),
(133, 'Agitador De Tubos ', 'Phoenix', 1, 'AP56', '', 1, '2016-03-18 00:13:14'),
(134, 'Sequenciador - Analisador Genetic', ' Applied Biosystem', 1, '3500 Genetic Analizer.', '', 1, '2016-03-18 00:13:14'),
(136, 'Centrífuga Mini Spin', 'Eppendorf', 1, 'Speed x1000.', '', 1, '2016-03-18 00:13:14'),
(137, 'Banho Maria', 'VWR Scientific Products', 1, 'Model 1202 water bath; até 100ºC', '', 1, '2016-03-18 00:13:14'),
(138, 'Geladeira', 'Continental ', 1, '378 Litros', '', 1, '2016-03-18 00:13:14'),
(139, 'Freezer ', 'Consul', 1, '342 Litros', '', 1, '2016-03-18 00:13:14'),
(140, 'Balança Analítica ', 'BEL MAKEK', 1, 'Quatro casa decimais', '', 1, '2016-03-18 00:13:14'),
(141, 'Balança Micro Analítica', 'Shimadzu Uniblock', 1, 'Cinco casa decimais', '', 1, '2016-03-18 00:13:14'),
(142, 'Balança Semi Analítica ', 'JH2102- Bioprecisa', 1, 'Duas casas decimais', '', 1, '2016-03-18 00:13:14'),
(143, 'Centrifuga SL 700', 'Solab', 1, '', '', 1, '2016-03-18 00:13:14'),
(144, 'Agitador Magnético', 'SOLAB', 1, '', '', 1, '2016-03-18 00:13:14'),
(145, 'Estufa De Esterilização E Secagem', 'Stre', 1, '', '', 1, '2016-03-18 00:13:14'),
(146, 'Bloco Digestor', 'SOLAB', 2, '40 cavidades', 'Utilizado para processo de aquecimento para digestão das amostras.', 1, '2016-03-18 00:13:14'),
(147, 'Liofilizador', 'Liotop', 1, '', 'Retirar umidade da amostra: processo de secagem.', 1, '2016-03-18 00:13:14'),
(148, 'Destilador De ácido', 'Distillacid', 1, '', 'Produção de ácido ultrapuro (sub-boiling).', 1, '2016-03-18 00:13:14'),
(149, 'Estufa De Esterilização E Secagem', 'Odontobras', 1, '', 'Estufa de esterilização e secagem de materiais.', 1, '2016-03-18 00:13:14'),
(150, 'Microscópio Optico', 'Leica', 3, '', '', 1, '2016-03-18 00:13:14'),
(151, 'Lupa Esteroscópica', 'Leica', 3, '', '', 1, '2016-03-18 00:13:14'),
(152, 'Ultra Freezer ', 'COLDLAB', 1, 'CL374-86V', 'Guardar materiais em uma temperatura extremamente baixa. Normalmente programado para -80ºC.', 1, '2016-03-18 00:13:14'),
(153, 'Centrífuga Excelsa II', 'FANEM', 1, '', 'Utilizada para centrifugar - utilizada para separação de amostras por diferença de densidade por meio de rotação elevada por minuto.', 1, '2016-03-18 00:13:14'),
(154, 'Centrífuga ', 'Novatécnica', 1, 'NT820', '', 1, '2016-03-18 00:13:14'),
(155, 'Estufa', 'Quimis', 1, '', '', 1, '2016-03-18 00:13:14'),
(156, 'Mesa Agitadora', 'Tecnal', 1, 'TE 1401', '', 1, '2016-03-18 00:13:14'),
(157, 'Autoclave Vertical ', 'PRISMATEK', 2, '48 Litros', '', 1, '2016-03-18 00:13:14'),
(158, 'Autoclave Vertical ', 'Fenix', 1, '75 Litros', 'Esterilização de Materiais', 1, '2016-03-18 00:13:14'),
(159, 'Estufa B.O D', 'Quimis', 2, '', '', 1, '2016-03-18 00:13:14'),
(160, 'Célula De Eletroforese', 'Xxx', 1, '', '', 1, '2016-03-18 00:13:14'),
(161, 'PHgâmetro', 'Xxx', 2, '', '', 1, '2016-03-18 00:13:14'),
(162, 'Agitador De Soluções', 'PHOENIX', 1, 'AP56', '', 1, '2016-03-18 00:13:14'),
(163, 'Agitador E Aquecedor De Soluções', 'FANEM', 1, '', '', 1, '2016-03-18 00:13:14'),
(164, 'Cuba De RNA', 'Loccus', 1, '', '', 1, '2016-03-18 00:13:14'),
(165, 'Agitador Magnético E Placa Aquecedora', ' CIENTEC', 1, '', '', 1, '2016-03-18 00:13:14'),
(166, 'Phmetro', 'Jenway', 1, '', 'Aferição de pH.', 1, '2016-03-18 00:13:14'),
(167, 'Mini Spin', 'Eppendorf', 2, '', '', 1, '2016-03-18 00:13:14'),
(168, 'Shaker - Agitador', 'Tecnal', 3, '', '', 1, '2016-03-18 00:13:14'),
(169, 'Capela De Fluxo Laminar', 'AeroFlux', 1, '', '', 1, '2016-03-18 00:13:14'),
(170, 'Sala De Crescimento De Plantas', 'Não Informado', 1, '', '', 1, '2016-03-18 00:13:14'),
(171, 'Banho Maria', 'Nova Ética', 2, 'Até 100ºC.', '', 1, '2016-03-18 00:13:14'),
(172, 'Placas Aquecedoras Com Agitador Magnético', 'Não Informado', 2, 'C-MAG HS4.', '', 1, '2016-03-18 00:13:14'),
(173, 'Balança Semi-analítica', 'Shimadzu', 1, 'Até 03 casas decimais.', '', 1, '2016-03-18 00:13:14'),
(174, 'Espectrômetro', 'Pró-análise', 1, 'v-1600.', 'Faz leitura de colorimetria de substâncias.', 1, '2016-03-18 00:13:14'),
(175, 'Lavadora Ultra-sônica', 'Unique', 1, '', '', 1, '2016-03-18 00:13:14'),
(176, 'Microscópio óptico', 'Zeiss', 1, 'Até 100x. ', '', 1, '2016-03-18 00:13:14'),
(177, 'Microscópio Óptico', 'Olympus', 1, '100x', '', 1, '2016-03-18 00:13:14'),
(178, 'Mini Spin - Centrífuga', 'Eppendorf', 2, 'Speed 1000x.', '', 1, '2016-03-18 00:13:14'),
(179, ' Rota A Vapor', ' Ika-werke', 1, 'HB4 basic; temperatura ate 225ºC.', 'Utilizado para concentração de substâncias, separação de compostos por temperatura.', 1, '2016-03-18 00:13:14'),
(180, 'Termociclador', 'Eppendorf', 1, 'Mastercycler gradient.', '', 1, '2016-03-18 00:13:14'),
(181, 'Cuba De Eletroforese', 'PWSys', 2, 'PW300', '', 1, '2016-03-18 00:13:14'),
(182, 'FT-NIR - Espectrômetro', 'PerkinElmer', 1, 'Spectrum 400', '', 1, '2016-03-18 00:13:14'),
(183, 'Estufa De Esterilização E Secagem', 'Odontobras', 1, ' Até 280ºC.', '', 1, '2016-03-18 00:13:14'),
(184, 'Microscópio ', 'Diagtech ', 1, '', '', 1, '2016-03-18 00:13:14'),
(185, 'Balança Analítica ', 'Shimadzu ', 1, 'AVY 220', '', 1, '2016-03-18 00:13:14'),
(186, 'Lupa', 'Physis', 1, '', '', 1, '2016-03-18 00:13:14'),
(187, 'Criofixador', 'Leica', 1, '', 'Utilizados em processos de criofraturas (cortes em peças congeladas).', 1, '2016-03-18 00:13:14'),
(188, 'Cilindro Para Armazenamento De Nitrogênio', 'Não Informado', 1, '', 'Dá suporte ao criofixador.', 1, '2016-03-18 00:13:14'),
(189, 'Agitador Rotativo', 'Fine PCR', 1, '', '', 1, '2016-03-18 00:13:14'),
(190, 'Refrigeradores', 'Consul / Bosh ', 4, '', ' Armazenam reagentes, soluções e experimentos dos alunos e professores que trabalham no laboratório.', 1, '2016-03-18 00:13:14'),
(191, 'Dessecador', 'Phox', 3, '', 'Evita o acúmulo de líquidos.', 1, '2016-03-18 00:13:14'),
(192, 'Estufa', 'QUIMIS', 1, '', '', 1, '2016-03-18 00:13:14'),
(193, ' Microscópio Confocal LSM700', 'Zeiss', 1, 'O divisor de feixe VSD permite a imagem espectral: divide a luz de emissão com1 nm de tamanho entre os dois detectores do LSM 700. Módulo de foco opcional.\"Definite focus\" controles posicionamento Z. Pinhole de precisão, com abertura totalmente motorizada e posicionamento que se adapta à iluminação e ao comprimento de onda de detecção.', ' Microscópio confocal com hardware totalmente automatizado.', 1, '2016-03-18 00:13:14'),
(194, 'Microscópio Com Sistema Multiobservador', 'Leica', 1, 'DMI3000', 'Utiliza lâmina invertida. Software utilizado LAS4.1', 1, '2016-03-18 00:13:14'),
(195, 'Microscópio Com Sistema Multiobservador', 'Leica', 1, 'Câmara clara,conjunto de anéis de fase PHI1, PH2 e PH3, objetivas planacromáticas fluorita de 10x, 20x, semiapocromáticas fluorita de 40x, 63x, 100x–PH3, primas para contraste interferêncial tipos D, E, K3, K4, eixo óptico, lâmpada de mercúrio, cubos para fluorescência A4, L5, câmera digital Leica DFC310FXD.', 'Microscópio trinocular com tubo trinocular DM2500', 1, '2016-03-18 00:13:14'),
(196, 'APARELHO PARA METALIZAÇÃO', 'BAL-TEC', 1, 'Bal-Tec, modelo SCD-050', 'Metalização com diversos alvos metálicos com medição de espessura da camada metalizada. Evaporação de metais por elemento resistivo. Metalização com carbono. Porta-amostras para múltiplas amostras, porta-amostras planetário.', 1, '2016-03-18 00:13:14'),
(197, 'Ponto Crítico', 'BAL-TEC', 1, 'CPD 030', '', 1, '2016-03-18 00:13:14'),
(198, 'Trim Leica M10', 'Leica', 1, '', 'Tem a função de debastar blocos (preparo de amostras para o utlramicrótomo)', 1, '2016-03-18 00:13:14'),
(199, ' Microscópio Eletrônico De Varredura ', 'FEI Company', 1, 'Microscópio eletrônico de varredura tensão entre 1 - 30 kV, equipado com Peltier para resfriamento de amostra (modo ambiental) e “beam decelerator”. Capaz de trabalhar em alto ( 10-2 a 10-4 Pa), baixo vácuo ( 10 a 130 Pa) e em modo ambiental (10 a 400 Pa), permitindo a observação de materiais não-condutores e/ou hidratados, minimizando os procedimentos de preparo de amostras. Possui detector de raios-X para microanálise e mapeamento de elétrons, e diferentes detectores de elétrons retroespalhados (back-scattered) e secundários.', 'Microscópio eletrônico de varredura Quanta 250 capaz de produzir imagens de alta resolução da superfície de uma amostra..', 1, '2016-03-18 00:13:14'),
(200, 'Microscópio Eletrônico De Transmissão', 'FEI Company', 1, 'O microscópio eletrônico de transmissão (MET) modelo Morgani 268D (FEI Company) instalado no CME da UESC permite a observação e análise de amostras biológicas e não biológicas. O MET Morgagni possui resolução de até 0,45 nm com distância focal de 1,6 mm. O filamento de tungstênio e construção do aparelho permitem voltagens variando de 40 a 100 kV. O equipamento possui uma câmera CCD para aquisição de imagens digitais que são gravadas em CD o qual é entregue ao pesquisador. O microscópio é totalmente microprocessado com comandos para controle do estágio, aumento, foco e difração. O maior aumento obtido é de 180.000 X sendo o equipamento indicado para estudo de processos biológicos celulares.', 'Microscópio Eletrônico de Transmissão (MET) Morgagni 268D. É um MET microprocessado e controlado através de plataforma Windows, equipado com câmera CCD. O MET permite estudos ultra-estruturais de materiais biológicos e não biológicos com aplicações, principalmente, nas áreas das Ciências Agronômicas, Biológicas, Saúde e Exatas.', 1, '2016-03-18 00:13:14'),
(201, 'CRIOULTRAMICRÓTOMO', 'Leica', 1, 'Uso na obtenção de cortes semi e ultra-finos e cortes em baixa temperatura (-15 ° C a -185 ° C). A câmara EM FC6 é montada para o chassi do micrótomo e possui iluminação câmara interna de LED que proporciona visualização da amostra.', 'Cortes semi finos nos blocos para triagem do material, e cortes ultra finos para microscopia.', 1, '2016-03-18 00:13:14'),
(202, 'Microscópio', 'Leica', 1, '', '', 1, '2016-03-18 00:13:14'),
(203, 'Microscópio', 'Olympus', 1, '', '', 1, '2016-03-18 00:13:14'),
(204, 'Microscópio', 'Olympus', 1, '', '', 1, '2016-03-18 00:13:14'),
(205, 'Lupa', 'OPTON', 1, '', '', 1, '2016-03-18 00:13:14'),
(206, 'Lupa', 'PHYSIS', 1, '', '', 1, '2016-03-18 00:13:14'),
(207, 'Lupa', 'Tecnival', 1, '', '', 1, '2016-03-18 00:13:14'),
(208, 'Estufa', 'NEVONI', 1, '', '', 1, '2016-03-18 00:13:14'),
(209, 'Estufa', 'Olympus', 1, '', '', 1, '2016-03-18 00:13:14'),
(210, 'Estufa', 'Orion', 1, '', '', 1, '2016-03-18 00:13:14'),
(211, 'Capela', 'Cplast', 1, '', '', 1, '2016-03-18 00:13:14'),
(212, 'Freezer', 'Consul', 1, '', '', 1, '2016-03-18 00:13:14'),
(213, 'Geladeira', 'Consul', 2, '', '', 1, '2016-03-18 00:13:14'),
(214, ' Bomba De Vácuo', 'Fabbe Primar', 1, '', '', 1, '2016-03-18 00:13:14'),
(215, ' Laminário', 'ELKA', 1, '', '', 1, '2016-03-18 00:13:14'),
(216, 'Banho Maria', 'Bioeng', 1, '', '', 1, '2016-03-18 00:13:14'),
(217, 'Micrótomo', 'Leica', 1, '', '', 1, '2016-03-18 00:13:14'),
(219, 'Chapa Aquecedora', 'Nova Ética', 1, '', '', 1, '2016-03-18 00:13:14'),
(220, 'Micrótomo', 'Leica', 1, '', '', 1, '2016-03-18 00:13:14'),
(221, 'Microscópio', 'Zeiss', 1, '', '', 1, '2016-03-18 00:13:14'),
(222, 'Balança Analítica', 'Shimadzu / BEL', 2, '', '', 1, '2016-03-18 00:13:14'),
(223, 'Impressora 3D CubeX Duo', 'CubeX Duo', 1, 'Resolução máxima em preto: 15cm³ / Resolução máxima em cores: 15cm³. Velocidade de Impressão em Preto: 15cm³ por segundo / Velocidade de Impressão em Cores: 15cm³ por segundo. 						', 'A impressora 3D CubeX Duo é uma tecnologia que permite a impressão de modelos em até 18 cores disponíveis em insumos de plástico de tipo ABS e PLA. Conta com um espaço tridimensional de impressão de modelos em até 275 x 265 x 240 mm cúbico. O seu painel é touchscreen. O acesso aos modelos ocorre via conexão USB ou ligação direta ao computador via cabo de fácil instalação. Possui uma alta velocidade de impressão e até duas cabeças (razão do nome deste modelo). A CubeX acompanha um software de Design 3D, o Cubify Invent, compatível com Windows e Mac. Os modelos desenvolvidos com este software, ou com outros como o Maple (software de Matemática avançada) devem ser convertidos para modelos de extensão stl, configurados no software CubeX System para que sejam reconhecido pela impressões 3D. ', 1, '2016-10-24 23:07:41'),
(224, ' RF Sputtering - Evaporadora PV600 ', 'Prest Vácuo', 1, 'Pressão base de 10E-7 mBar.\nEclusa para introdução/retirada de amostras.\nMedidor de Alto Vácuo Tipo Catodo Quente – Pirani.\n03 Alvos de Sputtering com 6”.\n01 Fonte RF de 600 watts.\n01 Fonte DC Pulsada de 5kW.\n01 Fonte DC 1.5 kW.\n01 Sistema de Limpeza Iônica 1.5kW.\nTodas as fontes com “shutters” independentes.\n01 Medidor de espessura SQM160.\n04 Medidores de fluxo de massa.\nControle Semi-Automático.', 'Espirramento catódico RF, deposição de filmes finos, plasma de rádio frequência.', 1, '2016-03-18 00:13:14'),
(225, 'Estufa', 'SOLAB', 1, '', '', 1, '2016-03-18 00:13:14'),
(226, 'Balança', 'Bioscale', 1, '', '', 1, '2016-03-18 00:13:14'),
(227, 'Capela', 'Não Informado', 1, '', '', 1, '2016-03-18 00:13:14'),
(228, 'Forno', 'QUIMIS', 1, '', 'Forno à atmosfera ambiente, até 1200ºC, rampas de aquecimento e resfriamento programadas.', 1, '2016-03-18 00:13:14'),
(229, 'Laminadora ', 'Plasmaq', 1, '', 'Laminadora de fibras spray up. ', 1, '2016-03-18 00:13:14'),
(230, 'Torno Universal De Bancada', 'Ferrari ', 1, 'Distância entre pontas 320mm. ', '', 1, '2016-03-18 00:13:14'),
(231, ' Mini Torno De Bancada', 'Não Informado', 1, 'Distância entra pontos 350mm.', '', 1, '2016-03-18 00:13:14'),
(232, 'Furadeira De Bancada', 'Ferrari ', 1, '', '', 1, '2016-03-18 00:13:14'),
(233, 'Moto Esmeril', 'Não Informado', 1, '', 'Corte em ferramentos, desbaste abrasivo.', 1, '2016-03-18 00:13:14'),
(234, 'Prensa Hidráulica', 'Skay', 1, 'Para 10ton', '', 1, '2016-03-18 00:13:14'),
(235, 'Fresadora', 'Powermaq', 1, '', '', 1, '2016-03-18 00:13:14'),
(236, 'Gerador De Energia ', 'Toyama Power Products', 1, 'TG 12000E', '10,5 kva', 1, '2016-03-18 00:13:14'),
(237, 'Máquina De Solda', 'Esab', 2, '', '', 1, '2016-03-18 00:13:14'),
(238, 'Pirômetro óptico', ' Instrutherm', 1, '', ' -50º a 1000ºC.', 1, '2016-03-18 00:13:14'),
(239, 'Transiluminator', 'Loccus', 1, '', 'Análise de corrida de marcação molecular. Comparação de faixa de DNA.', 1, '2016-03-18 00:13:14'),
(240, 'Termociclador', 'Mastercycle', 1, '', '', 1, '2016-03-18 00:13:14'),
(241, 'Autoclave', 'Prismatec', 1, '', '', 1, '2016-03-18 00:13:14'),
(242, 'Mesa Agitadora Oscilante', 'MARCONI', 1, '', '', 1, '2016-03-18 00:13:14'),
(243, 'Lupa', 'Leica', 2, '', '', 1, '2016-03-18 00:13:14'),
(244, 'Microscópio', 'Olympus', 2, '', '', 1, '2016-03-18 00:13:14'),
(245, 'Lupa', 'Olympus', 1, '', '', 1, '2016-03-18 00:13:14'),
(246, 'Capela', 'QUIMIS', 1, '', '', 1, '2016-03-18 00:13:14'),
(247, 'Destilador', 'QUIMIS', 1, '', '', 1, '2016-03-18 00:13:14'),
(248, 'Espectrofotômetro UV', 'Shimadzu / Perkin Elmer', 2, '', '', 1, '2016-03-18 00:13:14'),
(249, 'Cromatógrafo Iônico', 'Dionex', 1, '', '', 1, '2016-03-18 00:13:14'),
(250, 'Balanças ', ' Bel / Shimadzu', 3, '', '', 1, '2016-03-18 00:13:14'),
(251, 'Titulador Automático', 'Metrohm / Hanna Instruments', 2, '', '', 1, '2016-03-18 00:13:14'),
(252, ' Autoclave', 'Prismatec', 1, '', '', 1, '2016-03-18 00:13:14'),
(253, ' Forno Mufla Microprocessado 1200°C', ' Cientec', 1, '', '', 1, '2016-03-18 00:13:14'),
(254, 'Ultra Som', 'Kondortech', 1, '', '', 1, '2016-03-18 00:13:14'),
(255, 'Sonda Multiparamétrica', 'YSI', 1, '', '', 1, '2016-03-18 00:13:14'),
(256, 'Destilador De água Ultra Pura', 'Barnstead™ Easypure™ II', 1, '', '', 1, '2016-03-18 00:13:14'),
(257, 'Estufa Para Secagem E Esterelização', 'Solab', 2, '', '', 1, '2016-03-18 00:13:14'),
(258, 'Estereomicroscópio', 'Physis', 1, '', '', 1, '2016-03-18 00:13:14'),
(259, 'Balança', 'Radwag ', 2, '', '', 1, '2016-03-18 00:13:14'),
(260, 'Estufa', 'Não Informado', 2, '', '', 1, '2016-03-18 00:13:14'),
(261, 'Paquímetro Analógico De Metal', 'Não Informado', 1, '', '', 1, '2016-03-18 00:13:14'),
(262, 'Carrinho De Emergência', 'Não Informado', 1, '', '', 1, '2016-03-18 00:13:14'),
(263, 'Balanças ', 'Michelette / Marte / Fiziola', 3, '', '', 1, '2016-03-18 00:13:14'),
(264, 'Equipamento Para Ascensão Vertical', 'Vários', 30, '', 'O material de escalada do Laboratório de Ecologia é diversificado e conta com equipamentos de vários fornecedores incluindo: Conquista, Black Diamond, Petzl e Ultra Safe.', 1, '2016-03-18 00:13:14'),
(265, 'Lupa', 'Coleman', 1, '', '', 1, '2016-03-18 00:13:14'),
(266, 'Microscópios', 'Olympus', 3, '', '', 1, '2016-03-18 00:13:14'),
(267, 'Balança Analítica', 'Marte', 1, '', '', 1, '2016-03-18 00:13:14'),
(268, 'Biochrom', 'WPA', 1, '', '', 1, '2016-03-18 00:13:14'),
(269, 'Prime', 'Techne', 1, '', '', 1, '2016-03-18 00:13:14'),
(270, 'Phmetro', 'JKI', 1, '', '', 1, '2016-03-18 00:13:14'),
(271, 'Agitador', 'Fisatom', 1, '', '', 1, '2016-03-18 00:13:14'),
(272, 'Centrífuga', 'Hettich', 2, '', '', 1, '2016-03-18 00:13:14'),
(273, 'Micro-ondas', 'LG', 1, '', '', 1, '2016-03-18 00:13:14'),
(274, 'Incubadora De Gás Carbônico', 'Sanyo', 1, '', '', 1, '2016-03-18 00:13:14'),
(275, 'Microscópio Invertido', 'Labomed', 1, '', '', 1, '2016-03-18 00:13:14'),
(276, 'Fluxo Laminar', 'Airstream', 1, '', '', 1, '2016-03-18 00:13:14'),
(279, 'Microscópio ', 'ZEISS', 4, '', '', 1, '2016-03-18 00:13:14'),
(280, 'Lupa', 'ZEISS', 1, '', '', 1, '2016-03-18 00:13:14'),
(281, 'Microscópio ', 'NIKON', 1, '', '', 1, '2016-03-18 00:13:14'),
(282, 'Geladeira', 'ELECTROLUX', 1, '', '', 1, '2016-03-18 00:13:14'),
(283, 'Microscópio ', 'ZEISS', 2, '', '', 1, '2016-03-18 00:13:14'),
(284, 'Lupa', 'ZEISS', 1, '', '', 1, '2016-03-18 00:13:14'),
(285, 'Micrótono', 'Leica', 1, 'RM2145', 'Utilizado para cortar estruturas vegetais e animais, para visualização em lâminas.', 1, '2016-03-18 00:13:14'),
(286, 'Banho Maria  ', 'Marconi', 1, '', 'Utilizado para aquecimento moderado de procedimentos que requerem um aquecimento controlado e brando, necessário para preparação de material para uso no micrótono.', 1, '2016-03-18 00:13:14'),
(287, 'Microscópio ótico', 'ZEISS', 1, '', '', 1, '2016-03-18 00:13:14'),
(288, 'Lupa Estereoscópica', 'Olympus / Oleman', 3, '', '', 1, '2016-03-18 00:13:14'),
(289, 'Estufa De Secagem E Esterilização', 'Não Informado', 1, '', '', 1, '2016-03-18 00:13:14'),
(290, 'Lupa', 'QUIMIS', 3, '', '', 1, '2016-03-18 00:13:14'),
(291, 'Microscópio ', 'QUIMIS', 3, '', '', 1, '2016-03-18 00:13:14'),
(292, 'Microscópio', 'Olympus', 1, '', '', 1, '2016-03-18 00:13:14'),
(293, 'Microscópio ', 'Motic', 9, '', '', 1, '2016-03-18 00:13:14'),
(294, 'Laser Pointer', 'Não Informado', 2, '', '', 1, '2016-03-18 00:13:14'),
(295, 'Conjunto De Lentes Esféricas', 'Não Informado', 3, '', '', 1, '2016-03-18 00:13:14'),
(296, 'Banco Ótico Linear', 'Não Informado', 3, '', '', 1, '2016-03-18 00:13:14'),
(297, 'Conjunto De Lentes E Filtro Polaroide Girante', 'Não Informado', 1, '', '', 1, '2016-03-18 00:13:14'),
(298, 'Medidor De Intensidade De Luz', 'Cidepe', 1, '', '', 1, '2016-03-18 00:13:14'),
(299, 'Microscópio ', 'Leica', 1, '', '', 1, '2016-03-18 00:13:14'),
(300, 'Lupa', 'Leica', 4, '', '', 1, '2016-03-18 00:13:14'),
(301, 'Microscópio ', 'Motic', 1, '', '', 1, '2016-03-18 00:13:14'),
(302, 'Microscópio ', 'Leica', 1, '', '', 1, '2016-03-18 00:13:14'),
(303, 'Lupa', 'Olympus', 1, '', '', 1, '2016-03-18 00:13:14'),
(304, 'Lupa', 'Leica', 1, '', '', 1, '2016-03-18 00:13:14'),
(305, 'Microscópio ', 'Leica', 1, '', '', 1, '2016-03-18 00:13:14'),
(306, 'Estufa De Secagem E Esterilização', 'Tecnal', 1, '', '', 1, '2016-03-18 00:13:14'),
(307, 'Lupa Estereoscópica', 'ZEISS', 1, '', '', 1, '2016-03-18 00:13:14'),
(308, 'Microscópio', 'Motic', 15, '', '', 1, '2016-03-18 00:13:14'),
(309, 'Lupa', 'QUIMIS', 5, '', '', 1, '2016-03-18 00:13:14'),
(310, 'Estereoscópio', 'QUIMIS', 2, 'Lentes de aumento (até 50x). ', 'Instrumento de observação.A principal função do estereoscópio é a de permitir observar fotografias em pares e observar em relevo a zona de sobreposição das mesmas. Na visão estereoscópica artificial são fornecidas ao cérebro duas imagens de um mesmo objecto obtidas de pontos de vista diferentes, mas com eixos quase paralelos. As imagens têm que se orientar de modo a imitar a estereoscopia natural.', 1, '2016-03-18 00:13:14'),
(311, 'Microscópio Óptico', 'Motic', 8, 'Lentes de aumento (até 1000x).', 'O microscópio é um instrumento utilizado para ampliar e observar estruturas pequenas dificilmente visíveis ou invisíveis a olho nu. O microscópio óptico utiliza luz visível e um sistema de lentes de vidro que ampliam a imagem das amostras.', 1, '2016-03-18 00:13:14'),
(312, 'Microscópio ótico', 'Olympus', 1, 'Lentes de aumento (até 1000x).', 'O microscópio é um instrumento utilizado para ampliar e observar estruturas pequenas dificilmente visíveis ou invisíveis a olho nu. O microscópio óptico utiliza luz visível e um sistema de lentes de vidro que ampliam a imagem das amostras.', 1, '2016-03-18 00:13:14'),
(313, 'Estufa De Incubação', 'Shel Lab', 1, '', '', 1, '2016-03-18 00:13:14'),
(314, 'Incubadora B.O.D.', 'Shel Lab', 1, '', '', 1, '2016-03-18 00:13:14'),
(315, 'Banho Maria', 'Nova Tecnica', 1, '', '', 1, '2016-03-18 00:13:14'),
(316, 'Estufa ', 'QUIMIS', 1, '', '', 1, '2016-03-18 00:13:14'),
(317, 'Estufa', 'Nova Tecnica', 1, '', '', 1, '2016-03-18 00:13:14'),
(318, 'Microscópio ', 'LEICA', 2, '', '', 1, '2016-03-18 00:13:14'),
(319, 'Destilador De Nitrogênio', 'Tecnal', 1, '', 'Determinar teor de nitrogênio de qualquer foliagem', 1, '2016-03-18 00:13:14'),
(320, 'Agitador Magnético ', 'IKA', 1, '', '', 1, '2016-03-18 00:13:14'),
(321, 'Lupa', 'LEICA', 2, '', '', 1, '2016-03-18 00:13:14'),
(322, 'Fotometro De Chama', 'Digimed', 1, '', 'Quantificação de metais alcalinos, e alcalinos terrosos', 1, '2016-03-18 00:13:14'),
(323, 'Agitador Magnético Com Aquecedor', 'Novatécnica', 2, '', '', 1, '2016-03-18 00:13:14'),
(324, 'Centrifuga ', 'Fanem', 1, '', '', 1, '2016-03-18 00:13:14'),
(325, 'Dispensador / Diluidor ', 'Tecnal', 1, '', '', 1, '2016-03-18 00:13:14'),
(326, 'Capela', 'NALGON', 1, '', '', 1, '2016-03-18 00:13:14'),
(327, 'Agitador De Erlemayer', 'Tecnal', 1, '', '', 1, '2016-03-18 00:13:14'),
(328, 'Pipetador', 'MARCONI', 2, '', '', 1, '2016-03-18 00:13:14'),
(329, 'Pipetador', 'Tecnal', 1, '', '', 1, '2016-03-18 00:13:14'),
(330, 'Penetrômetro', 'Marconi', 1, '', 'Simular a raiz de uma planta para poder medir a estabilidade do solo', 1, '2016-03-18 00:13:14'),
(331, 'Centrifuga', 'Solab', 1, '', '', 1, '2016-03-18 00:13:14'),
(332, 'Agitador Tipo Wagner SL97/24', 'Marconi', 1, '', '', 1, '2016-03-18 00:13:14'),
(333, 'Agitador Tipo Wagner SL97/2', 'Solab', 1, '', '', 1, '2016-03-18 00:13:14'),
(334, 'Estufa ', 'Fanem', 1, '', '', 1, '2016-03-18 00:13:14'),
(335, 'Agitador De Peneiras', 'Bertel', 1, '', '', 1, '2016-03-18 00:13:14'),
(336, 'Estufa Com Circulação E Renovação De Ar', 'Solab', 1, '', '', 1, '2016-03-18 00:13:14'),
(337, 'Reservatorio De água Destilada 30 E 50 L', 'Permupion', 1, '', '', 1, '2016-03-18 00:13:14'),
(338, 'Mesa De Tensão', 'Eijkelkamp', 1, '', '', 1, '2016-03-18 00:13:14'),
(339, 'Osmose Reversa', 'Cristófoli', 1, '', '', 1, '2016-03-18 00:13:14'),
(340, 'Ultra Purificador De água', 'Gehaka', 1, '', '', 1, '2016-03-18 00:13:14'),
(341, 'Dessecador', 'Vidrolabor', 4, '', '', 1, '2016-03-18 00:13:14'),
(344, 'Balança Analítica ', 'Master / Shimadzu', 2, '', '', 1, '2016-03-18 00:13:14'),
(345, 'Microscópio ', 'Motic', 15, '', '', 1, '2016-03-18 00:13:14'),
(346, 'Lupa', 'QUIMIS', 5, '', '', 1, '2016-03-18 00:13:14'),
(347, 'Lupa', 'QUIMIS', 5, '', '', 1, '2016-03-18 00:13:14'),
(348, ' Microscópio', 'Olympus', 15, 'BX50.', '', 1, '2016-03-18 00:13:14'),
(349, 'Centrifugador Micro-Hematócrito', 'FANEM', 1, '', '', 1, '2016-03-18 00:13:14'),
(350, 'Banho Maria', 'FANEM', 1, '', '', 1, '2016-03-18 00:13:14'),
(351, 'Agitador Magnetico ', 'Solab', 1, '', '', 1, '2016-03-18 00:13:14'),
(352, 'Agitador Magnético ', 'FANEM', 1, '', '', 1, '2016-03-18 00:13:14'),
(353, 'Phmetro', 'JKI', 1, '', '', 1, '2016-03-18 00:13:14'),
(354, 'Balança Analítica ', 'Bel', 1, '', '', 1, '2016-03-18 00:13:14'),
(355, 'Capela ', 'Nalgon', 1, '', '', 1, '2016-03-18 00:13:14'),
(356, 'Estufa Microprocessada Para Secagem', 'Sterilifer', 1, '', '', 1, '2016-03-18 00:13:14'),
(357, 'Turbimetro', 'Tecnopon ', 1, '', '', 1, '2016-03-18 00:13:14'),
(358, 'Aparelho De Osmose Reversa', 'Water Quality', 1, '', '', 1, '2016-03-18 00:13:14'),
(359, 'Ultra Freezer ', 'COLDLAB', 1, '', 'Manter temperatura abaixo de -50°C', 1, '2016-03-18 00:13:14'),
(360, 'Maquina De Gelo ', 'EVEREST', 1, '', '', 1, '2016-03-18 00:13:14'),
(361, 'Freezer', 'Consul', 2, '', '', 1, '2016-03-18 00:13:14'),
(362, 'Sonicador', 'ECO SONICS', 1, '', 'Emite ultrassom, permite limpeza de recipiente que tenha absorvido materiais, agitação de moléculas.', 1, '2016-03-18 00:13:14'),
(363, 'Centrifuga Excelsa Flex 3400', 'FANEM', 1, '', '', 1, '2016-03-18 00:13:14'),
(364, 'Centrifuga Refrigerada SL- 703', 'SOLAB', 1, '', '', 1, '2016-03-18 00:13:14'),
(365, 'Balança Analítica ', 'BEL  E METLER', 2, 'Até quatro casas decimais', '', 1, '2016-03-18 00:13:14'),
(366, 'Banho Maria', 'Precision', 1, '', '', 1, '2016-03-18 00:13:14'),
(367, 'Centrifuga CL3', 'IEC', 1, '', '', 1, '2016-03-18 00:13:14'),
(368, 'Centrifuga Micro', 'FANEM', 1, '', '', 1, '2016-03-18 00:13:14'),
(369, 'Banho Maria', 'FANEM', 1, '', '', 1, '2016-03-18 00:13:14'),
(370, 'Eletroforese ', ' Pharmacia Biotec', 1, '', '', 1, '2016-03-18 00:13:14'),
(371, 'Eletroforese Electrophoresis PWsys - PW1000', 'Pharmacia Biotec', 1, '', '', 1, '2016-03-18 00:13:14'),
(372, 'Fotocolorímetro', 'JENWAY', 1, '', 'Utilizado para achar absorbância - encontrar a concentração de elementos em amostras líquidas.', 1, '2016-03-18 00:13:14'),
(373, 'Estufa De Secagem E Esterilização', 'ELKA', 1, 'Temperatura até 200°C', '', 1, '2016-03-18 00:13:14'),
(374, 'PHgâmetro', 'JKI', 2, '', '', 1, '2016-03-18 00:13:14'),
(375, 'Agitador E Aquecedor Eletromagnético ', 'JK', 1, '', '', 1, '2016-03-18 00:13:14'),
(376, 'Agitador E Aquecedor Eletromagnético ', 'JK', 1, '', '', 1, '2016-03-18 00:13:14'),
(377, 'Votex', 'Thermolyne', 1, '', '', 1, '2016-03-18 00:13:14'),
(378, 'Agitador Eletromagnético', 'CORNING', 1, '', '', 1, '2016-03-18 00:13:14'),
(379, 'Medidor Portátil De Fotossíntese ', 'LICOR', 2, '', '', 1, '2016-03-18 00:13:14'),
(380, 'Espectrofotometro', 'Cary', 1, '', '', 1, '2016-03-18 00:13:14'),
(381, 'Shaker - Agitador', 'Poly Science', 1, '', '', 1, '2016-03-18 00:13:14'),
(382, 'Estufa De Secagem', 'Shelab', 1, '', '', 1, '2016-03-18 00:13:14'),
(383, 'Balança Analítica ', 'Bioprecisa', 1, '', '', 1, '2016-03-18 00:13:14'),
(384, 'Freezer', 'Brastemp ', 1, '', '', 1, '2016-03-18 00:13:14'),
(385, 'Freezer', 'Brastemp ', 1, '', '', 1, '2016-03-18 00:13:14'),
(386, 'Freezer', 'Brastemp ', 1, '', '', 1, '2016-03-18 00:13:14'),
(387, 'Balança Analítica ', 'Shimadzu', 1, '', '', 1, '2016-03-18 00:13:14'),
(388, 'Microscópio ', 'Olympus', 3, '', '', 1, '2016-03-18 00:13:14'),
(389, 'Microscópio ', 'Motic', 2, '', '', 1, '2016-03-18 00:13:14'),
(390, 'Microscópio ', 'ZEISS', 2, '', '', 1, '2016-03-18 00:13:14'),
(391, ' Geladeira', 'ELECTROLUX', 1, '', '', 1, '2016-03-18 00:13:14'),
(392, 'Balança Analítica ', 'Marte', 1, '', '', 1, '2016-03-18 00:13:14'),
(393, 'Contador De Colonias', 'Quimis', 1, '', '', 1, '2016-03-18 00:13:14'),
(394, 'Estufa', 'Quimis', 1, '', '', 1, '2016-03-18 00:13:14'),
(395, 'Contador De Colonias', 'Phoenix', 1, '', '', 1, '2016-03-18 00:13:14'),
(396, 'Microscópio ', 'Nova Optica Sistemic', 1, '', '', 1, '2016-03-18 00:13:14'),
(397, 'Microscópio ', 'Bio Focus', 1, '', '', 1, '2016-03-18 00:13:14'),
(398, 'Balança Analítica ', 'BEL', 1, '', '', 1, '2016-03-18 00:13:14'),
(399, 'Estufa', 'QUIMIS', 1, '', '', 1, '2016-03-18 00:13:14'),
(400, 'Estufa Encubadora', 'QUIMIS', 1, '', '', 1, '2016-03-18 00:13:14'),
(401, 'AUTOCLAVE', 'PHOENIX', 1, '', '', 1, '2016-03-18 00:13:14'),
(402, 'Fluxo Laminar', 'Veco', 1, '', '', 1, '2016-03-18 00:13:14'),
(403, 'Agitadores De Tubo', 'PHOENIX', 2, '', '', 1, '2016-03-18 00:13:14'),
(404, ' Geladeira', 'ELECTROLUX', 1, '', '', 1, '2016-03-18 00:13:14'),
(405, 'Medidor De Raio-X, KvP E MAs', 'Victoreen', 2, ' Model 4000M +', '', 1, '2016-03-18 00:13:14'),
(406, 'Câmara De Ionização', 'Radad Corporation', 2, 'Model 9015 - Radiation Monitor Controller.', 'Câmaras de Ionização para mamografia, tomografia, raio x conversor e raio x espalhado.', 1, '2016-03-18 00:13:14'),
(407, 'Phantom Tórax', 'Não Informado', 1, '', '', 1, '2016-03-18 00:13:14'),
(408, 'Objeto De Teste Contraste/Detalhe', 'Artinis', 1, '', '', 1, '2016-03-18 00:13:14'),
(409, 'Analisador De Spectrum', 'Rohde & Sdway', 1, 'Radiação não Ionizante', '', 1, '2016-03-18 00:13:14'),
(410, 'Medidor De Spectrum', 'Trifield Meter', 1, 'Radiação não ionizante para campo.  Model 100XE.', '', 1, '2016-03-18 00:13:14'),
(411, 'Microscópio ', 'Bioval', 1, '', '', 1, '2016-03-18 00:13:14'),
(412, 'Lupa', 'Medilux', 1, '', '', 1, '2016-03-18 00:13:14'),
(413, 'HPLC', 'Schimadzu', 1, '', '', 1, '2016-03-18 00:13:14'),
(414, 'AUTOCLAVE', 'PHOENIX', 2, '', '', 1, '2016-03-18 00:13:14'),
(415, 'Estufa', 'Shel Lab', 1, '', '', 1, '2016-03-18 00:13:14'),
(416, 'Estufa', 'Odontobras', 1, '', '', 1, '2016-03-18 00:13:14'),
(417, 'Filtro De Carvão Ativado', 'Stilber', 1, '', '', 1, '2016-03-18 00:13:14'),
(418, 'Purificador', 'Elga', 1, '', '', 1, '2016-03-18 00:13:14'),
(420, 'Purelab Ultra', 'Elga', 1, '', '', 1, '2016-03-18 00:13:14'),
(421, 'Estufa De Secagem', 'FANEM', 1, '', '', 1, '2016-03-18 00:13:14'),
(422, 'Estufa Bacteriológica - TE 392', 'Tecnal', 1, '', '', 1, '2016-03-18 00:13:14'),
(423, 'Banho Maria', 'Cientec', 1, '', '', 1, '2016-03-18 00:13:14'),
(424, 'Ultrassonificador', 'Unique', 1, '', '', 1, '2016-03-18 00:13:14'),
(425, 'Incubadora Shaker', 'SP Labor', 1, '', '', 1, '2016-03-18 00:13:14'),
(426, 'Banho Maria', 'Tecnal', 1, '', '', 1, '2016-03-18 00:13:14'),
(427, 'Banho Maria', 'Delta', 1, '', '', 1, '2016-03-18 00:13:14'),
(428, 'Vortex', 'Thermolyne', 1, '', '', 1, '2016-03-18 00:13:14'),
(429, 'Termociclador', 'Applied Biosytems', 1, '', '', 1, '2016-03-18 00:13:14'),
(430, 'Agitador Shaker', 'Nova Ética', 1, '', '', 1, '2016-03-18 00:13:14'),
(431, 'Câmara De Fluxo Laminar', 'Pachane', 1, '', '', 1, '2016-03-18 00:13:14'),
(432, 'Câmara De Fluxo Laminar Vertical', 'Filterflux', 1, '', '', 1, '2016-03-18 00:13:14'),
(433, 'Refrigerador', 'Brastemp ', 3, '', '', 1, '2016-03-18 00:13:14'),
(434, 'Centrifuga', 'Centribio HT ', 1, '', '', 1, '2016-03-18 00:13:14'),
(435, 'Potenciômetro', 'Biothec', 1, '', '', 1, '2016-03-18 00:13:14'),
(436, 'Agitador Magnético ', 'Biomixer', 1, '', '', 1, '2016-03-18 00:13:14'),
(437, 'Esterilizador ', 'Bahialab', 1, '', '', 1, '2016-03-18 00:13:14'),
(438, 'Estufa De Secagem E Esterilização', 'Sterilifer', 1, '', '', 1, '2016-03-18 00:13:14'),
(439, 'MUFLA', 'Novus', 1, '', '', 1, '2016-03-18 00:13:14'),
(440, 'Bomba à Vácuo ', 'Prismatec', 1, '', '', 1, '2016-03-18 00:13:14'),
(441, 'Balança Analítica ', 'BEL Enegineering', 1, '', '', 1, '2016-03-18 00:13:14'),
(442, 'Balança Semi - Analítica BG 400', 'QUIMIS', 1, '', '', 1, '2016-03-18 00:13:14'),
(443, 'Balança Analítica ', 'Mettler AJ150', 1, '', '', 1, '2016-03-18 00:13:14'),
(444, 'Espectometro UV', 'Nova Instruments', 1, '', '', 1, '2016-03-18 00:13:14'),
(445, 'Roto Evaporador', 'Fisotom', 1, '', '', 1, '2016-03-18 00:13:14'),
(446, 'Ponto De Fusão Capilar', 'Fisotom', 1, '', '', 1, '2016-03-18 00:13:14'),
(447, 'Banho Termotizador', 'TE - 2005', 1, '', '', 1, '2016-03-18 00:13:14'),
(448, 'Balança Analítica ', 'GEHAKA', 1, '', '', 1, '2016-03-18 00:13:14'),
(449, 'Balança Analítica ', 'Sartorius', 1, '', '', 1, '2016-03-18 00:13:14'),
(450, 'Bomba A Vacuo', 'Fanem ', 1, '', '', 1, '2016-03-18 00:13:14'),
(451, 'Bomba A Vacuo', 'Fisotom', 1, '', '', 1, '2016-03-18 00:13:14'),
(452, 'Estufa De Secagem', 'Fanem', 1, '', '', 1, '2016-03-18 00:13:14'),
(453, 'Geladeira', 'Consul', 1, '350 Litros', '', 1, '2016-03-18 00:13:14'),
(454, 'Detector De Cintilação', 'AMP-TEK', 1, 'Com processador digital para radiação gamma. NaI (iodeto de sódio).', '', 1, '2016-03-18 00:13:14'),
(455, 'Detector De Raio X E Espectômetro De Raio X', 'AMP-TEK', 1, 'Detector XR-100T.', '', 1, '2016-03-18 00:13:14'),
(456, 'Sensitômetro Eletrônico', 'Victoreen', 1, '', '', 1, '2016-03-18 00:13:14'),
(457, 'Densitômetro', 'Victoreen', 1, 'Model 07443', '', 1, '2016-03-18 00:13:14'),
(458, 'Negatoscópio', 'Não Informado', 1, '', '', 1, '2016-03-18 00:13:14'),
(459, 'Giger', 'Victoreen', 1, ' Innovation 290', '', 1, '2016-03-18 00:13:14'),
(460, 'Lupa', 'QUIMIS', 7, '', '', 1, '2016-03-18 00:13:14'),
(461, 'Capela ', 'Nalgon', 1, '', '', 1, '2016-03-18 00:13:14'),
(462, ' Fluorescência De Raio X', 'PANanalytical', 1, 'Ao oferecer análises precisas e confiáveis em toda a gama de elementos desde o flúor ao urânio, esses instrumentos detectam concentrações desde 100% até níveis sub-ppm.', 'Espectrômetro de fluorescência de raios X por energia dispersiva (EDXRF) de bancada para análise elementar no controle de processos industriais e em pesquisa e desenvolvimento. Um instrumento analítico altamente flexível, adequado a uma grande variedade de indústrias e de aplicações. O processamento espectral avançado e os modernos algoritmos de quantificação garantem exatidão e precisão.', 1, '2016-03-18 00:13:14'),
(463, 'Fluorescência De Raio X', 'MERICK', 1, 'Os raios-X são detectados através de um detector (semicondutor), o qual permite análises simultâneas multi-elementar, possibilitando uma analise extremamente rápida mesmo na faixa de ppm.', 'Utiliza sinais de raios-X para excitar uma amostra desconhecida. Os elementos individuais presentes na amostra emitem seus raios-X característicos (fluorescentes).\nO EDX detecta estes raios-X e, qualitativamente, determina quais elementos estão presentes no material.', 1, '2016-03-18 00:13:14'),
(464, 'Estufa De Esterilização E Secagem', 'Sterilifer', 1, 'Modelo SXCR100 ', '', 1, '2016-03-18 00:13:14'),
(465, 'Deionizador Elétrico', 'Não Informado', 1, '', '', 1, '2016-03-18 00:13:14'),
(466, 'Alicate Amperímetro Digital', 'ICEL', 1, 'AD 9901', '', 1, '2016-03-18 00:13:14'),
(467, 'Frequencímetro Digital', 'Minipa', 1, 'MF 7240', '', 1, '2016-03-18 00:13:14'),
(468, 'Furadeira De Impacto 1/2', 'Bosh', 1, 'GSB 13 RE professional', '', 1, '2016-03-18 00:13:14'),
(469, 'Osciloscópio Digital', 'ICEL', 2, '', '', 1, '2016-03-18 00:13:14'),
(470, 'Osciloscópio', 'Minipa', 1, 'MO 1225', '', 1, '2016-03-18 00:13:14'),
(471, 'Micrômetro', 'Pantec', 1, ' Ext 25-50 mm', '', 1, '2016-03-18 00:13:14'),
(472, 'Multímetro Digital Portátil ', 'Minipa', 1, 'Com display em cristal líquido. Mod: ET 2082B.', '', 1, '2016-03-18 00:13:14'),
(473, 'Processador Automático De Filmes Radiológicos', 'Visioline', 1, 'Mod: VS 36X', '', 1, '2016-03-18 00:13:14'),
(474, 'Estufa Com Ventilação', 'SOLAB', 1, '', '', 1, '2016-03-18 00:13:14'),
(475, 'Misturador De Ração', 'Perozin', 1, '', '', 1, '2016-03-18 00:13:14'),
(476, 'Ensiladeira Estacionária ', 'Nogueira', 1, '', '', 1, '2016-03-18 00:13:14'),
(477, 'Moinhos De Faca', 'Tecnal / Solab', 2, '', '', 1, '2016-03-18 00:13:14'),
(478, 'Balança De Precisão', 'Marte', 1, '', '', 1, '2016-03-18 00:13:14'),
(479, 'Moinho De Bola', 'DeLeo', 1, '', '', 1, '2016-03-18 00:13:14'),
(480, 'Compressor ', 'Schulz ', 1, '', '', 1, '2016-03-18 00:13:14'),
(481, 'Capela ', 'QUIMIS ', 4, '', '', 1, '2016-03-18 00:13:14'),
(482, 'Freezer', 'Bosch', 3, '', 'Armazenagem de material biológico e reagentes', 1, '2016-03-18 00:13:14'),
(483, 'Geladeira', 'Consul', 2, '', 'Armazenagem de material biológico e reagentes.', 1, '2016-03-18 00:13:14'),
(484, 'Termociclador', 'Biosytems ', 1, '', 'Amplificação de DNA', 1, '2016-03-18 00:13:14'),
(485, 'Fotodocumentador', 'Loccus Biotecnologia ', 1, '', '', 1, '2016-03-18 00:13:14'),
(486, 'Banho Maria', 'Quimis', 1, '', 'Mantem a temperatura da água', 1, '2016-03-18 00:13:14'),
(487, 'Reverse Osmose', 'Kaplas', 1, '', 'Destilar a água', 1, '2016-03-18 00:13:14'),
(488, 'Centrifuga', 'Parsec CT 0307', 1, '', '', 1, '2016-03-18 00:13:14'),
(489, 'Centrifuga', 'SORVALL', 1, '', 'Maior capacidade e velocidade', 1, '2016-03-18 00:13:14'),
(490, 'Mini Centrifuga ', 'Ministar', 2, '', '', 1, '2016-03-18 00:13:14'),
(491, 'NO Break', 'VLP', 1, '', 'Manter estabilidade na energia', 1, '2016-03-18 00:13:14');
INSERT INTO `equipamento` (`id_equipamento`, `nome_eqp`, `fabricante_eqp`, `quantidade_eqp`, `especificacao_eqp`, `descricao_eqp`, `ativo_eqp`, `last_modified_eqp`) VALUES
(492, 'C.A.C.A.U. - Centro De Armazenamento De Dados E Computação Avançada Da UESC', 'Bull', 1, '20 nós de processamento ligados em rede Infiniband, cada um com : dois processadores quad-core Xeon E5430 (2.66GHz), com 16GB de RAM. Total de 160 núcleos (CPU) e 320GB - Capacidade de 1,5TFlops\n\nAtualização recente: Adição de de 36 núcleos de processamento (CPU), com capacidade teórica adicional de processamento de 0,8 Teraflops (0,8 trilhões de cálculos por segundo), 6 GPU NVIDIA Tesla K20 (2496 Núcleos NVIDIA CUDA, cada), com capacidade teórica de processamento total de 7,0 Teraflops em precisão dupla de ponto flutuante (7,0 trilhões de cálculos por segundo).', 'O CACAU tem a missão de dar suporte às necessidades de armazenamento e processamento de dados dos pesquisadores da UESC, disponibilizando, através de contas aos usuários, acesso à infra-estrutura computacional. Não compete a este centro desenvolver, criar, modificar, alterar ou otimizar códigos, programas ou plataforma web de seus usuários.', 1, '2016-03-18 00:13:14'),
(493, 'Centro de Computação Científica - ALTIX 350', 'Silicon Graphics', 1, 'Suporta até 32 processadores Itanium 2', 'Para ensino e treinamento', 1, '2017-04-17 19:52:43'),
(494, 'Microscópio ', 'ZEISS', 9, 'Primo Star', '', 1, '2016-03-18 00:13:14'),
(495, 'Microscópio ', 'Motic', 3, 'BA 310', '', 1, '2016-03-18 00:13:14'),
(496, 'Lupa', 'QUIMIS', 2, '', '', 1, '2016-03-18 00:13:14'),
(497, 'Lupa', 'NeoVet', 2, '', '', 1, '2016-03-18 00:13:14'),
(498, 'Microscópio ', 'Olympus', 2, '', '', 1, '2016-03-18 00:13:14'),
(499, 'Microscópio ', 'ZEISS', 1, '', '', 1, '2016-03-18 00:13:14'),
(500, 'Agitador Magnético ', 'Biomixer', 1, '', '', 1, '2016-03-18 00:13:14'),
(501, 'Balança Analítica ', 'Marte', 1, '', '', 1, '2016-03-18 00:13:14'),
(502, 'Balança De Precisão', 'Bioprecisa', 1, '', '', 1, '2016-03-18 00:13:14'),
(503, 'Seladora Manual', 'LFequipamento', 1, '', '', 1, '2016-03-18 00:13:14'),
(504, 'Pagametro', 'HANNA', 1, '', '', 1, '2016-03-18 00:13:14'),
(505, 'Centrifuga', 'Centribio ', 1, '', '', 1, '2016-03-18 00:13:14'),
(506, 'Centrífuga Refrigerada ', 'Thermo', 1, '', '', 1, '2016-03-18 00:13:14'),
(507, 'Destilador De Água', 'FANEM', 1, '', '', 1, '2016-03-18 00:13:14'),
(508, 'Maquina De Congelamento De Sêmen Embriao', 'TK', 1, '', '', 1, '2016-03-18 00:13:14'),
(509, 'Osmômetro', 'OSMETTE', 1, '', '', 1, '2016-03-18 00:13:14'),
(510, 'Balança Maria', 'Acil', 1, '', '', 1, '2016-03-18 00:13:14'),
(511, 'Banho Seco', 'Bio Plus', 1, '', '', 1, '2016-03-18 00:13:14'),
(512, 'Estufa', 'FANEM', 1, '', '', 1, '2016-03-18 00:13:14'),
(513, 'Sistema De Análise Computadorizada De Sêmen ', 'Nikon', 1, '', '', 1, '2016-03-18 00:13:14'),
(514, 'Microscópio De Fase ', 'Olympus', 1, '', '', 1, '2016-03-18 00:13:14'),
(515, 'Placa Aquecedora ', 'Olympus', 1, '', '', 1, '2016-03-18 00:13:14'),
(516, 'Ultrassom', 'DP 2200 Vet', 1, '', '', 1, '2016-03-18 00:13:14'),
(517, 'Material Para Amostragem', 'Vários', 137, 'Material para amostragem de insetos, vegetação herbácea e arbórea.', 'O material para amostragem de insetos inclui diferentes tipos de redes e pinças. O material para amostragem da vegetação inclui fitas, clinômetros e material para marcação de árvores.', 1, '2016-03-18 00:13:14'),
(519, 'Capacetes', 'Variadas', 8, '', '', 1, '2016-03-18 00:13:14'),
(520, 'Absorvedores De Impacto', 'Heightec', 6, '', '', 1, '2016-03-18 00:13:14'),
(521, 'ATC', 'Petzl', 2, '', '', 1, '2016-03-18 00:13:14'),
(522, 'Cadeirinha Com E Sem Peitoral', 'Várias', 6, '', '', 1, '2016-03-18 00:13:14'),
(523, 'Cordas Estáticas', 'Não Informado', 2, '11,5mm', '', 1, '2016-03-18 00:13:14'),
(524, 'Cordas Dinâmicas ', 'Beal', 3, '11,5mm', '', 1, '2016-03-18 00:13:14'),
(525, 'Ascensor Ventral ', 'Petzl', 10, '', '', 1, '2016-03-18 00:13:14'),
(526, 'Peitoral', 'Várias', 2, '', '', 1, '2016-03-18 00:13:14'),
(527, 'Reverso', 'Petzl', 4, '', '', 1, '2016-03-18 00:13:14'),
(528, 'Stop', 'Petzl', 2, '', '', 1, '2016-03-18 00:13:14'),
(529, 'Mosquetões Simples E De Rosca', 'Várias', 47, '', '', 1, '2016-03-18 00:13:14'),
(530, 'Equipamento Laçamento 360', 'Stark Industries', 5, 'Bacon ipsum dolor amet pork frankfurter porchetta landjaeger venison ham fatback cow rump ball tip pork chop. Sirloin frankfurter flank venison. Fatback ham hock ham meatloaf meatball pancetta bresaola pork chop filet mignon short ribs ground round hamburger leberkas doner t-bone.', 'Bacon ipsum dolor amet pork frankfurter porchetta landjaeger venison ham fatback cow rump ball tip pork chop. Sirloin frankfurter flank venison. Fatback ham hock ham meatloaf meatball pancetta bresaola pork chop filet mignon short ribs ground round hamburger leberkas doner t-bone.', 1, '2016-03-18 00:13:14'),
(531, 'Prensa De Compressão Para Concreto', 'EMIC', 1, '', 'Modelo PC 200CS, capacidade máxima 200 toneladas', 1, '2016-03-18 00:13:14'),
(532, 'Máquina De Ensaios ', 'EMIC', 1, '', '', 1, '2016-03-18 00:13:14'),
(533, 'Shaker De Bancada ', 'Bunker', 1, '', '', 1, '2016-03-18 00:13:14'),
(534, 'Balança Analítica ', 'SHIMADZU', 1, '', '', 1, '2016-03-18 00:13:14'),
(535, 'Sistema De Aquisição De Dados', 'Al7000 - M', 1, 'ADS2000 ligado a Maquina Al 7000', '', 1, '2016-03-18 00:13:14'),
(536, 'Prensa Hidráulica ', 'EMIC', 1, '', '', 1, '2016-03-18 00:13:14'),
(537, 'Balança De Ensaios E Microscopia ', 'EMIC', 1, '', '', 1, '2016-03-18 00:13:14'),
(538, 'Bancada De Extensometria ', 'Strain Gages', 1, '', '', 1, '2016-03-18 00:13:14'),
(539, 'Bancada De Marcenaria ', 'Somar', 1, '', '', 1, '2016-03-18 00:13:14'),
(540, 'Conjunto Hidráulico', 'Enerpac', 1, '', '', 1, '2016-03-18 00:13:14'),
(541, 'Torno - Fresadora', 'MANROD', 1, '', '', 1, '2016-03-18 00:13:14'),
(542, 'Furadeira De Bancada', 'Somar', 1, '', '', 1, '2016-03-18 00:13:14'),
(543, 'Arga Massadeira, Misturador E  Peneirador', 'SHIMADZU', 1, '', '', 1, '2016-03-18 00:13:14'),
(544, 'Guincho ', 'Torch Tools', 1, '2 toneladas de capacidade', '', 1, '2016-03-18 00:13:14'),
(545, 'Autoclave E Estufa', 'Nova Tecnica', 1, '', '', 1, '2016-03-18 00:13:14'),
(546, 'Betoneira', 'Torch Tools', 1, '', '', 1, '2016-03-18 00:13:14'),
(547, 'Serra De Bancada ', 'Makita', 1, '', '', 1, '2016-03-18 00:13:14'),
(548, 'Reômetro', 'HPMD', 1, '', '', 1, '2016-03-18 00:13:14'),
(549, 'Prensa Hidráulica ', 'SOLAB', 1, 'Com aquecimento', '', 1, '2016-03-18 00:13:14'),
(550, 'Agitador Mecânico ', 'Silab', 1, '', '', 1, '2016-03-18 00:13:14'),
(551, 'Banho Maria ', 'SOLAB', 1, '', '', 1, '2016-03-18 00:13:14'),
(552, 'Estuda A Vácuo ', 'Marconi', 1, '', '', 1, '2016-03-18 00:13:14'),
(553, 'Agitador Magnetico', 'Tecnal', 1, '', '', 1, '2016-03-18 00:13:14'),
(554, 'Lupa', 'Tecnival', 1, '', '', 1, '2016-03-18 00:13:14'),
(555, 'Extrusora ', 'Seibt', 1, ' Com rosca de 35mm, possibilita a extrusão de filmes de até 500 mm de largura, bem como a granulação em um mesmo equipamento.							\n							\n', 'Extrusoras especialmente desenvolvidas para utilização em laboratórios de ensaio e cursos técnicos em polímeros.							\n							\n', 1, '2016-03-18 00:13:14'),
(556, 'Ensaio De Impacto ', 'EMIC', 1, '', '', 1, '2016-03-18 00:13:14'),
(557, 'Maquina De Ensaio Universal ', 'EMIC', 1, '', '', 1, '2016-03-18 00:13:14'),
(558, 'Moinho De Faca', 'Tecnal', 1, '', '', 1, '2016-03-18 00:13:14'),
(559, 'Moinho De Faca', 'Bermar', 1, '', '', 1, '2016-03-18 00:13:14'),
(560, 'Moinho De Bolas', 'Marconi', 1, '', '', 1, '2016-03-18 00:13:14'),
(561, 'Estufa', 'Marconi', 1, '', '', 1, '2016-03-18 00:13:14'),
(562, 'Estufa', 'Medicate', 1, '', '', 1, '2016-03-18 00:13:14'),
(563, 'Agitador Mecânico ', 'AgitLuo/MAqui', 1, '', '', 1, '2016-03-18 00:13:14'),
(564, 'Microscopio ', 'Leica', 2, '', 'EZ4 Thecnival', 1, '2016-03-18 00:13:14'),
(565, 'Estufa De Secagem E Esterilização ', 'Tecnal', 1, '', '', 1, '2016-03-18 00:13:14'),
(566, 'Câmara De Fluxo', 'Tecnal', 1, '', '', 1, '2016-03-18 00:13:14'),
(567, 'Lupa', 'Leica', 6, '', '', 1, '2016-03-18 00:13:14'),
(568, 'Microscópio  ', 'Leica', 2, '', '', 1, '2016-03-18 00:13:14'),
(569, 'Microscópio  ', 'Leica ', 1, '', 'ICC 50 HB', 1, '2016-03-18 00:13:14'),
(570, 'ABX VET', 'HORIBA', 1, '', 'Aparelho semi - automático destinado a determinação dos parâmetros hematológicos dos animais domésticos', 1, '2016-03-18 00:13:14'),
(571, 'BioPlus 2000', 'Bio', 1, '', '', 1, '2016-03-18 00:13:14'),
(572, 'Agitador', 'Vortex ', 1, '', '', 1, '2016-03-18 00:13:14'),
(573, 'Analisador Eletrolítico ', 'ROCHE', 1, '', '', 1, '2016-03-18 00:13:14'),
(574, 'Microscópio  Biológico Binocular', 'Zeiss', 1, '', '', 1, '2016-03-18 00:13:14'),
(575, 'Banho Maria ', 'Fanem', 1, '', '', 1, '2016-03-18 00:13:14'),
(576, 'Refloron', 'Reflotron Plus', 1, '', '', 1, '2016-03-18 00:13:14'),
(577, 'Centrifuga  ', 'Fanem', 1, '', '', 1, '2016-03-18 00:13:14'),
(578, 'Centrifuga  ', 'Micro Spin', 1, '', '', 1, '2016-03-18 00:13:14'),
(579, 'Camara De Refrigeração BOD', 'Tecnal', 3, 'TE 391', 'Temperatura ambiente favorável para que os insetos ou fungos completem seu ciclo biológico ', 1, '2016-03-18 00:13:14'),
(580, 'Câmara De Germinação', 'Tecnal', 2, 'TE 401', '', 1, '2016-03-18 00:13:14'),
(581, 'Câmara Com Germinação E Fotoperíodo ', 'SOLAB', 2, 'SE 255', '', 1, '2016-03-18 00:13:14'),
(582, 'Microscópio  Biológico Binocular', 'ZEISS', 7, '', '', 1, '2016-03-18 00:13:14'),
(583, 'Microscópio Biológico Trinocular', 'ZEISS', 1, '', '', 1, '2016-03-18 00:13:14'),
(584, 'Micros Biológico Para 5 Observadores', 'Motic', 1, '', '', 1, '2016-03-18 00:13:14'),
(585, 'Termociclador ', 'PCR System ', 1, '', '', 1, '2016-03-18 00:13:14'),
(586, 'Centrifuga ', 'CELM', 1, '', '', 1, '2016-03-18 00:13:14'),
(587, 'Estufa', 'Fanem', 1, '', '', 1, '2016-03-18 00:13:14'),
(588, 'Revelador ', 'Locus Bionectologia', 1, '', 'L - PIX', 1, '2016-03-18 00:13:14'),
(589, 'Centrifuga  Refrigerada', 'Thermo Cientific', 1, '', '', 1, '2016-03-18 00:13:14'),
(590, 'Agitador Vortex', 'Warmnest', 1, '', '', 1, '2016-03-18 00:13:14'),
(591, 'Agitador / Aquecedor ', 'Fanem', 1, '', '', 1, '2016-03-18 00:13:14'),
(592, 'Termociclador ', 'Biocycler', 1, '', '', 1, '2016-03-18 00:13:14'),
(593, 'Banho Maria Seco', 'Fine PCR', 1, '', '', 1, '2016-03-18 00:13:14'),
(594, 'Balança De Precisão', 'BEL', 1, '', '', 1, '2016-03-18 00:13:14'),
(595, 'Vortex', 'Biomixer', 1, '', '', 1, '2016-03-18 00:13:14'),
(596, 'Centrifuga  ', 'Fanem', 1, '', '', 1, '2016-03-18 00:13:14'),
(597, 'DNA Workstation', 'Pochane ', 1, '', '', 1, '2016-03-18 00:13:14'),
(598, 'Autoclave ', 'Phoenix Luterco', 1, '', '', 1, '2016-03-18 00:13:14'),
(599, 'Cuba De Eletroforese ', 'Loccus', 1, '', '', 1, '2016-03-18 00:13:14'),
(600, 'Osmose Reversa', 'PCR Mution', 1, '', '', 1, '2016-03-18 00:13:14'),
(601, 'Transilumination', 'Loccus', 1, '', '', 1, '2016-03-18 00:13:14'),
(602, 'NanoDrop 2000', 'Thermo Cientific', 1, '', 'Utilizado para quantificação de ácidos ', 1, '2016-03-18 00:13:14'),
(603, 'Refletor Newtoniano', 'Celestron OMNI XLT 150', 1, 'Advanced GT', '', 1, '2016-03-18 00:13:14'),
(604, 'Refletor Newtoniano', 'CELESTRON ADVANCED VX 8\"', 1, 'NexStar I30SLT', '', 1, '2016-03-18 00:13:14'),
(605, 'Schmidt-Cassegrain', 'LX200 - ACF 12\" MEADE', 1, '', '', 1, '2016-03-18 00:13:14'),
(606, 'Refrator Solar ', 'Coronado Solarmax II', 1, '', '', 1, '2016-03-18 00:13:14'),
(607, 'Estufa', 'Ster Lifer', 1, '', 'Microprocessada 200º', 1, '2016-03-18 00:13:14'),
(608, 'Bloco Digestor', 'Tecnal', 1, '', '', 1, '2016-03-18 00:13:14'),
(609, 'Destilador ', 'Quimis', 1, '', '', 1, '2016-03-18 00:13:14'),
(610, 'Cromatógrafo Líquido ', 'SHIMADZU', 1, '', '', 1, '2016-03-18 00:13:14'),
(611, 'Cromatógrafo Líquido ', 'SHIMADZU', 1, 'Sistema de cromatografia líquida de ultra-perfomance otimizado para realizar análises à pressões de até 130 MPa, com superior desempenho em termos de resolução, velocidade de separação e sensibilidade quando comparado aos demais sistemas UHPLC.', 'Sistema de cromatografia líquida de ultra performance (UHPLC) da Shimadzu, que proporciona alta velocidade e elevada resolução, sem sacrificar o desempenho de parâmetros básicos, tais como excelente precisão, linearidade, estabilidade e robustez.', 1, '2016-03-18 00:13:14'),
(612, 'ESPECTROFOTÔMETRO DE ABSORÇÃO ATÔMICA', 'VARIAN', 1, 'Destinado para análise de elementos químicos por espectrofotometria de\nabsorção ou emissão do analito atomizado em chama química de mistura\nar+acetileno ou ar+acetileno+óxido nitroso. ', 'Determina concentrações em ppm (ou mg/L). Integram o equipamento os sistemas amostrador e diluidor automatizados.', 1, '2016-03-18 00:13:14'),
(613, 'Microscópio  ', 'Olympus', 1, '', '', 1, '2016-03-18 00:13:14'),
(614, 'Phmetro', 'Metter Toledo', 1, '', '', 1, '2016-03-18 00:13:14'),
(615, 'Agitador ', 'Logen ', 1, '', '', 1, '2016-03-18 00:13:14'),
(616, 'Agitador', 'Logen', 1, '', '', 1, '2016-03-18 00:13:14'),
(617, 'Banho Maria ', 'Fanem', 1, '', '', 1, '2016-03-18 00:13:14'),
(618, 'Lupa', 'Leica', 2, '', '', 1, '2016-03-18 00:13:14'),
(619, 'Câmara De Germinação BOD', 'Tecnal', 1, '', 'Controle de Fotoperíodo ', 1, '2016-03-18 00:13:14'),
(620, 'Micrótomo ', 'Leica', 1, '', '', 1, '2016-03-18 00:13:14'),
(621, 'Microscópio Óptico Trilocular   ', 'ZEISS', 1, '', 'AXIO', 1, '2016-03-18 00:13:14'),
(622, 'Banho Maria ', 'Lupe Tec', 1, '', '', 1, '2016-03-18 00:13:14'),
(623, 'Microscópio  Binocular', 'ZEISS', 1, '', '', 1, '2016-03-18 00:13:14'),
(624, 'Micrótomo ', 'Leica', 1, '', '', 1, '2016-03-18 00:13:14'),
(625, 'Histotécnico', 'Lupe Tec', 1, '', 'Processamento de tecidos, para inclusão em parafina ', 1, '2016-03-18 00:13:14'),
(626, 'Estufa ', 'Brasmed', 1, '', '', 1, '2016-03-18 00:13:14'),
(627, 'Capela ', 'Quimis', 1, '', '', 1, '2016-03-18 00:13:14'),
(628, 'Termociclador ', 'AB Applied Biosystem', 1, '', '', 1, '2016-03-18 00:13:14'),
(629, 'Termociclador Em Tempo Real', 'PCR System ', 1, '', '7500 Fast Real Time', 1, '2016-03-18 00:13:14'),
(630, 'Microscópio  Binocular ', 'Olympus', 1, '', '', 1, '2016-03-18 00:13:14'),
(631, 'DNA Workstation', 'Pachane', 1, '', '', 1, '2016-03-18 00:13:14'),
(632, 'Homogeneizador De Placa', 'Tecnal', 1, '', '', 1, '2016-03-18 00:13:14'),
(633, 'Ultra Freezer ', 'Indrel', 1, '- 86°C', '', 1, '2016-03-18 00:13:14'),
(634, 'Vortex', 'Fanem', 1, '', '', 1, '2016-03-18 00:13:14'),
(635, 'Espectrofotômetro No VIS', 'Shimadzu', 1, '', '', 1, '2016-03-18 00:13:14'),
(636, 'Cromatógrafo Iônico', 'DIONEX', 1, '', '', 1, '2016-03-18 00:13:14'),
(637, 'CÂMERA INFRA RED ', 'Intelbras', 1, '', 'Acoplado a um DVR para armazenar as imagens dos animais', 1, '2016-03-18 00:13:14'),
(638, ' Microscópio Imunofluorescência', 'ZEISS', 1, 'AXIO', '', 1, '2016-03-18 00:13:14'),
(639, 'Microscópio Invertido', 'Não Informado', 1, 'L Plan', '', 1, '2016-03-18 00:13:14'),
(640, 'Microscópio', 'ZEISS', 1, '', '', 1, '2016-03-18 00:13:14'),
(641, 'Lupa', 'Tecnival / Olympus', 2, '', '', 1, '2016-03-18 00:13:14'),
(642, 'Balança', 'AND', 1, '', '', 1, '2016-03-18 00:13:14'),
(643, 'Contador De Célular', 'Kacil', 1, '', '', 1, '2016-03-18 00:13:14'),
(644, 'Leitor De Microplaca', ' ThermoPlate', 1, '', '', 1, '2016-03-18 00:13:14'),
(645, 'Centrífuga Refrigerada', 'Thermo Cientific / CELM', 2, '', '', 1, '2016-03-18 00:13:14'),
(646, ' Phmetro', 'QUIMIS', 1, '', '', 1, '2016-03-18 00:13:14'),
(647, 'Vortex', 'VISION', 1, '', '', 1, '2016-03-18 00:13:14'),
(648, 'Balança De Precisão', 'Bel / Bioprecisão', 3, '', '', 1, '2016-03-18 00:13:14'),
(649, 'Microscópio', 'ZEISS', 6, '', '', 1, '2016-03-18 00:13:14'),
(650, 'Lupa', 'Tecnival ', 4, '', '', 1, '2016-03-18 00:13:14'),
(651, 'Incubadora BOD', 'Biothec', 1, '', '', 1, '2016-03-18 00:13:14'),
(652, ' Microscopio Biológico Binocular', 'ZEISS', 7, '', '', 1, '2016-03-18 00:13:14'),
(653, 'Microscopio Biológico Trinocular', 'Não Informado', 1, '', '', 1, '2016-03-18 00:13:14'),
(654, 'Microscópio Para Cinco Observadores', 'Motic', 1, '', '', 1, '2016-03-18 00:13:14'),
(655, 'Termociclador', 'PCR System', 1, '', '', 1, '2016-03-18 00:13:14'),
(656, 'Centrífuga', 'CELM', 1, '', '', 1, '2016-03-18 00:13:14'),
(657, 'Estufa', 'Fanem', 1, '', '', 1, '2016-03-18 00:13:14'),
(658, 'Revelador', 'Locus Bionetcnologia', 1, 'L - PIX', '', 1, '2016-03-18 00:13:14'),
(659, 'Centrífuga Refrigerada', 'Thermo Cientific', 1, '', '', 1, '2016-03-18 00:13:14'),
(660, 'Agitador Vortex', ' Warmnest', 1, '', '', 1, '2016-03-18 00:13:14'),
(661, 'Agitador - Aquecedor', 'Fanem', 1, '', '', 1, '2016-03-18 00:13:14'),
(662, 'Microscópio', 'ZEISS', 4, '', '', 1, '2016-03-18 00:13:14'),
(663, 'Estufa De Cultura', 'Fanem', 1, '', '', 1, '2016-03-18 00:13:14'),
(664, 'Balança', 'Shimadzu', 1, '', '', 1, '2016-03-18 00:13:14'),
(665, 'Kit Simulador Eletro - Pneumático ', 'Festo', 1, '', 'Sistema Modular de Produção', 1, '2016-03-18 00:13:14'),
(666, 'Kit Simulador Eletro - Pneumático ', 'Festo', 1, '', 'Sistema Modular de Produção', 1, '2016-03-18 00:13:14'),
(667, 'Planta Industrial', 'Festo', 1, '', '', 1, '2016-03-18 00:13:14'),
(668, 'Planta Industrial', 'Festo', 1, '', '', 1, '2016-03-18 00:13:14'),
(669, 'Espectrofotômetro ', 'SHIMADZU', 1, '', '', 1, '2016-03-18 00:13:14'),
(670, 'Espectrofotômetro Infravermelho', 'SHIMADZU', 1, '', '', 1, '2016-03-18 00:13:14'),
(671, 'Analisador Térmico ', 'SHIMADZU', 1, 'DTG-60 ', '', 1, '2016-03-18 00:13:14'),
(672, 'Calorímetro Diferenciado De Varredura', 'SHIMADZU', 1, 'DSC-60', '', 1, '2016-03-18 00:13:14'),
(673, 'Espectro Fluorímetro ', 'SHIMADZU', 1, '', '', 1, '2016-03-18 00:13:14'),
(674, 'Evaporadora Química PV300', 'Prest Vácuo ', 1, 'PV 300', 'Oferece uma grande flexibilidade em sistemas de deposição a vácuo, projetadas exclusivamente para pesquisas, desenvolvimento em indústrias e universidades. 							\n							\n', 1, '2016-03-18 00:13:14'),
(675, 'Balança Analítica ', 'SHIMADZU', 1, '', '', 1, '2016-03-18 00:13:14'),
(676, 'Motor De Indução Trifásico', 'WEG', 4, '- Potência 1,5 CV\n- 380/ 220 V', '', 1, '2016-03-18 00:13:14'),
(677, 'Motor De Indução Trifásico', 'WEG', 4, '- Potência 1,5 CV\n- 380/ 220 V', '', 0, '2016-03-18 00:13:14'),
(678, 'Transformador Trifásico De Distribuição ', 'WEG', 1, '', '', 0, '2016-03-18 00:13:14'),
(679, 'Transformador Trifásico De Distribuição ', 'WEG', 1, '', '', 1, '2016-03-18 00:13:14'),
(680, 'Gerador', 'Yamaha', 1, '- Potência de 5,50 kVA.\n- Combustível gasolina.\n', '', 1, '2016-03-18 00:13:14'),
(681, 'Motor De Indução Monofásico', 'WEG', 4, '', '', 1, '2016-03-18 00:13:14'),
(682, 'Servomotor', 'WEG', 4, '', '', 1, '2016-03-18 00:13:14'),
(683, 'Soft-starter', 'WEG', 3, '- Modelo SSW 06', '', 1, '2016-03-18 00:13:14'),
(684, 'Inversor De Frequência', 'WEG', 2, '- Modelo CFW - 11', '', 1, '2016-03-18 00:13:14'),
(685, 'Difratômetro De Raio X', 'Rigaku', 1, 'Modelo: MiniFlex 600; potência máxima: 600W; tensão variável:20 a 40kV variável em 1kV; corrente variável:	2 a 15mA variável em 1mA; goniômetro vertical:	150mm de raio; faixa de varredura do goniômetro:	-3 a 145º (2θ); passo mínimo:	2θ/min; velocidade de varredura:0,01º ~ 100º/min; velocidade de Deslocamento:	500º/min (2θ)', 'Equipamento para a caracterização de matérias em forma de pó e creme.', 1, '2016-03-18 00:13:14'),
(686, 'Circulador De Baixa Temperatura', 'Rigaku', 1, 'Modelo:CA-1320B; sistema de circulação fechada; temperatura ambiente:5 ~ 35ºC; dimensões (mm):W460 x D510 x H570; peso: aproximadamente 50kg; Intervalo do Controle de Temperatura:	10°C ~ 30ºC; precisão do controle de temperatura:±2.0ºC~; capacidade de resfriamento: 1000W em 10ºC; capacidade de resfriamento: quantidade Máxima de Fluxo: 4L/min e \nintervalo de máxima de pressão: 0,25MPa. 	\nSistema de Controle de Temperatura: controle de refrigeração ON-OFF.\nOpção:Controle de vazão (válvula de desvio), correção da temperatura mostrada.	\nControlador de temperatura:	Display Digital;\nsensor de temperatura:termistor\nrefrigeração: sistema de ar-refrigerador 675W ° R407C,bomba de circulação; bomba de cascata de bronze; vazão máxima: 5L/min;\ntaxa de elevação máxima: 50m;\nbobina de resfriamento: SUS304.', 'Equipamento que mantém estável a temperatura do difratômetro de raio-x.\n', 1, '2016-03-18 00:13:14'),
(687, 'MIni Tubos De Raio X', 'Amptek', 2, 'Modelo:	XR-100T', 'Equipamento portátil para medição de campo eletromagnético.\n', 1, '2016-03-18 00:13:14'),
(688, 'Detector De RX', 'Amptek', 1, 'Modelo:	XR-100T\nTipo do Detetor:Diodo de telureto de cádmio(CdTe); dimensões do Detetor:	3 x 3 mm (9 mm²), 5 x 5 mm (25 mm²); resolução da energia @ 122 keV, 57Co; 9 mm²: <1,2 keV FWHM. típico\n25 mm²: <1,2 keV FWHM. típico. \nContagem de Escuro (dark counts):< 0,005 counts/seg @ 10keV < E < MeV. Dimensões (cm):7,6 x 4,4 x 2,9; peso (g):	125; \ntemperatura de operação (ºC):0 até +40.', 'Equipamento portátil para medição de campo eletromagnético.\n', 1, '2016-03-18 00:13:14'),
(689, 'Espectrômetro De Raio X', 'Amptek', 1, 'Modelo:X-123; resolução de energia: de 145 a 260eV FWHM @ 5,9 keV. Depende do detetor, peaking time e da temperatura.\nFaixa de Energia: Eficiência > 25% para raios X de 1,5 a 25keV. Pode ser usado fora dessa faixa com uma menor eficiência.', 'Equipamento portátil para medição de campo eletromagnético.', 1, '2016-03-18 00:13:14'),
(690, 'Processador De Pulsos Digitais', 'Amptek', 1, 'Forma de Pulso:trapezoidal;\nvazão: o sistema eletrônico de processamento de pulso tem um tempo de ciclo de 1 µs;\nnúmero de canais: programável para canais de 256, 512, 1k, 4k ou 8k;\nsaída DCA: usada em modo osciloscópio, para visualizar as formas dos pulso e diagnosticar outros sinais. Faixa de 0 1 V.\nEntrada Analógica:	pulsos do XR100 ou qualquer detetor com pre-amplificador com reset.\nEnergia XR100: prover energia para o pré-amplificador e o detetor.', 'Equipamento para a caracterização do espectro eletromagnético.\n', 1, '2016-03-18 00:13:14'),
(691, 'MiSeq (Next Generation Sequencing, NGS) ', 'Illumina', 1, 'Este sequenciador é capaz de gerar até 15 Gb de dados com 25 milhões de reads (tamanho de um read 2x300 pb) em apenas 2,5 dias, o que corresponde, por exemplo, a sequenciar 300 vezes o genoma completo do fungo causador da vassoura-de-bruxa (Moniliophthora perniciosa) em apenas 2,5 dias.\nO MiSeq pode analisar até 384 amostras em uma única corrida, o que permite inúmeras aplicações em um tempo reduzido.', 'Permite o sequenciamento de pequenos genomas (ex. genoma de fungo), metagenomas (ex. amostras de solo, de água), genes e amplicons alvos, bem como análise de expressão de genes (transcritômica por RNA-seq), entre outras aplicações. \n', 1, '2016-03-18 00:13:14'),
(692, 'Spectrofluorophotometer', 'Shimatzu', 1, 'Modelo RF-5301PC', 'Este equipamento realiza medidas de emissão e absorção em regiões do espectro eletromagnético do UV-Vis e infravermelho', 1, '2016-11-29 13:03:37'),
(693, 'Geladeira  Biplex ', 'Consul', 2, 'Geladeira biplex com 334 litros de capacidade', 'Uso para armazenamento adequado de biomoléculas, soluções e reagentes que necessitam de ambiente em baixa temperaturas', 1, '2016-11-29 13:20:45'),
(694, 'Potenciostato', 'Autolab', 1, 'Micro Autolab III', 'Equipamento empregado em medidas de potencial e corrente sobre condições controladas', 1, '2016-11-29 13:24:22');

-- --------------------------------------------------------

--
-- Estrutura da tabela `equipamento_has_img`
--

CREATE TABLE `equipamento_has_img` (
  `id_equipamento_img` int(11) NOT NULL,
  `fk_id_img_equipamento` int(11) NOT NULL,
  `fk_id_equipamento` int(11) NOT NULL
) ENGINE=InnoDB DEFAULT CHARSET=utf8;

--
-- Extraindo dados da tabela `equipamento_has_img`
--

INSERT INTO `equipamento_has_img` (`id_equipamento_img`, `fk_id_img_equipamento`, `fk_id_equipamento`) VALUES
(2, 2, 2),
(3, 3, 3),
(4, 4, 4),
(5, 5, 5),
(6, 6, 6),
(7, 7, 7),
(8, 8, 8),
(9, 9, 9),
(10, 10, 10),
(11, 11, 11),
(12, 12, 12),
(13, 13, 13),
(14, 14, 14),
(15, 15, 15),
(16, 16, 16),
(17, 17, 17),
(18, 18, 18),
(19, 19, 19),
(20, 20, 20),
(21, 21, 21),
(22, 22, 22),
(23, 23, 23),
(24, 24, 24),
(25, 25, 25),
(26, 26, 26),
(27, 27, 27),
(28, 28, 28),
(29, 29, 29),
(30, 30, 30),
(31, 31, 31),
(32, 32, 32),
(33, 33, 33),
(34, 34, 34),
(35, 35, 35),
(36, 36, 36),
(37, 37, 36),
(38, 38, 36),
(39, 39, 36),
(40, 40, 37),
(41, 41, 38),
(42, 42, 39),
(43, 43, 40),
(44, 44, 41),
(45, 45, 43),
(46, 46, 44),
(47, 47, 46),
(48, 48, 45),
(49, 49, 47),
(53, 53, 50),
(54, 54, 50),
(55, 55, 49),
(56, 56, 51),
(57, 57, 52),
(58, 58, 53),
(59, 59, 54),
(60, 60, 55),
(61, 61, 56),
(62, 62, 57),
(63, 63, 58),
(64, 64, 59),
(65, 65, 60),
(66, 66, 61),
(67, 67, 61),
(68, 68, 61),
(69, 69, 62),
(70, 70, 63),
(71, 71, 64),
(72, 72, 65),
(73, 73, 66),
(74, 74, 67),
(75, 75, 68),
(76, 76, 69),
(77, 77, 70),
(78, 78, 72),
(79, 79, 73),
(80, 80, 74),
(81, 81, 75),
(82, 82, 76),
(83, 83, 77),
(84, 84, 78),
(85, 85, 79),
(86, 86, 79),
(87, 87, 80),
(88, 88, 81),
(89, 89, 71),
(90, 90, 82),
(91, 91, 83),
(92, 92, 84),
(93, 93, 85),
(94, 94, 86),
(95, 95, 87),
(96, 96, 87),
(97, 97, 88),
(98, 98, 89),
(99, 99, 90),
(100, 100, 91),
(101, 101, 92),
(102, 102, 93),
(103, 103, 94),
(104, 104, 95),
(105, 105, 96),
(106, 106, 96),
(107, 107, 97),
(108, 108, 98),
(109, 109, 99),
(110, 110, 100),
(111, 111, 101),
(112, 112, 102),
(113, 113, 103),
(114, 114, 104),
(115, 115, 105),
(116, 116, 106),
(117, 117, 107),
(118, 118, 108),
(119, 119, 108),
(120, 120, 42),
(121, 121, 109),
(122, 122, 109),
(123, 123, 110),
(124, 124, 111),
(125, 125, 112),
(126, 126, 113),
(127, 127, 114),
(128, 128, 115),
(129, 129, 116),
(130, 130, 117),
(131, 131, 118),
(132, 132, 121),
(133, 133, 121),
(134, 134, 122),
(135, 135, 123),
(136, 136, 123),
(137, 137, 124),
(138, 138, 125),
(139, 139, 126),
(140, 140, 127),
(141, 141, 127),
(142, 142, 128),
(143, 143, 129),
(144, 144, 130),
(145, 145, 131),
(146, 146, 131),
(147, 147, 132),
(148, 148, 133),
(149, 149, 134),
(151, 151, 136),
(152, 152, 137),
(153, 153, 138),
(154, 154, 139),
(155, 155, 140),
(156, 156, 141),
(157, 157, 143),
(158, 158, 142),
(159, 159, 144),
(160, 160, 145),
(161, 161, 146),
(162, 162, 147),
(163, 163, 148),
(164, 164, 164),
(165, 165, 165),
(166, 166, 166),
(167, 167, 167),
(168, 168, 168),
(169, 169, 169),
(170, 170, 170),
(171, 171, 171),
(172, 172, 172),
(173, 173, 173),
(174, 174, 174),
(175, 175, 176),
(176, 176, 177),
(177, 177, 178),
(178, 178, 179),
(179, 179, 179),
(180, 180, 175),
(181, 181, 180),
(182, 182, 181),
(183, 183, 182),
(184, 184, 182),
(185, 185, 183),
(186, 186, 184),
(187, 187, 185),
(188, 188, 186),
(189, 189, 187),
(190, 190, 188),
(191, 191, 189),
(192, 192, 190),
(193, 193, 191),
(194, 194, 192),
(195, 195, 193),
(196, 196, 194),
(197, 197, 194),
(198, 198, 195),
(199, 199, 196),
(200, 200, 197),
(201, 201, 198),
(202, 202, 198),
(203, 203, 198),
(204, 204, 199),
(205, 205, 199),
(206, 206, 200),
(207, 207, 200),
(208, 208, 201),
(209, 209, 202),
(210, 210, 202),
(211, 211, 203),
(212, 212, 204),
(213, 213, 204),
(214, 214, 205),
(215, 215, 205),
(216, 216, 206),
(217, 217, 206),
(218, 218, 207),
(219, 219, 207),
(220, 220, 208),
(221, 221, 209),
(222, 222, 210),
(223, 223, 211),
(224, 224, 212),
(225, 225, 213),
(226, 226, 213),
(227, 227, 214),
(228, 228, 215),
(229, 229, 216),
(230, 230, 217),
(231, 231, 219),
(232, 232, 220),
(233, 233, 221),
(234, 234, 222),
(235, 235, 222),
(236, 236, 223),
(237, 237, 223),
(238, 238, 224),
(239, 239, 224),
(240, 240, 224),
(241, 241, 225),
(242, 242, 226),
(243, 243, 227),
(244, 244, 228),
(245, 245, 229),
(246, 246, 230),
(247, 247, 231),
(248, 248, 232),
(249, 249, 233),
(250, 250, 234),
(251, 251, 235),
(252, 252, 236),
(253, 253, 237),
(254, 254, 238),
(255, 255, 239),
(256, 256, 240),
(257, 257, 241),
(258, 258, 242),
(259, 259, 243),
(260, 260, 243),
(261, 261, 244),
(262, 262, 244),
(263, 263, 245),
(264, 264, 245),
(265, 265, 246),
(266, 266, 248),
(267, 267, 248),
(268, 268, 249),
(269, 269, 250),
(270, 270, 251),
(271, 271, 251),
(272, 272, 252),
(273, 273, 253),
(274, 274, 254),
(275, 275, 255),
(276, 276, 256),
(277, 277, 257),
(278, 278, 257),
(279, 279, 258),
(280, 280, 259),
(281, 281, 260),
(282, 282, 261),
(283, 283, 262),
(284, 284, 263),
(285, 285, 263),
(286, 286, 263),
(287, 287, 264),
(288, 288, 264),
(289, 289, 264),
(290, 290, 264),
(291, 291, 264),
(292, 292, 264),
(293, 293, 264),
(294, 294, 265),
(295, 295, 266),
(296, 296, 267),
(297, 297, 269),
(298, 298, 270),
(299, 299, 271),
(300, 300, 272),
(301, 301, 273),
(302, 302, 274),
(303, 303, 275),
(304, 304, 276),
(307, 307, 279),
(308, 308, 280),
(309, 309, 281),
(310, 310, 281),
(311, 311, 282),
(312, 312, 283),
(313, 313, 284),
(314, 314, 285),
(315, 315, 285),
(316, 316, 285),
(317, 317, 286),
(318, 318, 286),
(319, 319, 287),
(320, 320, 288),
(321, 321, 289),
(322, 322, 290),
(323, 323, 291),
(324, 324, 292),
(325, 325, 292),
(326, 326, 294),
(327, 327, 295),
(328, 328, 296),
(329, 329, 297),
(330, 330, 298),
(331, 331, 299),
(332, 332, 300),
(333, 333, 301),
(334, 334, 301),
(335, 335, 302),
(336, 336, 302),
(337, 337, 303),
(338, 338, 303),
(339, 339, 304),
(340, 340, 305),
(341, 341, 306),
(342, 342, 307),
(343, 343, 308),
(344, 344, 309),
(345, 345, 310),
(346, 346, 311),
(347, 347, 311),
(348, 348, 312),
(349, 349, 312),
(350, 350, 313),
(351, 351, 314),
(352, 352, 315),
(353, 353, 316),
(354, 354, 317),
(355, 355, 318),
(356, 356, 319),
(357, 357, 320),
(358, 358, 321),
(359, 359, 322),
(360, 360, 323),
(361, 361, 324),
(362, 362, 325),
(363, 363, 326),
(364, 364, 327),
(365, 365, 328),
(366, 366, 329),
(367, 367, 330),
(368, 368, 331),
(369, 369, 332),
(370, 370, 333),
(371, 371, 334),
(372, 372, 335),
(373, 373, 336),
(374, 374, 337),
(375, 375, 338),
(376, 376, 338),
(377, 377, 339),
(378, 378, 340),
(379, 379, 341),
(380, 380, 341),
(383, 383, 344),
(384, 384, 344),
(385, 385, 344),
(386, 386, 345),
(387, 387, 345),
(388, 388, 346),
(389, 389, 347),
(390, 390, 348),
(391, 391, 349),
(392, 392, 350),
(393, 393, 351),
(394, 394, 352),
(395, 395, 353),
(396, 396, 354),
(397, 397, 356),
(398, 398, 355),
(399, 399, 358),
(400, 400, 357),
(401, 401, 359),
(402, 402, 360),
(403, 403, 361),
(404, 404, 361),
(405, 405, 362),
(406, 406, 363),
(407, 407, 364),
(408, 408, 365),
(409, 409, 365),
(410, 410, 366),
(411, 411, 367),
(412, 412, 368),
(413, 413, 369),
(414, 414, 370),
(415, 415, 371),
(416, 416, 372),
(417, 417, 373),
(418, 418, 374),
(419, 419, 376),
(420, 420, 377),
(421, 421, 379),
(422, 422, 380),
(423, 423, 382),
(424, 424, 383),
(425, 425, 384),
(426, 426, 385),
(427, 427, 386),
(428, 428, 387),
(429, 429, 388),
(430, 430, 388),
(431, 431, 389),
(432, 432, 389),
(433, 433, 390),
(434, 434, 390),
(435, 435, 391),
(436, 436, 392),
(437, 437, 393),
(438, 438, 394),
(439, 439, 395),
(440, 440, 396),
(441, 441, 397),
(442, 442, 398),
(443, 443, 399),
(444, 444, 400),
(445, 445, 401),
(446, 446, 402),
(447, 447, 403),
(448, 448, 404),
(449, 449, 405),
(450, 450, 406),
(451, 451, 407),
(452, 452, 408),
(453, 453, 409),
(454, 454, 410),
(455, 455, 411),
(456, 456, 412),
(457, 457, 413),
(458, 458, 414),
(459, 459, 415),
(460, 460, 416),
(461, 461, 417),
(462, 462, 418),
(464, 464, 420),
(465, 465, 421),
(466, 466, 422),
(467, 467, 423),
(468, 468, 424),
(469, 469, 425),
(470, 470, 426),
(471, 471, 427),
(472, 472, 428),
(473, 473, 429),
(474, 474, 430),
(475, 475, 432),
(476, 476, 433),
(477, 477, 434),
(478, 478, 435),
(479, 479, 436),
(480, 480, 437),
(481, 481, 438),
(482, 482, 439),
(483, 483, 440),
(484, 484, 441),
(485, 485, 442),
(486, 486, 443),
(487, 487, 444),
(488, 488, 445),
(489, 489, 446),
(490, 490, 447),
(491, 491, 448),
(492, 492, 449),
(493, 493, 450),
(494, 494, 451),
(495, 495, 452),
(496, 496, 453),
(497, 497, 454),
(498, 498, 454),
(499, 499, 455),
(500, 500, 456),
(501, 501, 457),
(502, 502, 458),
(503, 503, 459),
(504, 504, 460),
(505, 505, 460),
(506, 506, 461),
(507, 507, 462),
(508, 508, 462),
(509, 509, 463),
(510, 510, 464),
(511, 511, 465),
(512, 512, 466),
(513, 513, 467),
(514, 514, 468),
(515, 515, 469),
(516, 516, 470),
(517, 517, 471),
(518, 518, 472),
(519, 519, 473),
(520, 520, 474),
(521, 521, 475),
(522, 522, 476),
(523, 523, 477),
(524, 524, 478),
(525, 525, 479),
(526, 526, 480),
(527, 527, 481),
(528, 528, 482),
(529, 529, 482),
(530, 530, 482),
(531, 531, 483),
(532, 532, 483),
(533, 533, 484),
(534, 534, 485),
(535, 535, 487),
(536, 536, 488),
(537, 537, 489),
(538, 538, 490),
(539, 539, 491),
(540, 540, 492),
(541, 541, 492),
(543, 543, 494),
(544, 544, 494),
(545, 545, 495),
(546, 546, 495),
(547, 547, 496),
(548, 548, 496),
(549, 549, 293),
(550, 550, 293),
(551, 551, 497),
(552, 552, 497),
(553, 553, 498),
(554, 554, 498),
(555, 555, 499),
(556, 556, 499),
(557, 557, 500),
(558, 558, 501),
(559, 559, 502),
(560, 560, 503),
(561, 561, 504),
(562, 562, 505),
(563, 563, 506),
(564, 564, 507),
(565, 565, 508),
(566, 566, 509),
(567, 567, 509),
(568, 568, 510),
(569, 569, 511),
(570, 570, 512),
(571, 571, 513),
(572, 572, 513),
(573, 573, 513),
(574, 574, 514),
(575, 575, 515),
(576, 576, 516),
(582, 582, 519),
(583, 583, 520),
(584, 584, 521),
(585, 585, 522),
(586, 586, 523),
(587, 587, 524),
(588, 588, 525),
(589, 589, 526),
(590, 590, 527),
(591, 591, 528),
(592, 592, 529),
(593, 593, 530),
(594, 594, 530),
(595, 595, 531),
(596, 596, 531),
(597, 597, 531),
(598, 598, 532),
(599, 599, 533),
(600, 600, 534),
(601, 601, 535),
(602, 602, 536),
(603, 603, 537),
(604, 604, 538),
(605, 605, 539),
(606, 606, 540),
(607, 607, 541),
(608, 608, 542),
(609, 609, 543),
(610, 610, 544),
(611, 611, 545),
(612, 612, 546),
(613, 613, 547),
(614, 614, 548),
(615, 615, 549),
(616, 616, 550),
(617, 617, 551),
(618, 618, 552),
(619, 619, 553),
(620, 620, 554),
(621, 621, 555),
(622, 622, 556),
(623, 623, 557),
(624, 624, 558),
(625, 625, 559),
(626, 626, 560),
(627, 627, 562),
(628, 628, 563),
(629, 629, 564),
(630, 630, 565),
(631, 631, 566),
(632, 632, 567),
(633, 633, 568),
(634, 634, 568),
(635, 635, 569),
(636, 636, 570),
(637, 637, 571),
(638, 638, 572),
(639, 639, 573),
(640, 640, 574),
(641, 641, 574),
(642, 642, 575),
(643, 643, 576),
(644, 644, 577),
(645, 645, 578),
(646, 646, 579),
(647, 647, 580),
(648, 648, 581),
(649, 649, 582),
(650, 650, 582),
(651, 651, 583),
(652, 652, 583),
(653, 653, 584),
(654, 654, 584),
(655, 655, 585),
(656, 656, 586),
(657, 657, 587),
(658, 658, 588),
(659, 659, 589),
(660, 660, 590),
(661, 661, 591),
(662, 662, 592),
(663, 663, 592),
(664, 664, 593),
(665, 665, 594),
(666, 666, 595),
(667, 667, 596),
(668, 668, 596),
(669, 669, 597),
(670, 670, 598),
(671, 671, 598),
(672, 672, 599),
(673, 673, 600),
(674, 674, 600),
(675, 675, 600),
(676, 676, 601),
(677, 677, 602),
(678, 678, 603),
(679, 679, 603),
(680, 680, 604),
(681, 681, 605),
(682, 682, 606),
(683, 683, 607),
(684, 684, 608),
(685, 685, 608),
(686, 686, 609),
(687, 687, 611),
(688, 688, 611),
(689, 689, 612),
(690, 690, 612),
(691, 691, 613),
(692, 692, 614),
(693, 693, 615),
(694, 694, 616),
(695, 695, 617),
(696, 696, 618),
(697, 697, 619),
(698, 698, 620),
(699, 699, 621),
(700, 700, 621),
(701, 701, 622),
(702, 702, 623),
(703, 703, 624),
(704, 704, 625),
(705, 705, 626),
(706, 706, 627),
(707, 707, 628),
(708, 708, 629),
(709, 709, 630),
(710, 710, 631),
(711, 711, 632),
(712, 712, 633),
(713, 713, 634),
(714, 714, 637),
(715, 715, 637),
(716, 716, 637),
(717, 717, 637),
(718, 718, 638),
(719, 719, 638),
(720, 720, 639),
(721, 721, 639),
(722, 722, 640),
(723, 723, 640),
(724, 724, 641),
(725, 725, 641),
(726, 726, 642),
(727, 727, 643),
(728, 728, 644),
(729, 729, 645),
(730, 730, 645),
(731, 731, 645),
(732, 732, 646),
(733, 733, 647),
(734, 734, 648),
(735, 735, 648),
(736, 736, 648),
(737, 737, 649),
(738, 738, 649),
(739, 739, 650),
(740, 740, 650),
(741, 741, 651),
(742, 742, 652),
(743, 743, 653),
(744, 744, 653),
(745, 745, 654),
(746, 746, 655),
(747, 747, 656),
(748, 748, 657),
(749, 749, 658),
(750, 750, 659),
(751, 751, 660),
(752, 752, 662),
(753, 753, 663),
(754, 754, 664),
(755, 755, 665),
(756, 756, 666),
(757, 757, 665),
(758, 758, 667),
(759, 759, 668),
(760, 760, 669),
(761, 761, 669),
(762, 762, 670),
(763, 763, 670),
(764, 764, 671),
(765, 765, 672),
(766, 766, 672),
(767, 767, 673),
(768, 768, 673),
(769, 769, 674),
(770, 770, 674),
(771, 771, 675),
(772, 772, 675),
(773, 773, 678),
(774, 774, 680),
(775, 775, 679),
(776, 776, 682),
(777, 777, 676),
(778, 778, 679),
(779, 779, 681),
(780, 780, 684),
(781, 781, 683),
(782, 782, 149),
(783, 783, 150),
(784, 784, 151),
(785, 785, 152),
(786, 786, 153),
(787, 787, 154),
(788, 788, 155),
(789, 789, 156),
(790, 790, 157),
(791, 791, 158),
(792, 792, 160),
(793, 793, 161),
(794, 794, 162),
(795, 795, 163),
(796, 796, 685),
(797, 797, 686),
(798, 798, 687),
(799, 799, 688),
(800, 800, 689),
(801, 801, 690),
(802, 802, 691),
(803, 803, 223),
(804, 804, 223),
(805, 805, 223),
(806, 806, 223),
(807, 807, 493);

-- --------------------------------------------------------

--
-- Estrutura da tabela `img_equipamento`
--

CREATE TABLE `img_equipamento` (
  `id_img_equipamento` int(11) NOT NULL,
  `nome_ime` varchar(60) NOT NULL,
  `nome_antigo_ime` varchar(60) NOT NULL,
  `tamanho_ime` float NOT NULL,
  `extensao_ime` varchar(5) NOT NULL,
  `ativo_ime` int(11) NOT NULL DEFAULT '1'
) ENGINE=InnoDB DEFAULT CHARSET=utf8;

--
-- Extraindo dados da tabela `img_equipamento`
--

INSERT INTO `img_equipamento` (`id_img_equipamento`, `nome_ime`, `nome_antigo_ime`, `tamanho_ime`, `extensao_ime`, `ativo_ime`) VALUES
(1, '7a8a6c99d12ed666f20d0e3460ba31f9.jpg', 'eqpTeste1.jpg', 60.45, '.jpg', 1),
(2, 'ac2f4af05c7a800dbb3193c2da820a96.JPG', 'DSC02390.JPG', 55.94, '.JPG', 1),
(3, '53058254abf725e629ab1662bda7da4f.JPG', 'DSC02391.JPG', 165.49, '.JPG', 1),
(4, '4f5d9677d75b3bb38321ddeecade7ee5.JPG', 'DSC02392.JPG', 177.96, '.JPG', 1),
(5, '21d6e8ca8e8fa4c6b92f0f2d471ac1ba.JPG', 'DSC02394.JPG', 203.52, '.JPG', 1),
(6, '9eaf250bdecb5b9f728dfff81a043802.JPG', 'DSC02395.JPG', 187.55, '.JPG', 1),
(7, '77e61c6e6cfe1d8d823c25e114cfec26.JPG', 'DSC02396.JPG', 178.38, '.JPG', 1),
(8, '508a8de4eac2793c61ed6737f1393fa7.JPG', 'DSC02397.JPG', 205.12, '.JPG', 1),
(9, '3509465f48c0f3395b8bfe4b8a71caae.JPG', 'DSC02398.JPG', 191.29, '.JPG', 1),
(10, 'ddaebb24d60077b027b736f2a6a47f88.JPG', 'DSC02399.JPG', 218.86, '.JPG', 1),
(11, '3d0f0d94163272e99f319a9f9fef8f7c.JPG', 'DSC02400.JPG', 173.71, '.JPG', 1),
(12, 'ed3b57ff82d7130174be6983e4050e7a.JPG', 'DSC02401.JPG', 237.26, '.JPG', 1),
(13, '65563cf8d2c47d323bc8ac991fceddd1.JPG', 'DSC02402.JPG', 267.51, '.JPG', 1),
(14, '025bcf34c8b436bf70e13b7d1cbc2881.JPG', 'DSC02140.JPG', 151.34, '.JPG', 1),
(15, '78555027e140e57a5ff783703e3d6db2.JPG', 'DSC02142.JPG', 190.07, '.JPG', 1),
(16, 'c86a291909e6a0cbd9eb4d1d30c206ed.JPG', 'DSC02144.JPG', 178.99, '.JPG', 1),
(17, '45a3c8332cb75dcaec8ed44091f42baf.JPG', 'DSC02145.JPG', 178.4, '.JPG', 1),
(18, '2f466e8cc4a1a5669cc392d1262d6f49.JPG', 'DSC02146.JPG', 186.73, '.JPG', 1),
(19, '52d607f3360d24215cfc17ddcab8b7fc.JPG', 'DSC02148.JPG', 182.13, '.JPG', 1),
(20, 'f2950da7e4cfb4d22db2aa91b319d4bb.JPG', 'DSC02149.JPG', 146.48, '.JPG', 1),
(21, '874703b0ed0816188884557915593449.JPG', 'DSC02150.JPG', 207.48, '.JPG', 1),
(22, 'b190c67590b8910598e2e64ac491660c.JPG', 'DSC02151.JPG', 190.54, '.JPG', 1),
(23, '946ccee697a9c746c239e11aa16b04d4.JPG', 'DSC02153.JPG', 190.59, '.JPG', 1),
(24, 'ab72cd7822378769e0b36cfc05ff3ce3.JPG', 'DSC02154.JPG', 195.82, '.JPG', 1),
(25, '6b2c24d0dd3aeee984fd0f531d57aab8.JPG', 'DSC02155.JPG', 187.55, '.JPG', 1),
(26, '96a157c364033a87a5f8c39f0ff58271.JPG', 'DSC02156.JPG', 204.56, '.JPG', 1),
(27, '1bc4a059c90872d4df43ba782c6c7221.JPG', 'DSC02157.JPG', 217.33, '.JPG', 1),
(28, '42628b67644fdafa381e059a8e9fca31.JPG', 'DSC02160.JPG', 214.2, '.JPG', 1),
(29, '5f87d9076732993da64ce41d6088b903.JPG', 'DSC02162.JPG', 198.84, '.JPG', 1),
(30, '47c5eb5a66292688065f03e3040fde29.JPG', 'DSC02164.JPG', 179.09, '.JPG', 1),
(31, 'b34d919bb6fd8d9e8dd5d3f7d555436a.JPG', 'DSC02165.JPG', 199.76, '.JPG', 1),
(32, '2c4e404ccec904d753673ceb6951bc57.JPG', 'DSC02166.JPG', 184.62, '.JPG', 1),
(33, '0206ef82dabb7f9e0e9f8250925e888a.JPG', 'DSC02167.JPG', 197.43, '.JPG', 1),
(34, '4608e3fcfebea89a7944ce63031cdced.JPG', 'DSC02075.JPG', 201.8, '.JPG', 1),
(35, '423787d8cc342ab62f68aaacbc6398fd.JPG', 'DSC02076.JPG', 219.01, '.JPG', 1),
(36, '85bc249e62b56906f678de75a52cb734.JPG', 'DSC02077.JPG', 206.36, '.JPG', 1),
(37, '6832f5ab7965cf47b8ac384523a28da7.JPG', 'DSC02080.JPG', 207.27, '.JPG', 1),
(38, 'c5a001a75706979529c6e6f8f79d1478.JPG', 'DSC02079.JPG', 240.79, '.JPG', 1),
(39, '3775fdb48ad677a3de7b4e251556b2bf.JPG', 'DSC02078.JPG', 225.32, '.JPG', 1),
(40, 'e8e2528c9f7417231feabf38a3943145.JPG', 'DSC02081.JPG', 209.63, '.JPG', 1),
(41, 'ca68cb89167fbc8da85e8d444ba0e534.JPG', 'DSC02082.JPG', 216.51, '.JPG', 1),
(42, '46f2c16c31b4b7cfd8908f0b42f4e79d.JPG', 'DSC02085.JPG', 175.03, '.JPG', 1),
(43, '419ffd7d5e62f52b5759992707bbf02c.JPG', 'DSC02087.JPG', 172.93, '.JPG', 1),
(44, 'ff040fd0b5c42368373c8f123f1cc60e.JPG', 'DSC02088.JPG', 199.5, '.JPG', 1),
(45, '4f34f0c7da8fa3702ec8510685031ae0.JPG', 'DSC02532.JPG', 171.66, '.JPG', 1),
(46, 'da4dbee1fa535dc634c44179538ac278.JPG', 'DSC02534.JPG', 179.93, '.JPG', 1),
(47, '2a0c58ae05ffb849d2497a1900dca9f3.JPG', 'DSC02537.JPG', 148.5, '.JPG', 1),
(48, '91f88f46f87d3912551dd444e06987dc.JPG', 'DSC02535.JPG', 148.11, '.JPG', 1),
(49, 'd3e4ca00b4373b8f07bd9f11083fb012.JPG', 'DSC02538.JPG', 183.81, '.JPG', 1),
(50, '6ffd2d081c506f88bff6310a51f3ab64.JPG', 'DSC02539.JPG', 176.68, '.JPG', 1),
(51, '7e1dd44b2484c411780dcddec5db6a88.JPG', 'DSC02540.JPG', 159.68, '.JPG', 1),
(52, 'ab35d2f3bf0cf5e86c287487ac2748ce.JPG', 'DSC02541.JPG', 173.77, '.JPG', 1),
(53, 'b07fbe54e61064137a1bfd2485313fc7.JPG', 'DSC02539.JPG', 176.68, '.JPG', 1),
(54, '25d9eeb6fe3badc9b8c0213bd7560106.JPG', 'DSC02540.JPG', 159.68, '.JPG', 1),
(55, '222822b0c117e3d96a9a96d7f9daa234.JPG', 'DSC02542.JPG', 148.32, '.JPG', 1),
(56, '433be647633b98b34740347fa587b6df.JPG', 'DSC02543.JPG', 138.39, '.JPG', 1),
(57, '40365994ca83c7d2495a0009c1bbd574.JPG', 'DSC02545.JPG', 176.9, '.JPG', 1),
(58, '657de9aa7123bd2411052c281b924356.JPG', 'DSC02546.JPG', 1240.71, '.JPG', 1),
(59, 'a36ae8965a7080c2173ecab4a4bcb668.JPG', 'DSC02548.JPG', 217.52, '.JPG', 1),
(60, '09f81206c3624c0dfcb3dd21df3942c6.JPG', 'DSC02549.JPG', 210.4, '.JPG', 1),
(61, '10296e4a0ad2339f1b5f2ce2cc322bc5.JPG', 'DSC02550.JPG', 209.23, '.JPG', 1),
(62, '94bf02a8f4629fea8aff4b99929634da.JPG', 'DSC02551.JPG', 214.46, '.JPG', 1),
(63, 'c902322b611c6b914495060ce964f944.JPG', 'DSC02552.JPG', 239.96, '.JPG', 1),
(64, 'e3a3cc118887d01ae66f275f4c7cb265.JPG', 'DSC02553.JPG', 188.73, '.JPG', 1),
(65, 'e4f5376e4a3297b4e0ca48f31fed3fcf.JPG', 'DSC02554.JPG', 219.01, '.JPG', 1),
(66, '0a8b4f3a2b6f41084e2127adffbba654.JPG', 'DSC02555.JPG', 149.41, '.JPG', 1),
(67, '21df81c50f9a376aa6d8e1cb8c6d2f9f.JPG', 'DSC02556.JPG', 207.35, '.JPG', 1),
(68, '67fa20c3943c175eb8b6a0cb94eb27e6.JPG', 'DSC02558.JPG', 165.35, '.JPG', 1),
(69, '40f7131788bb7fb823b0ca131b39aaef.JPG', 'DSC02559.JPG', 72.78, '.JPG', 1),
(70, '263e923b94729159d6606318aa84a084.JPG', 'DSC02561.JPG', 181.37, '.JPG', 1),
(71, 'a0bc5c6ccf7393615e02a832955ae582.JPG', 'DSC02564.JPG', 218.75, '.JPG', 1),
(72, '89dd480eda0591526ecd32e53eca5c3e.JPG', 'DSC02566.JPG', 219.98, '.JPG', 1),
(73, 'd7566e8feec07f92485cda58c24ff501.JPG', 'DSC02568.JPG', 280.1, '.JPG', 1),
(74, 'aeeefb97fee5337aeef36ed7481ee13f.JPG', 'DSC02569.JPG', 211.61, '.JPG', 1),
(75, '043575cb2176f5019c63bbe94fd7ca58.JPG', 'DSC02572.JPG', 220.64, '.JPG', 1),
(76, '3dc904bd186a48d9c512140aa40f1daa.JPG', 'DSC02573.JPG', 176.11, '.JPG', 1),
(77, '03ae582acd54523815c0c34807e7a852.JPG', 'DSC02576.JPG', 209.81, '.JPG', 1),
(78, '2fc2e1b8f02c361a771725a1cd22f605.JPG', 'DSC02580.JPG', 188.86, '.JPG', 1),
(79, '2137948936c73a9f32e435f70e14e66a.jpg', '0__084621untitled-32.jpg', 11.06, '.jpg', 1),
(80, '99ceed8a40ca4b476b4e5a250510fc88.JPG', 'DSC02585.JPG', 231.3, '.JPG', 1),
(81, '83a620500dc171d4b5091d858b9ddb40.JPG', 'DSC02586.JPG', 194.19, '.JPG', 1),
(82, 'eebac764acfaa6f3e3755771d6de47e3.JPG', 'DSC02587.JPG', 299.07, '.JPG', 1),
(83, '0a4cbf2a89bf0b5d487b1eaa8f0fe540.JPG', 'DSC02589.JPG', 264.8, '.JPG', 1),
(84, '3d274af9db77b02743a505ee9303a665.JPG', 'DSC02591.JPG', 188.87, '.JPG', 1),
(85, 'bb7e88a25be4b57df399c6fbe3f25c10.JPG', 'DSC02595.JPG', 205.55, '.JPG', 1),
(86, 'd8fa0cdbdcd7ff493b8444cf896b4f3d.JPG', 'DSC02597.JPG', 188.39, '.JPG', 1),
(87, '67937ebcad7aba04b72e50574ca34dbf.JPG', 'DSC02597.JPG', 188.39, '.JPG', 1),
(88, 'c99ebff4d52a148868fd8a7d77d38729.JPG', 'DSC02599.JPG', 325.44, '.JPG', 1),
(89, '4b165a4a167cd26ebf204312aa335f7d.JPG', 'DSC02577.JPG', 268.8, '.JPG', 1),
(90, '8b76812f11c0abc0d4419d9765410693.JPG', 'DSC02740.JPG', 295.09, '.JPG', 1),
(91, 'a907a08c8d4ba107f8c6d7a50eb6126d.JPG', 'DSC02742.JPG', 243.84, '.JPG', 1),
(92, '93d70015e67dd4369159e69201d70d45.JPG', 'DSC02743.JPG', 260.44, '.JPG', 1),
(93, 'fe97fe69d8029f4e607bf337274154a8.JPG', 'DSC02745.JPG', 155.39, '.JPG', 1),
(94, '8002240c78ac648a7e28e2ebed3adbf6.JPG', 'DSC02747.JPG', 213.92, '.JPG', 1),
(95, 'b5b9953263d7f40e9fa769f83273c713.JPG', 'DSC02748.JPG', 154.38, '.JPG', 1),
(96, 'd96898232bd9eaf4e0e153a551cf243d.JPG', 'DSC02750.JPG', 165, '.JPG', 1),
(97, '34f71d8e0d9b321674b8c2397d472dbe.JPG', 'DSC02750.JPG', 165, '.JPG', 1),
(98, 'f1fbb54bc2b9cf25c287273f2b139baa.JPG', 'DSC02752.JPG', 227.88, '.JPG', 1),
(99, 'ad00be8d4875ec51d3bd3280a4e18d16.JPG', 'DSC02753.JPG', 166.18, '.JPG', 1),
(100, '31688d1bbaf0ebe4699af24232339415.JPG', 'DSC02754.JPG', 153.04, '.JPG', 1),
(101, 'c62bcbbeaace5ce1850714c02441584a.JPG', 'DSC02758.JPG', 230.72, '.JPG', 1),
(102, '633176d336c2d441f5762d22725c351b.JPG', 'DSC02759.JPG', 148.19, '.JPG', 1),
(103, 'e9dfeb7bf5c2d1bc26f10c561c8dfb43.JPG', 'DSC02760.JPG', 142.1, '.JPG', 1),
(104, '72e199e7c640496a6ff7a1370bd861a3.JPG', 'DSC02761.JPG', 161.69, '.JPG', 1),
(105, '2ed3eeacee48c0a5602c06658f2df417.JPG', 'DSC02406.JPG', 226.72, '.JPG', 1),
(106, 'c22f3dcc17eb98770f408ba259878701.JPG', 'DSC02406.JPG', 226.72, '.JPG', 1),
(107, 'b92c087640feb650c86d84cfc358cd96.JPG', 'DSC02407.JPG', 214.94, '.JPG', 1),
(108, 'a72d610afccdcdf4d56c1115e5bd0c7c.JPG', 'DSC02409.JPG', 210.96, '.JPG', 1),
(109, '23223081c2fa8b8232230412c8f5ceb9.JPG', 'DSC02411.JPG', 155.26, '.JPG', 1),
(110, 'b728322727444c8bd9fbc2e3a965a3db.JPG', 'DSC02412.JPG', 211.39, '.JPG', 1),
(111, 'cf4ceb1c651358f66c6271cd8ac7583a.JPG', 'DSC02414.JPG', 295.56, '.JPG', 1),
(112, '0ebc75296f5e40afd69b148c0f72d7a8.JPG', 'DSC02415.JPG', 253.06, '.JPG', 1),
(113, '80c01eabcd73fe242ea120dff6067733.JPG', 'DSC02416.JPG', 191.37, '.JPG', 1),
(114, 'ce78755d54382adf3f104a1348dc26df.JPG', 'DSC02418.JPG', 219.07, '.JPG', 1),
(115, '0717e2b5017f35d316542ead1dce345c.JPG', 'DSC02419.JPG', 169.5, '.JPG', 1),
(116, 'f34db38be4bb28688c9931b087076d45.JPG', 'DSC02420.JPG', 154.82, '.JPG', 1),
(117, '1e0e5b09b3767703740a5a0d37d955eb.JPG', 'DSC02421.JPG', 240.01, '.JPG', 1),
(118, '1509cdb4e86dd07c7e322a5b49b55521.JPG', 'DSC02422.JPG', 282.69, '.JPG', 1),
(119, '88115cc519b6cf5e1ad5b2732a8360e9.JPG', 'DSC02423.JPG', 237.03, '.JPG', 1),
(120, '36c369417b8db8752bfe67f95435d334.JPG', 'DSC02091.JPG', 185.69, '.JPG', 1),
(121, 'eae9d45a599cd1bca6b08cafca306f94.JPG', 'DSC02097.JPG', 228.88, '.JPG', 1),
(122, 'e82f72911953886096b6720fffca899c.JPG', 'DSC02098.JPG', 229.78, '.JPG', 1),
(123, 'ad4b277292c37e7b163a0d1fb8c95a06.JPG', 'DSC02099.JPG', 245.9, '.JPG', 1),
(124, '858448ce64d25ce177a7f5ff811f00d8.JPG', 'DSC02100.JPG', 272.81, '.JPG', 1),
(125, '6e9da84f63a34461ef66bf9796f81198.JPG', 'DSC02101.JPG', 205.59, '.JPG', 1),
(126, 'db103a2476be9ab437cf03e721f707e1.JPG', 'DSC02102.JPG', 186.98, '.JPG', 1),
(127, '5ca1aa113192dea57e7efff5a12ba0cf.JPG', 'DSC02103.JPG', 202.25, '.JPG', 1),
(128, '4e35ea661f26e6a6d466a5c09a1bbe80.JPG', 'DSC02104.JPG', 177.94, '.JPG', 1),
(129, '430a157c1bf44c1048597fbc066fe55f.JPG', 'DSC02105.JPG', 179.05, '.JPG', 1),
(130, '2b1aa3c7f529aa7f43e46af6654c8c3d.JPG', 'DSC02107.JPG', 233.93, '.JPG', 1),
(131, '550a7d51505bb87fae9b5d6f70055d06.JPG', 'DSC02108.JPG', 307.32, '.JPG', 1),
(132, '9e227c469863501dd8edc14a9ce6621a.JPG', 'DSC02491.JPG', 134.94, '.JPG', 1),
(133, 'edeae1ba0d2c0cba9a4ed3ce727e0686.JPG', 'DSC02492.JPG', 137.87, '.JPG', 1),
(134, '74b59df45b048fbafa5aa184c5e4062c.JPG', 'DSC02493.JPG', 187.36, '.JPG', 1),
(135, 'd2d2dd41ef65cc62057bb3ce19a7c20c.JPG', 'DSC02495.JPG', 214, '.JPG', 1),
(136, '09bc86d82e801f8fd7da80242b141b6f.JPG', 'DSC02496.JPG', 227.82, '.JPG', 1),
(137, 'ca5d9883ac4de75dca6aeed4fa1557ab.JPG', 'DSC02497.JPG', 123.68, '.JPG', 1),
(138, '29fe4f9f29dd695f2dfbea8d01f0152d.JPG', 'DSC02498.JPG', 155.87, '.JPG', 1),
(139, '917c8a57c37ec294f12b3cc93641e8ee.JPG', 'DSC02499.JPG', 211.29, '.JPG', 1),
(140, '8d0af0d6892d29122aed3d7871f85e70.JPG', 'DSC02501.JPG', 194.96, '.JPG', 1),
(141, 'f96b80ea95c6057ccdc818b524a58128.JPG', 'DSC02502.JPG', 237.62, '.JPG', 1),
(142, 'ca20873e8abf9c8f0d7bf3ae65391801.JPG', 'DSC02504.JPG', 190.05, '.JPG', 1),
(143, '141ec01b7be6aa314eee0a18c7a6c6ff.jpg', '1417716492c5898b684598002712c8ed2f6897cc6b.jpg', 27.86, '.jpg', 1),
(144, 'f19c814f54655bf3b27ff34a5ddcf6cb.jpg', 'termociclador.jpg', 53.3, '.jpg', 1),
(145, '1cee0e2c1a0a0d257500f149820efdc8.jpg', '14177169138f104c7e399b24ce8bff19ee153c5f1b.jpg', 41.47, '.jpg', 1),
(146, 'a3afef6d95d77d4ee29737fdd63e5991.jpg', '14177169339ce1d1d12ef7b76cb6d7734240af6fbe.jpg', 48.51, '.jpg', 1),
(147, '2d3042ce2fa7b8ec967eb58f7c539d90.jpg', '1417717074221ea6c595ee44037dc426fd7bd3363e.jpg', 57.72, '.jpg', 1),
(148, 'fb75496704f7e8366170e8cb769bc593.jpg', '1417717157ef7f2f729721d114e4ad2cec5fdda1a3.jpg', 36.75, '.jpg', 1),
(149, 'ac8bbb630f9453bdf47e5cc276e8cce8.jpg', '1417717301b4c01b5b40d8da4a956845154225dbd6.jpg', 45.7, '.jpg', 1),
(150, 'ca9092911f3bb223d78b95bf7df77a61.jpg', '1417717301b4c01b5b40d8da4a956845154225dbd6.jpg', 45.7, '.jpg', 1),
(151, 'aa6e930a4e2bfdca07030bb7c84cf629.jpg', '1417717637604fdb9761d0fb65b19f15c90838ebf9.jpg', 40.27, '.jpg', 1),
(152, '96c2a88b05b00e15523076b2b13c291d.jpg', '14177178617abc9f63792755a1aa9a1539e35e4633.jpg', 23.99, '.jpg', 1),
(153, '3100aa7e94ecc7ffe71a8f40a3e8f714.JPG', 'DSC01717.JPG', 141.01, '.JPG', 1),
(154, '3e417d44c7214bf04f95fafd152d4018.JPG', 'DSC01716.JPG', 164.54, '.JPG', 1),
(155, '333eea999bd714b2da843eaad604ad5f.JPG', 'DSC01718.JPG', 179.75, '.JPG', 1),
(156, '90607ebf2a82cbf5eef8c5eff9a7c21e.JPG', 'DSC01719.JPG', 195.93, '.JPG', 1),
(157, 'cd2fe27c31e6aa8944a259a969addfb3.JPG', 'DSC01721.JPG', 181.04, '.JPG', 1),
(158, 'c2b98a16a8e0e525dac03b35e72f7583.JPG', 'DSC01720.JPG', 201.78, '.JPG', 1),
(159, 'f3b410486ad4ad1ed1fa84c37211b96f.JPG', 'DSC01722.JPG', 207.64, '.JPG', 1),
(160, 'f247ff442d9b95182154b2b8519f493d.JPG', 'DSC01723.JPG', 179.98, '.JPG', 1),
(161, '6af69d226f48bb22d97873768bfd8e58.JPG', 'DSC01724.JPG', 173.73, '.JPG', 1),
(162, 'e04316beb2b08432561eb2b840aa6490.JPG', 'DSC01725.JPG', 169.96, '.JPG', 1),
(163, '08262688905ecab58e9da86df7b0ff9f.JPG', 'DSC01727.JPG', 178.77, '.JPG', 1),
(164, '525a3dd7c817219977fe84c5a4064d7a.JPG', 'DSC02121.JPG', 193.42, '.JPG', 1),
(165, 'd6f5ce55f70beee3f5e468dacf80f51c.JPG', 'DSC02122.JPG', 204.44, '.JPG', 1),
(166, 'be900af78029a132127598d6e353f421.JPG', 'DSC02123.JPG', 206.56, '.JPG', 1),
(167, '3586ec5607f920472e51211554690a3a.JPG', 'DSC02127.JPG', 191.04, '.JPG', 1),
(168, 'b18885489a14a652a00b3512a3a4e5d8.JPG', 'DSC02131.JPG', 201.75, '.JPG', 1),
(169, '4e933b9e750d0079419fd823c9f91a3f.JPG', 'DSC02128.JPG', 185.3, '.JPG', 1),
(170, '6022ae39619ed1e643eabcf10f134582.JPG', 'DSC02136.JPG', 353.85, '.JPG', 1),
(171, 'dbd39789fc0b7849793e7efb23fe4254.JPG', 'DSC02227.JPG', 133.89, '.JPG', 1),
(172, '5e9274630bc20b319e540b37552120d2.JPG', 'DSC02228.JPG', 271.54, '.JPG', 1),
(173, 'bbefe02032d218089150aa25540aded9.JPG', 'DSC02231.JPG', 259.88, '.JPG', 1),
(174, '1da99693d207fa6fe94ae0a29e963586.JPG', 'DSC02233.JPG', 253, '.JPG', 1),
(175, 'e237130fd6f6d9b880a8e4da3a6240ef.JPG', 'DSC02238.JPG', 204.42, '.JPG', 1),
(176, '17a351dfc9f9df07973dfef518e6cc1e.JPG', 'DSC02242.JPG', 251.33, '.JPG', 1),
(177, '2eee61e5790c3c0337196f0b97e8bdd6.JPG', 'DSC02239.JPG', 215.12, '.JPG', 1),
(178, 'f4bfd795afb98cea2ad07fcd0ca19c88.JPG', 'DSC02243.JPG', 269.88, '.JPG', 1),
(179, '911b49f6d40b75185eafd4e777851382.JPG', 'DSC02245.JPG', 200.21, '.JPG', 1),
(180, 'f13fbafff7fbfdc1c7ba54a9dcd9df36.JPG', 'DSC02235.JPG', 179.45, '.JPG', 1),
(181, '58469f04cf9ee63722f4352c1005e79c.JPG', 'DSC02247.JPG', 273.96, '.JPG', 1),
(182, '25774eefbd377ca1aad5ede408e90561.JPG', 'DSC02252.JPG', 138.36, '.JPG', 1),
(183, '480a237153b40d6a96650c955eeac256.JPG', 'DSC02253.JPG', 210.81, '.JPG', 1),
(184, '3caadbef79bf8a26fa479b6253294467.JPG', 'DSC02254.JPG', 243.61, '.JPG', 1),
(185, 'fbb3df95d53dc2a6176e953ede7f1c3a.JPG', 'DSC02255.JPG', 239.33, '.JPG', 1),
(186, '06802374de5969a4a74852085c5b80f0.JPG', 'DSC01938.JPG', 295.34, '.JPG', 1),
(187, '54e76b13be45eb966c15cb5614b5a8bc.JPG', 'DSC01939.JPG', 179.98, '.JPG', 1),
(188, '03612b98a09e7932d13bb12a9cfca7bc.JPG', 'DSC01940.JPG', 210.62, '.JPG', 1),
(189, '9a72267d93348006a60cfa1d60f82a3d.JPG', 'DSC01942.JPG', 206.88, '.JPG', 1),
(190, '6f8352bb26936a3b90efe8042a99e84f.JPG', 'DSC01950.JPG', 201.81, '.JPG', 1),
(191, '8eabb41b58a11fe4e33e72355d3d07a8.JPG', 'DSC01952.JPG', 207.83, '.JPG', 1),
(192, 'd77808e915be668bfb78493a5a86da6f.JPG', 'DSC01953.JPG', 167.05, '.JPG', 1),
(193, '0603e09338f989aea0b5ca1b0e1b661a.JPG', 'DSC01955.JPG', 162.6, '.JPG', 1),
(194, '74080a76fd4d194a2d8e170a21938d90.JPG', 'DSC01947.JPG', 166.81, '.JPG', 1),
(195, '5c88bea63c54b86d9e661c31b99ac749.JPG', 'DSC01959.JPG', 207.48, '.JPG', 1),
(196, '8447b7fc80caf668e24f31944224b0c2.JPG', 'DSC01962.JPG', 248.29, '.JPG', 1),
(197, '221c0b4c2a7b1291ec723ed6620290f2.JPG', 'DSC01963.JPG', 197.88, '.JPG', 1),
(198, '5d55c5c550f07b96ce752b6ee3d9d521.JPG', 'DSC01964.JPG', 250.95, '.JPG', 1),
(199, 'e87a690114cc18f9e38f070ad4bc2427.JPG', 'DSC01966.JPG', 210.18, '.JPG', 1),
(200, '39829f92e920457e09ba23ee59437161.JPG', 'DSC01969.JPG', 193.18, '.JPG', 1),
(201, '48208b6d4d17087642446625ee14b356.JPG', 'DSC01970.JPG', 208.57, '.JPG', 1),
(202, '31076e8d4ca4cee4533c5d0e8dbedb70.JPG', 'DSC01972.JPG', 178.77, '.JPG', 1),
(203, '20b0e05bcfe6919ffceeb8d6b8029abd.JPG', 'DSC01973.JPG', 210.54, '.JPG', 1),
(204, '16c874bcb5093b6bf59fba77a6d6a454.JPG', 'DSC01977.JPG', 312.7, '.JPG', 1),
(205, '8d084865067de27db645b26fc5524b42.JPG', 'DSC01979.JPG', 252.03, '.JPG', 1),
(206, 'a13b0ab0537491f96c437e1c1eb85ac9.JPG', 'DSC01982.JPG', 219.64, '.JPG', 1),
(207, '26f7d2a2eb293e4e93c01d838e77836c.JPG', 'DSC01986.JPG', 226.08, '.JPG', 1),
(208, '23b333166d0b970fca989b317d3b0ef1.JPG', 'DSC01989.JPG', 229.41, '.JPG', 1),
(209, '7d7f8c3f8415fbd7159ba47a4c9889f8.JPG', 'DSC02260.JPG', 120.79, '.JPG', 1),
(210, '50f440f51499ce63f96bc893fab39d39.JPG', 'DSC02261.JPG', 321.75, '.JPG', 1),
(211, '10d9862e0119e59d4a3dd8e13d4ecadc.JPG', 'DSC02263.JPG', 224.13, '.JPG', 1),
(212, '5421af39510afbc1e33b928e5bbeebd8.JPG', 'DSC02266.JPG', 238.5, '.JPG', 1),
(213, 'd91966370a86c2e1b554d4e1986722f9.JPG', 'DSC02267.JPG', 153.67, '.JPG', 1),
(214, 'fa4f70455cf7bd18b9e014b92d95dc59.JPG', 'DSC02268.JPG', 168.51, '.JPG', 1),
(215, '8ba17677f7afdc8e804b2c68e0768682.JPG', 'DSC02269.JPG', 134.05, '.JPG', 1),
(216, 'bcec7c3315799487907de10cfa31a238.JPG', 'DSC02270.JPG', 165.55, '.JPG', 1),
(217, 'bec4925982ee833b45b74523a901c995.JPG', 'DSC02271.JPG', 164.68, '.JPG', 1),
(218, '050282d35cecab9fb226c02f9830785e.JPG', 'DSC02262.JPG', 117.09, '.JPG', 1),
(219, '3b528e0e1c6b4a0645d922c5b8358077.JPG', 'DSC02263.JPG', 224.13, '.JPG', 1),
(220, 'b831e252827614d800036c98f6ff5a17.JPG', 'DSC02275.JPG', 143.66, '.JPG', 1),
(221, 'f443c3efdc561bbda57221f698930680.JPG', 'DSC02276.JPG', 169.37, '.JPG', 1),
(222, '41070d55e8a0ccfb8edbd937d2f8b97b.JPG', 'DSC02277.JPG', 152.83, '.JPG', 1),
(223, '235243c494109eb3e17d970a166a157e.JPG', 'DSC02279.JPG', 285.37, '.JPG', 1),
(224, '0b16b26f5153bf441267e41e1e181fb3.JPG', 'DSC02280.JPG', 210.21, '.JPG', 1),
(225, '133b5e0f2203ef658a82396d316d9870.JPG', 'DSC02281.JPG', 178.85, '.JPG', 1),
(226, 'e8eadf5b142655addc4c5d512306eb10.JPG', 'DSC02282.JPG', 160.53, '.JPG', 1),
(227, 'b720c79236e7b369e0fc5315440637c6.JPG', 'DSC02283.JPG', 317.68, '.JPG', 1),
(228, 'fc38a098748260b97e900bada3f0af66.JPG', 'DSC02284.JPG', 186.61, '.JPG', 1),
(229, '4a0d32257dd47a4a8137c5b528b73c28.JPG', 'DSC02285.JPG', 117.23, '.JPG', 1),
(230, '77bc04245bd33fd9622c22735c3945fe.JPG', 'DSC02286.JPG', 260.17, '.JPG', 1),
(231, '75e4804869d4b4d4fbb9fe883320279c.JPG', 'DSC02287.JPG', 215.14, '.JPG', 1),
(232, '7848fc74b1167e8d12b4bcf60f54ecb8.JPG', 'DSC02288.JPG', 151.36, '.JPG', 1),
(233, 'dc0c533d3b679b98da70dbe328ac99a8.JPG', 'DSC02289.JPG', 149.06, '.JPG', 1),
(234, 'c6ddef3beeb664f45cea5a6024986368.JPG', 'DSC02290.JPG', 221.62, '.JPG', 1),
(235, '1d7e6e3aa5f2b668779fcf7c49ac3a77.JPG', 'DSC02291.JPG', 131.31, '.JPG', 1),
(236, '0f8bf04e51d93743b88a7885f34e6921.JPG', 'DSC02429.JPG', 212.62, '.JPG', 1),
(237, '0e29db5976b624881d58190d0a67f581.JPG', 'DSC02430.JPG', 218.41, '.JPG', 1),
(238, '71adedaa73e601a8e674e9dfa4a7c60a.JPG', 'DSC02433.JPG', 230.64, '.JPG', 1),
(239, '5af73e163bfdefbd34ebe400d983f34c.JPG', 'DSC02434.JPG', 231.08, '.JPG', 1),
(240, '8b97653edc53558eebf59e5d391907a6.JPG', 'DSC02435.JPG', 269.91, '.JPG', 1),
(241, '7ac6ebcb16c01f9bcd379905af00cfb8.JPG', 'DSC02436.JPG', 241.62, '.JPG', 1),
(242, 'def6373d6cdc96787b6c9ea470e23128.JPG', 'DSC02437.JPG', 159.18, '.JPG', 1),
(243, '14e76ff24820c5c861970b7d52d1f735.JPG', 'DSC02439.JPG', 148.38, '.JPG', 1),
(244, 'c0070fbe91a9657ef7bda5c07a9beea8.JPG', 'DSC02328.JPG', 188.83, '.JPG', 1),
(245, 'f6bd405e547735db1790fa6e674b5a41.JPG', 'DSC02329.JPG', 270.42, '.JPG', 1),
(246, '187e8673c24337d9e85694b093a1f1bc.JPG', 'DSC02330.JPG', 178.52, '.JPG', 1),
(247, '7f10ac22991432ea0649553f8260c717.JPG', 'DSC02331.JPG', 245.54, '.JPG', 1),
(248, 'ffe96f46530f0f82c7660dad3715d9aa.JPG', 'DSC02332.JPG', 228.19, '.JPG', 1),
(249, 'd8d966984edb194498523a10f068a2b8.JPG', 'DSC02333.JPG', 229.7, '.JPG', 1),
(250, '63cc76c28d9879d500900fa42e886093.JPG', 'DSC02334.JPG', 200.99, '.JPG', 1),
(251, '69e625e15cca5eec1e2d1ab0b0bf1949.JPG', 'DSC02335.JPG', 171.29, '.JPG', 1),
(252, 'a088e69d4489d98c9438944734ce3129.JPG', 'DSC02336.JPG', 225.44, '.JPG', 1),
(253, '0f1f595a50fa9587d77aa5e2cce40e69.JPG', 'DSC02337.JPG', 217.71, '.JPG', 1),
(254, '24a12a2762448f54a643eec82a7d9ef2.JPG', 'DSC02338.JPG', 203.79, '.JPG', 1),
(255, '3329b2ea1617caa385c989ca36b50479.JPG', 'DSC02800.JPG', 202.23, '.JPG', 1),
(256, 'c4c4958dc500400c69f6d605339f88ac.JPG', 'DSC02802.JPG', 213.47, '.JPG', 1),
(257, 'ee65c9ed279d776727db3302da346a70.JPG', 'DSC02803.JPG', 181.17, '.JPG', 1),
(258, '07b584419fc017ef0ae2cdb7b2dec512.JPG', 'DSC02804.JPG', 199.8, '.JPG', 1),
(259, '0dd4d2c96a964c2d3e7f9c37570cc98f.JPG', 'DSC02805.JPG', 115.6, '.JPG', 1),
(260, '27f0850867371ba5ae77a670869f649f.JPG', 'DSC02806.JPG', 213.93, '.JPG', 1),
(261, 'da7ec0c5bbc877dd21c536acef6b5389.JPG', 'DSC02807.JPG', 120.01, '.JPG', 1),
(262, 'ae6ae16a1473dc00a0dc02bf52c40781.JPG', 'DSC02808.JPG', 114.14, '.JPG', 1),
(263, 'd01e95c31b5bc07919549dc1ece221d7.JPG', 'DSC02809.JPG', 208.99, '.JPG', 1),
(264, '5fde1010a9a38343b238c10bb686b7f4.JPG', 'DSC02810.JPG', 143.24, '.JPG', 1),
(265, 'bc4f4b5aefb32fda28ee1d495f456d4d.JPG', 'DSC02811.JPG', 213.64, '.JPG', 1),
(266, 'dedd6dfa4f51221ba6993435232e5bd2.JPG', 'DSC02820.JPG', 52.14, '.JPG', 1),
(267, '6a733bb391d11aa146df6cbc7df1df7d.JPG', 'DSC02821.JPG', 64.54, '.JPG', 1),
(268, '750e37d817921d29cda920e7eb548ddb.JPG', 'DSC02822.JPG', 88.17, '.JPG', 1),
(269, '98ce29da29966fb3dfee4f2dcd5fe6cb.JPG', 'DSC02824.JPG', 58.01, '.JPG', 1),
(270, '8c0f8563a471bc470d03ee8a16f921aa.JPG', 'DSC02825.JPG', 83.71, '.JPG', 1),
(271, 'be0a86eb776739434269abbfda4f421d.JPG', 'DSC02826.JPG', 99.23, '.JPG', 1),
(272, 'e222434cb495dd10e9fa6310d243e4bf.JPG', 'DSC02827.JPG', 55.37, '.JPG', 1),
(273, '5839975e134b04bf6491796bf6b05c00.JPG', 'DSC02828.JPG', 64.27, '.JPG', 1),
(274, '2e165cc8be3e5508919593caaf4f86a9.JPG', 'DSC02829.JPG', 55.67, '.JPG', 1),
(275, 'beb34d9a39084f60e9211210e1136dc2.JPG', 'DSC02830.JPG', 66.94, '.JPG', 1),
(276, 'c572a661f9b9bdee6f945e0049b30398.JPG', 'DSC02831.JPG', 230.96, '.JPG', 1),
(277, 'd4e78d7a5db1cc2f07b7036abfcbc972.JPG', 'DSC02832.JPG', 260.67, '.JPG', 1),
(278, 'cfb1c73c1fdea09f9fbdc77654a4b23b.JPG', 'DSC02833.JPG', 205.47, '.JPG', 1),
(279, 'a21fc2999176d756e90aee87d4722d95.JPG', 'DSC02873.JPG', 204.13, '.JPG', 1),
(280, '757449657b7679b0b419de1deb76f448.JPG', 'DSC02872.JPG', 232.85, '.JPG', 1),
(281, '9b94b3add48ae161f68ab03b246d983e.JPG', 'DSC02874.JPG', 229.93, '.JPG', 1),
(282, '4ea0e99bcad89f3f9bb435705e4c2937.jpg', 'produto_Foto2_3243390.jpg', 18.33, '.jpg', 1),
(283, '978ea6d627868f3aad91283fb2c2ca6e.JPG', 'DSC02794.JPG', 224.58, '.JPG', 1),
(284, 'f54c1549c2827d2786870faf2a9d3172.JPG', 'DSC02798.JPG', 200.24, '.JPG', 1),
(285, '656c8e26e3a2b442666f124d1e8f5189.JPG', 'DSC02797.JPG', 196.2, '.JPG', 1),
(286, 'dbf80362684d30a0ed2ddaa8ca995e31.JPG', 'DSC02796.JPG', 200.84, '.JPG', 1),
(287, '4efc5aa48b440d31d21fafad55be3a4c.JPG', 'DSC02445.JPG', 158.86, '.JPG', 1),
(288, '3ccec19182683aae92488a0f07104d6a.JPG', 'DSC02448.JPG', 211.14, '.JPG', 1),
(289, '3018de326ad19b2a107e62deb9360161.JPG', 'DSC02450.JPG', 97.93, '.JPG', 1),
(290, 'd41568f762c38b5f3bb40bc457734765.JPG', 'DSC02451.JPG', 204.66, '.JPG', 1),
(291, '83ab39e1f6c7dcc99200b8cec77e2d9d.JPG', 'DSC02452.JPG', 165.47, '.JPG', 1),
(292, 'ef8b8306cc593b11e55e202ebc038f91.JPG', 'DSC02454.JPG', 208.29, '.JPG', 1),
(293, '9794e4187126eb2e3c5294e31337fff4.JPG', 'DSC02455.JPG', 231.8, '.JPG', 1),
(294, 'c6ebeebd385095d6774b8301d350e77b.JPG', 'DSC02670.JPG', 261.19, '.JPG', 1),
(295, 'e09875cad3a77b72bca5028c96764350.JPG', 'DSC02669.JPG', 282.97, '.JPG', 1),
(296, '67fff1eb7293692f7e4c94c782a688c7.JPG', 'DSC02673.JPG', 210.44, '.JPG', 1),
(297, 'b2b9aeda06e2c970570e578c958a8042.JPG', 'DSC02675.JPG', 301.19, '.JPG', 1),
(298, '5dbcbe8adc823a857f463e2a3890fbcc.JPG', 'DSC02676.JPG', 270.67, '.JPG', 1),
(299, 'a2541dcdddf85d09f7137df4a495b1fa.JPG', 'DSC02677.JPG', 328.41, '.JPG', 1),
(300, 'b0b74dbce1803661017ebb3a9c4f5fde.JPG', 'DSC02679.JPG', 132.31, '.JPG', 1),
(301, '8ba57b34fcd4631e7e79eb83e6192ef4.JPG', 'DSC02680.JPG', 169.01, '.JPG', 1),
(302, '87fe460c8cd3841e61e3e09032e0a512.JPG', 'DSC02681.JPG', 134.06, '.JPG', 1),
(303, '6817d7f24dbf4ba5bff454cb10dad203.JPG', 'DSC02682.JPG', 265.28, '.JPG', 1),
(304, '54100bbc0a817745ebb7ea8a19f749e4.JPG', 'DSC02684.JPG', 184.74, '.JPG', 1),
(307, 'bf5add4fc0f9139fbcdffe56514a63ed.JPG', 'DSC02340.JPG', 78.07, '.JPG', 1),
(308, '203e4fcf2f145c62eb0bf08fefa8f40e.JPG', 'DSC02341.JPG', 190.71, '.JPG', 1),
(309, '6c79740e2e421e891e254ddde1b46506.JPG', 'DSC02348.JPG', 147.34, '.JPG', 1),
(310, 'e49bb81debad4b223ce66665092615c4.JPG', 'DSC02349.JPG', 180.2, '.JPG', 1),
(311, '6b41f9148957aee0fc3c1efd7e152113.JPG', 'DSC02350.JPG', 113.05, '.JPG', 1),
(312, '69270730077af2568b1903aab41ac326.JPG', 'DSC02339.JPG', 154.54, '.JPG', 1),
(313, '62eb19326b0dc3a4d1036a9cb4f0233e.JPG', 'DSC02341.JPG', 190.71, '.JPG', 1),
(314, '60af3e26447bb2cc63fe8d1aa06dc77d.JPG', 'DSC01665.JPG', 150.05, '.JPG', 1),
(315, 'c8ce30fa2a0d4c5bf9ed6b039d2cb4d1.JPG', 'DSC01666.JPG', 131.6, '.JPG', 1),
(316, 'bbad9d542e82d10e43c6b73c3b149c29.JPG', 'DSC01667.JPG', 141.01, '.JPG', 1),
(317, 'fd59cb1a176fce39dc9275091a4440d4.JPG', 'DSC01668.JPG', 128.62, '.JPG', 1),
(318, '4f92600d39c20b35ddfcbfa1a33c1c71.JPG', 'DSC01670.JPG', 185.02, '.JPG', 1),
(319, 'ac51f77da14a5ef86364b7de06defbca.JPG', 'DSC01671.JPG', 247.15, '.JPG', 1),
(320, '1929fd8fc957c8187c53e7d181a4921d.JPG', 'DSC01677.JPG', 118.91, '.JPG', 1),
(321, 'a7f05847aed5aad492a5e868ec77588d.JPG', 'DSC01678.JPG', 247.65, '.JPG', 1),
(322, 'e56e4f9f4dc88fcc2149b0dc45f54e89.JPG', 'DSC01641.JPG', 203.26, '.JPG', 1),
(323, 'ba9e71ed064cc32853647a71ac4e00cd.JPG', 'DSC01640.JPG', 190.63, '.JPG', 1),
(324, '34c11fc64c4ec1eb77be561945b91cf3.JPG', 'DSC02628.JPG', 273.96, '.JPG', 1),
(325, '347d8ebba478a3d4570a67a907453512.JPG', 'DSC02629.JPG', 266.81, '.JPG', 1),
(326, 'bb23e6c12e26fde2485d241ed3e219b7.JPG', 'DSC02779.JPG', 107.49, '.JPG', 1),
(327, 'e1204c9412f7c8e65f390308aed00ed7.JPG', 'DSC02780.JPG', 232.79, '.JPG', 1),
(328, '8c98cd5476a159c3521c79d467f969dd.JPG', 'DSC02786.JPG', 100.39, '.JPG', 1),
(329, '9bd2393b4bb6dd49a01a6be6d694dc5f.JPG', 'DSC02784.JPG', 93.93, '.JPG', 1),
(330, 'ce078290ab743beef0b7199638d39849.JPG', 'DSC02788.JPG', 143.22, '.JPG', 1),
(331, '235b29f113d6ae4741d2f5c984994a8e.JPG', 'DSC02714.JPG', 138.18, '.JPG', 1),
(332, 'd842f13134e39f16741cb557f005d520.JPG', 'DSC02715.JPG', 157.67, '.JPG', 1),
(333, '691ff13749668366385434a0b0d326b9.JPG', 'DSC02716.JPG', 59.05, '.JPG', 1),
(334, 'a0b1f99ffe0a8d40230287349371721c.JPG', 'DSC02717.JPG', 238.97, '.JPG', 1),
(335, '8f388ebb562f22f135dde62b0a590ce9.JPG', 'DSC02718.JPG', 80.81, '.JPG', 1),
(336, 'f61980e03e32553d3185892b738f70f8.JPG', 'DSC02719.JPG', 215.91, '.JPG', 1),
(337, '4846917791cf0e241f2b77b0c2689672.JPG', 'DSC02720.JPG', 137.99, '.JPG', 1),
(338, '8d992d922e571105590dce8147ca6751.JPG', 'DSC02721.JPG', 237.24, '.JPG', 1),
(339, '4e6ab1213cfcae053b7d3dbcaf5ace44.JPG', 'DSC02722.JPG', 144.21, '.JPG', 1),
(340, 'f5fd6384d7b2ff98fb9bfd65fb28d8db.JPG', 'DSC02724.JPG', 273.64, '.JPG', 1),
(341, '4b5d8bd0fa9f776c13088c8d42a892b9.JPG', 'DSC02728.JPG', 173.95, '.JPG', 1),
(342, '0c4da6f04d5e676ca09a2c104afaad6a.JPG', 'DSC02730.JPG', 85.01, '.JPG', 1),
(343, 'a14f2a6e015e8bfbc53c76152ca5bc74.JPG', 'DSC01808.JPG', 50.55, '.JPG', 1),
(344, '32792f27a4eb9c0d93406a863076a71b.JPG', 'DSC01810.JPG', 636.65, '.JPG', 1),
(345, '58af43b9c0f88691e41fd07ef6fa5f8c.JPG', 'DSC01553.JPG', 62.65, '.JPG', 1),
(346, 'cbab4b6fe0454e04b49bc6a68a29f72f.JPG', 'DSC01555.JPG', 152.71, '.JPG', 1),
(347, 'dd7ff063fa5fa5ddf947399708af706e.JPG', 'DSC01556.JPG', 287.54, '.JPG', 1),
(348, '006693e24bbc59febcf61836435de27e.JPG', 'DSC01557.JPG', 136.19, '.JPG', 1),
(349, '5bf9680f7da44e3b1727ec5f2babb16a.JPG', 'DSC01558.JPG', 226.63, '.JPG', 1),
(350, '09be931424aba028f2c95f88509a01a4.JPG', 'DSC01559.JPG', 134.89, '.JPG', 1),
(351, '862c34200b7247eab0a81542e2c185b9.JPG', 'DSC01560.JPG', 170.32, '.JPG', 1),
(352, '81b683db80cb779cb6b4b0943e3938ff.jpg', 'Banho_Maria_Nova_Tecnica.jpg', 12.63, '.jpg', 1),
(353, '1b5d85f2a8a6295f272d52acd29e4041.jpg', 'Estufa_Quimis.jpg', 4.01, '.jpg', 1),
(354, 'a5d3739df377960b45c53f2fa0586370.jpg', 'Estufa_nova_tecnica.jpg', 7.38, '.jpg', 1),
(355, '1f03f53802dc15f79eae35b1625f4a4f.jpg', 'microsopio_leia.jpg', 16.55, '.jpg', 1),
(356, '5fc972628ad79bc51fae4bff754ef922.jpg', 'destilador_de_nitrogênio.jpg', 20.5, '.jpg', 1),
(357, '8a61432397c1a4f7b9018e4a1860ecd8.jpg', 'agitador_magnetico.jpg', 35.7, '.jpg', 1),
(358, 'b5b6e04746fd00e670f1e468b2a7e53c.jpg', 'Lupa_Leica.jpg', 10.76, '.jpg', 1),
(359, '8c750fc7db7b7901d9e5a2fed9b021d5.jpg', 'fotometro_de_chama.jpg', 6.77, '.jpg', 1),
(360, 'a3381fd51665600c5ffc97cde954e7b4.jpg', 'agitador_magnetico_com_aquecedor.jpg', 24.46, '.jpg', 1),
(361, '2063db4abaac061e7061aed5b461ec0c.jpg', 'centrifuga_fanem.jpg', 44.42, '.jpg', 1),
(362, 'b31cc9085f6c2bed65162e2d12610c17.jpg', 'dispensador_tecnal.jpg', 4.94, '.jpg', 1),
(363, 'e339494c8c2ce07973389c18e1cce909.JPG', 'DSC02368.JPG', 92.14, '.JPG', 1),
(364, 'cb1eb20cda8dec7d21d374160cfda337.JPG', 'DSC02369.JPG', 86.66, '.JPG', 1),
(365, '2d7fcb8e890cacc5a165ef97fe631972.JPG', 'DSC02370.JPG', 143.13, '.JPG', 1),
(366, '4f541aae0104d43620c96663fec7bb9e.JPG', 'DSC02371.JPG', 108.73, '.JPG', 1),
(367, '16e5ea968cebc983bc1ed4575a0573f4.jpg', 'Penetrômetro.jpg', 4.05, '.jpg', 1),
(368, '4f25973ff3eb09f022c70f0b6ad9113a.jpg', 'centrifuga.jpg', 18.07, '.jpg', 1),
(369, '026254cc25f1298324434216f56ad7b9.jpg', 'agitador_tipo_wagner.jpg', 45.49, '.jpg', 1),
(370, '97257e3b8cb72099c1efe73d02a71bd1.jpg', 'agitador_solab.jpg', 31.24, '.jpg', 1),
(371, '9c836f22a0a273d6bbcb5884ec0174f0.jpg', 'estufa_fanem.jpg', 43.68, '.jpg', 1),
(372, '09ebd39ce292145728b67d4100def9bf.jpg', 'agitador_de_peneiras.jpg', 8.32, '.jpg', 1),
(373, '904dcb7213f0533f06d3609ee5261872.jpg', 'Estufa_com_circulação_e_renovação_de_ar.jpg', 5.06, '.jpg', 1),
(374, '2f5b0f90b13bf1071e03ac5713167b17.JPG', 'DSC02060.JPG', 87.13, '.JPG', 1),
(375, '5ca48c7519b24daea2a4067a716f1896.JPG', 'DSC02057.JPG', 100.66, '.JPG', 1),
(376, 'ff4acc53d8643d6123fb7204a4d20226.JPG', 'DSC02058.JPG', 93.59, '.JPG', 1),
(377, '7960134f76306c111afe46e2df0eadb3.JPG', 'DSC02059.JPG', 89.22, '.JPG', 1),
(378, '6dbd2aecd8593706959d4ff0bbc01bab.JPG', 'DSC02061.JPG', 95.64, '.JPG', 1),
(379, 'e0f332b4518f7cf68a5e409b2642e75b.JPG', 'DSC02062.JPG', 75.99, '.JPG', 1),
(380, '0ac1c03ed4791feebb2a737b0bda8c50.JPG', 'DSC02063.JPG', 93.36, '.JPG', 1),
(381, '19e5fad37406ec9c9f72f5ab93db87a0.JPG', 'DSC02064.JPG', 134.41, '.JPG', 1),
(382, '380e47acf65100a9f36d80cf20108da4.JPG', 'DSC02064.JPG', 134.41, '.JPG', 1),
(383, '1567d82c0f7cb069bcde14c7afa0044b.JPG', 'DSC02064.JPG', 134.41, '.JPG', 1),
(384, 'd0f81591f30a788ba260094e5feeb436.JPG', 'DSC02064.JPG', 134.41, '.JPG', 1),
(385, '1af6a1541d241b9244eb4911d4a1d27a.JPG', 'DSC02065.JPG', 124.3, '.JPG', 1),
(386, 'cd6e5e67c96d7267d80201ebd9ef52b3.JPG', 'DSC01808.JPG', 230.95, '.JPG', 1),
(387, '70a52503680031165855af25d6550355.JPG', 'DSC01809.JPG', 241.68, '.JPG', 1),
(388, 'b4ba56cb5297f06f0fdf5e82cb6044cd.JPG', 'DSC01811.JPG', 208.69, '.JPG', 1),
(389, 'bdc64a18264100cc71cffaf1a4a1ed34.JPG', 'DSC01821.JPG', 135.79, '.JPG', 1),
(390, '748c45d3ead09f2539b81042f8e9a5ad.JPG', 'DSC01819.JPG', 237.12, '.JPG', 1),
(391, 'd0202ff739a51276e50fa5a3cb6ffb4b.JPG', 'DSC01822.JPG', 171.25, '.JPG', 1),
(392, '976d869b5e97606f8d677c5a5e4dc379.JPG', 'DSC01823.JPG', 272.49, '.JPG', 1),
(393, '87b11cf77c7a40d80f0b24f5057cce47.JPG', 'DSC01785.JPG', 99.27, '.JPG', 1),
(394, '6104c923d21140e66e81e6cde6ae09c7.JPG', 'DSC01787.JPG', 84.65, '.JPG', 1),
(395, 'a89ccc9442c04a6b95c4f9cec402126e.JPG', 'DSC01619.JPG', 276.62, '.JPG', 1),
(396, 'af2d858d0a75d86e239f2e6c6aa5e05a.JPG', 'DSC01622.JPG', 184.82, '.JPG', 1),
(397, 'f74ae727f67c2276871bc2285ba8a9a4.JPG', 'DSC01624.JPG', 118.93, '.JPG', 1),
(398, '46e79679829607038f3fb94ab2a6e788.JPG', 'DSC01789.JPG', 77.23, '.JPG', 1),
(399, '000cad3d09cb46301aaadee3344ddef7.JPG', 'DSC01625.JPG', 156.38, '.JPG', 1),
(400, '3ba0a9df5456e579cc1c522d38d4be9c.JPG', 'DSC01792.JPG', 93.35, '.JPG', 1),
(401, 'f7f264c447706e334639b0ae9d5bf07a.JPG', 'DSC01794.JPG', 81.06, '.JPG', 1),
(402, '74ae2b3b9ecec87b6b7735f70fe79057.JPG', 'DSC01795.JPG', 107.91, '.JPG', 1),
(403, '706e7e9de8e62c6fd96fa6ef62a75ceb.JPG', 'DSC01799.JPG', 85.06, '.JPG', 1),
(404, '93257ccab99d79a48018f58ff88ae2d9.JPG', 'DSC01798.JPG', 75.9, '.JPG', 1),
(405, '8246395ea5aa3cbc124fb41cff8b3a62.JPG', 'DSC01784.JPG', 105.12, '.JPG', 1),
(406, 'de1bc36c560ec2c74b197411c329e1a4.JPG', 'DSC01782.JPG', 81.8, '.JPG', 1),
(407, '5f44a307ccc3382a78e03bbbaec57557.JPG', 'DSC01780.JPG', 97.15, '.JPG', 1),
(408, '7934f825a0a4e19c9b3138b04d51de4a.JPG', 'DSC01864.JPG', 94.28, '.JPG', 1),
(409, 'b9c7a66f8280073dcc7f3090e99d22ed.JPG', 'DSC01865.JPG', 97.94, '.JPG', 1),
(410, 'c1cf6585f19e21aa750a309299d79c14.JPG', 'DSC01869.JPG', 87.74, '.JPG', 1),
(411, '070b07b1e48124fee89a1a41b2266406.JPG', 'DSC01870.JPG', 79.39, '.JPG', 1),
(412, '00e46949708d3dd820430eec300ea408.JPG', 'DSC01871.JPG', 101.48, '.JPG', 1),
(413, '9fded42d12dce33464557183a6d38ef6.JPG', 'DSC01872.JPG', 95.68, '.JPG', 1),
(414, 'f5f1ca8852d642e13c452f5ad38fca44.JPG', 'DSC01873.JPG', 99.96, '.JPG', 1),
(415, '34a31beb7806861f94cd8766e7c056d1.JPG', 'DSC01876.JPG', 94.96, '.JPG', 1),
(416, '00e7039dec8cb35d506c8bdef487a682.JPG', 'DSC01877.JPG', 102.11, '.JPG', 1),
(417, 'd0ff3a0857cd82931916e7268d2c53f8.JPG', 'DSC01878.JPG', 94.62, '.JPG', 1),
(418, '769472329a20629c8ebbb2fe838c1e1a.JPG', 'DSC01879.JPG', 120.22, '.JPG', 1),
(419, 'bb2c0676abc54986fdb573d75671a4e5.JPG', 'DSC01880.JPG', 106.87, '.JPG', 1),
(420, '8cdcc0c0a7b86f57b274dd6e4a596e73.JPG', 'DSC01881.JPG', 109.06, '.JPG', 1),
(421, 'a8a28761d1a73f983d15bdc1c8f203c0.JPG', 'DSC02834.JPG', 111.28, '.JPG', 1),
(422, 'c5c445ac67b60669b688ebea8a22f01e.JPG', 'DSC02835.JPG', 68.6, '.JPG', 1),
(423, 'e71fe005d43bfda2e53f395100a7b1fe.JPG', 'DSC02838.JPG', 70.06, '.JPG', 1),
(424, '257aa9b6af38742629bea57254a7c86a.JPG', 'DSC02839.JPG', 84.74, '.JPG', 1),
(425, 'acdb8b74b5c3a4a010f215ee791e3fee.JPG', 'DSC02840.JPG', 64.05, '.JPG', 1),
(426, '847f2c2b3898c638d8a266464af9d093.JPG', 'DSC02841.JPG', 63.78, '.JPG', 1),
(427, '2aa6e7f144c0593e48f87d25f144d0ed.JPG', 'DSC02842.JPG', 68.05, '.JPG', 1),
(428, '20a24b1cf09db46a40a94dc3769e5948.JPG', 'DSC02843.JPG', 99.14, '.JPG', 1),
(429, '9b766abb9cb1745e69a950b4f0c60e9b.JPG', 'DSC02704.JPG', 94.4, '.JPG', 1),
(430, 'c0fc29ef224c7c1ea740f5129a45748e.JPG', 'DSC02705.JPG', 87.67, '.JPG', 1),
(431, '019252e0a03197c4f0b0ebc39dbaa2d7.JPG', 'DSC02706.JPG', 82.02, '.JPG', 1),
(432, 'c31479ae985fef2ad1c2d2fd0c267458.JPG', 'DSC02707.JPG', 93.71, '.JPG', 1),
(433, '157d128d650bbbac96522a68864311e3.JPG', 'DSC02708.JPG', 88.23, '.JPG', 1),
(434, '852113e1919e1bcc17025922c3d4efb1.JPG', 'DSC02709.JPG', 84.65, '.JPG', 1),
(435, 'ba0319139c8ef9af947a694e6aea0297.JPG', 'DSC02712.JPG', 61.64, '.JPG', 1),
(436, '67f82d4abc5cce691053feddaa13b142.JPG', 'DSC02648.JPG', 127.54, '.JPG', 1),
(437, 'e2a98079d4f3bfbdf2f3c1409b3ee231.JPG', 'DSC02649.JPG', 141.94, '.JPG', 1),
(438, '800d91344524f94275f4360fc474b732.JPG', 'DSC02650.JPG', 89.98, '.JPG', 1),
(439, '649f9a908a9516561beac3140f84a271.JPG', 'DSC02651.JPG', 134.72, '.JPG', 1),
(440, 'bf602b4b70bdfd4dc8abc870b71f0b74.JPG', 'DSC02652.JPG', 144.94, '.JPG', 1),
(441, '23bfc41f5a0502fa85fbe1194a6c3134.JPG', 'DSC02653.JPG', 132.74, '.JPG', 1),
(442, '11b0191a65730c17ab5e39c59af2f646.JPG', 'DSC02654.JPG', 131.67, '.JPG', 1),
(443, '99187b9352485c6de70aafed87b92725.JPG', 'DSC02655.JPG', 77.21, '.JPG', 1),
(444, '170156f1f1dc95270f4811f6386d5831.JPG', 'DSC02656.JPG', 70.86, '.JPG', 1),
(445, 'bd2835e0d8462fc0601067183d39e6e7.JPG', 'DSC02657.JPG', 81.17, '.JPG', 1),
(446, '1fb321a43e84d46d65cf2eee7e447f18.JPG', 'DSC02659.JPG', 68.73, '.JPG', 1),
(447, '8507db9ec48f65ce399138e7f4977879.JPG', 'DSC02660.JPG', 128.67, '.JPG', 1),
(448, 'e92430f3b596b69daa034ae7b87b12e3.JPG', 'DSC02662.JPG', 66.72, '.JPG', 1),
(449, '5f5c74855d48422110052bff6ccf8462.JPG', 'DSC02186.JPG', 194.53, '.JPG', 1),
(450, '28321e5e7fa2d3eafd95772806ca5f4e.JPG', 'DSC02188.JPG', 255.72, '.JPG', 1),
(451, '0d3bd8b6e12d778ad5d425b96234324c.JPG', 'DSC02189.JPG', 259.85, '.JPG', 1),
(452, 'fc32b65bbedc163eac7e2a1777f85c61.JPG', 'DSC02196.JPG', 193.09, '.JPG', 1),
(453, 'e4485c87057cecd454e8e086653a2396.JPG', 'DSC02200.JPG', 262.57, '.JPG', 1),
(454, '148d899bac23633c3071f9fcd43fb17f.JPG', 'DSC02201.JPG', 258.77, '.JPG', 1),
(455, 'cc0084b7a10dad5c1bf2e3a3afa28a7d.JPG', 'DSC02031.JPG', 87.62, '.JPG', 1),
(456, '81f57bc8cc86075f0120b9a06a4b9951.JPG', 'DSC01996.JPG', 140.95, '.JPG', 1),
(457, '3a76cba4905d8fa7136e7bfb44f59fa7.JPG', 'DSC01998.JPG', 102.64, '.JPG', 1),
(458, 'e39adfdb23f19b3558681653a97c820b.JPG', 'DSC01999.JPG', 88.77, '.JPG', 1),
(459, 'c19b2767ea4ed98e20a232e59b163e5e.JPG', 'DSC02000.JPG', 77.13, '.JPG', 1),
(460, '16008935f8d4339ec400bdc1e2b439cf.JPG', 'DSC02001.JPG', 67, '.JPG', 1),
(461, '522248fd4b21c1a3869b43c4b6365162.JPG', 'DSC02002.JPG', 70.97, '.JPG', 1),
(462, '5be18e880f696a707cbb7e8e74b2bc2d.JPG', 'DSC02004.JPG', 68.71, '.JPG', 1),
(463, 'badc26c0ed632403657ec6800b6ad2dc.JPG', 'DSC02004.JPG', 68.71, '.JPG', 1),
(464, '6156ba7282f5dd14ca9a5c16c1df9f27.JPG', 'DSC02005.JPG', 87.54, '.JPG', 1),
(465, '39549bd019c115c0fd857782276b3de2.JPG', 'DSC02007.JPG', 86.17, '.JPG', 1),
(466, 'a02079dc02a1276e45ed092aa258f02f.JPG', 'DSC02008.JPG', 82.74, '.JPG', 1),
(467, '3e23073567a8ba5950736564c49437ea.JPG', 'DSC02010.JPG', 88.2, '.JPG', 1),
(468, '8f1e01fd681a196fd46201e953cbcc20.JPG', 'DSC02011.JPG', 95.71, '.JPG', 1),
(469, 'cc2676eca27aa1e6f5bc635cc452ea98.JPG', 'DSC02012.JPG', 93.31, '.JPG', 1),
(470, '70b3a5e493a491a115936e9dd0831e9f.JPG', 'DSC02014.JPG', 80.96, '.JPG', 1),
(471, '810824da9b62a1c868507759c1a8e265.JPG', 'DSC02015.JPG', 84.41, '.JPG', 1),
(472, 'bae207d9bc040eb873d08d3f53f413da.JPG', 'DSC02016.JPG', 101.38, '.JPG', 1),
(473, 'd25c5f67eebe95c017b05d39e484fa15.JPG', 'DSC02017.JPG', 106.96, '.JPG', 1),
(474, '2f0e019c89279bc8fcf6651b5dd835d3.JPG', 'DSC02019.JPG', 101.28, '.JPG', 1),
(475, '2d6fdc4b94565ea38feb4cd0fb289c8f.JPG', 'DSC02021.JPG', 70.54, '.JPG', 1),
(476, '38da3cc2037b2d844031343da659aa94.JPG', 'DSC02035.JPG', 68.81, '.JPG', 1),
(477, '99c0bc24bbc7f07bc63c93440fc0cd31.JPG', 'DSC02025.JPG', 107.28, '.JPG', 1),
(478, '01614f4ca0da4693be4f022e57c3d7b3.JPG', 'DSC02029.JPG', 89.27, '.JPG', 1),
(479, '6b1e43b7dfe1f86359661b910b2d9206.JPG', 'DSC02030.JPG', 103.76, '.JPG', 1),
(480, 'bedea5719d283f8aed8ee6238b1f449a.JPG', 'DSC02034.JPG', 114.08, '.JPG', 1),
(481, 'ecae1ef628579eee198fa5af24b03b06.JPG', 'DSC01849.JPG', 81.57, '.JPG', 1),
(482, 'c8c37a7b32948932778741247e142fd2.JPG', 'DSC01851.JPG', 83.29, '.JPG', 1),
(483, 'df6fcd8136d8a756b77aa18662f6ec3e.JPG', 'DSC01854.JPG', 98.53, '.JPG', 1),
(484, 'b44db84e22c2d434926106105effa70e.JPG', 'DSC01856.JPG', 92.94, '.JPG', 1),
(485, 'd3637367e57ce57951b34d614d4d9e9d.JPG', 'DSC01857.JPG', 89.68, '.JPG', 1),
(486, '3b28032900e6112c78280919106be64d.JPG', 'DSC01858.JPG', 99.37, '.JPG', 1),
(487, '4314b7d3c6cc6d1a92483faba3004e4c.JPG', 'DSC02689.JPG', 90.3, '.JPG', 1),
(488, 'db841f50873ff5c3be461a7fd0ebb73c.JPG', 'DSC02691.JPG', 144.5, '.JPG', 1),
(489, '00401101eaec4ce2881144bf87a90069.JPG', 'DSC02692.JPG', 97.83, '.JPG', 1),
(490, 'a9d5032c54fcd8fe7253648ea0e949f8.JPG', 'DSC02693.JPG', 110.1, '.JPG', 1),
(491, '8b07ccd995a5e263bd87b93e566a2f78.JPG', 'DSC02694.JPG', 89.48, '.JPG', 1),
(492, '3d47dde60801cda6e85eb95940de5ae0.JPG', 'DSC02695.JPG', 101.4, '.JPG', 1),
(493, '5c6d8afa3ec37ad634c924a8715b57e1.JPG', 'DSC02696.JPG', 116.88, '.JPG', 1),
(494, '92dba608c93bfd0fe649df5042a5de88.JPG', 'DSC02697.JPG', 105.79, '.JPG', 1),
(495, '2d2fe0ad42c756305c4d75bce5d51e48.JPG', 'DSC02698.JPG', 71.99, '.JPG', 1),
(496, '57152f2f90b18c70ac88471544de5ffe.JPG', 'DSC02700.JPG', 59.35, '.JPG', 1),
(497, '500b8bc03578bfc49acafc8f55048468.JPG', 'DSC02202.JPG', 245.83, '.JPG', 1),
(498, '73cc196b74f891b9c9c927151bdf31e3.JPG', 'DSC02203.JPG', 326.07, '.JPG', 1),
(499, '07624bbbb5a426cb112ab1de6610caa1.JPG', 'DSC02205.JPG', 210.06, '.JPG', 1),
(500, 'f361f673935742cc351b9dee53ead1b7.JPG', 'DSC02192.JPG', 183.98, '.JPG', 1),
(501, '617470e17d836efc841800c23b903d25.JPG', 'DSC02195.JPG', 262.89, '.JPG', 1),
(502, 'f7eb82ca1c12c40d7b84819c40c22c03.JPG', 'DSC02191.JPG', 179.27, '.JPG', 1),
(503, '027a43a3883cd16a501c9e4f202883cd.JPG', 'DSC02206.JPG', 163.92, '.JPG', 1),
(504, '026bb078b3b8f52a1a0924241032ae73.JPG', 'DSC02482.JPG', 96.75, '.JPG', 1),
(505, 'c9b550e61a1b0d4ec7422aa1a2dccb83.JPG', 'DSC02483.JPG', 93.61, '.JPG', 1),
(506, 'ca069bad94cd3d126cf7790f11e7b492.JPG', 'DSC02484.JPG', 85.12, '.JPG', 1),
(507, '342f45fac493d08f66d8f30e7b01a346.JPG', 'DSC02212.JPG', 177.6, '.JPG', 1),
(508, 'd42e03e603deacafab7649fd88093a4f.JPG', 'DSC02215.JPG', 200.39, '.JPG', 1),
(509, '802ec080334ad473014fb73cd028778d.JPG', 'DSC02216.JPG', 164.97, '.JPG', 1),
(510, 'e9da1e66cc0d972179d1fa383597023a.JPG', 'DSC02222.JPG', 170.13, '.JPG', 1),
(511, 'ebf708eba845d9dc26685cfc0c9fc709.jpg', 'deionizador-dg-500-uf_477__68313.jpg', 111.02, '.jpg', 1),
(512, 'bbb1a8a5aa6342472a9125c8218dff02.jpg', '58913.jpg', 72.01, '.jpg', 1),
(513, '6848ac955de976a633534c787dabbbde.jpg', 'J4D3J7J7-MF-7240.jpg', 13.31, '.jpg', 1),
(514, '0bc2f3e88798242467bddb86808185b1.jpg', 'furadeira-de-impacto-1-2-pol-600wbosch-gsb-13-re-profess.jpg', 44.55, '.jpg', 1),
(515, '617733a59ee6ca32238d7c81c5f084c4.jpg', 'OSCILOSCOPIO_OS-2000_ICEL.jpg', 235.37, '.jpg', 1),
(516, '630f25588140a162d42fa78d40bc11a4.jpg', 'mo-1225_g.jpg', 28.61, '.jpg', 1),
(517, 'a9fdb390d0c4c4d403e9ace4e9d6a21e.jpg', '3124_1_20130513114739.jpg', 20.7, '.jpg', 1),
(518, 'd43e1d442eca053832e346dac41a04c5.jpg', 'multimetroet2082c.jpg', 20.17, '.jpg', 1),
(519, 'b52bbda09297de1bccdeb8294a9150f7.JPG', 'DSC02210.JPG', 484.04, '.JPG', 1),
(520, 'f0af41ed1bcc7b056516deface7be30a.JPG', 'DSC02763.JPG', 85.17, '.JPG', 1),
(521, '3d7670892b6ce4ef9791b94483ccef27.JPG', 'DSC02764.JPG', 116.88, '.JPG', 1),
(522, '842367c697ad443c71ea5658a5bfe2ac.JPG', 'DSC02765.JPG', 136.82, '.JPG', 1),
(523, '37972d7376e63a64014d377acbd291f1.JPG', 'DSC02766.JPG', 118.59, '.JPG', 1),
(524, '99116481ec730fcd42330dc1b9b4bbf8.JPG', 'DSC02767.JPG', 126.02, '.JPG', 1),
(525, '45a74b883eff794b1e691b0074c47f67.JPG', 'DSC02768.JPG', 114.22, '.JPG', 1),
(526, 'a3087472df415b8fac290bc7dcc71e70.JPG', 'DSC02771.JPG', 122.52, '.JPG', 1),
(527, 'b3f6776d237f1d0574af2dab56a1144d.JPG', 'DSC01761.JPG', 88.19, '.JPG', 1),
(528, 'e1daea86a6c62ba563a0e3d6b79c84e0.JPG', 'DSC01746.JPG', 69.23, '.JPG', 1),
(529, '30a5a04f6807e55f29bdce15608ae18f.JPG', 'DSC01748.JPG', 76.78, '.JPG', 1),
(530, '7d2a7aa00ac1bb04a2f5a86a31012956.JPG', 'DSC01757.JPG', 80.57, '.JPG', 1),
(531, '06137de117d4d5914aab9f7b2a26b41f.JPG', 'DSC01749.JPG', 89.49, '.JPG', 1),
(532, 'caee103803c8aa41bdd1450648dbbb15.JPG', 'DSC01760.JPG', 81.79, '.JPG', 1),
(533, 'ef964a7632361ec071dfb701aecf05ad.JPG', 'DSC01763.JPG', 112.74, '.JPG', 1),
(534, '80730feeb2c7e618ad33f78db100a593.JPG', 'DSC01767.JPG', 77.25, '.JPG', 1),
(535, '67db6d6fd295b6024e2fa019cd78eabc.JPG', 'DSC01769.JPG', 99.54, '.JPG', 1),
(536, '35cab7f1f782b7090f411530b82213b1.JPG', 'DSC01745.JPG', 86.18, '.JPG', 1),
(537, 'ebdb80da02c0420f345ea0901cbb2b84.JPG', 'DSC01742.JPG', 95.86, '.JPG', 1),
(538, 'f8d1e7dfec6554b0ba871bf0b30d7432.JPG', 'DSC01770.JPG', 124.41, '.JPG', 1),
(539, '6c85e8784d0ce1871cb8e626606b7bc9.JPG', 'DSC01756.JPG', 100.25, '.JPG', 1),
(540, '306d8e75e31216effade48c5b4e0d034.JPG', 'DSC02299.JPG', 96.7, '.JPG', 1),
(541, 'b4eb3c648dc5dfb6e51ba8783c5d0503.JPG', 'DSC02298.JPG', 78.45, '.JPG', 1),
(543, '7c1b44f268aaff66101a40f515643a9b.JPG', 'DSC01630.JPG', 252.9, '.JPG', 1),
(544, 'aae21068b5cbe376dda0793641caf78b.JPG', 'DSC01631.JPG', 254.85, '.JPG', 1),
(545, 'a0362edf0dced5d3118853a18cc95665.JPG', 'DSC01632.JPG', 209.26, '.JPG', 1),
(546, '0fa97abd934fca50c2a3ccb2c3572081.JPG', 'DSC01633.JPG', 174.33, '.JPG', 1),
(547, '7be332eadf2a5f5496984390d0de5d06.JPG', 'DSC01634.JPG', 155.51, '.JPG', 1),
(548, '049b82cf938ec15eead5479dc2235473.JPG', 'DSC01635.JPG', 136.12, '.JPG', 1),
(549, '4610c00bcb7f47c2409e03328ab14740.JPG', 'DSC01653.JPG', 176.62, '.JPG', 1),
(550, '4c03c872b36ff640bf1f90f55cfa1a8c.JPG', 'DSC01654.JPG', 194.32, '.JPG', 1),
(551, '50df6268a0884a1cbf15392a6a6f4d8a.JPG', 'DSC02906.JPG', 141.27, '.JPG', 1),
(552, 'e45207af3b142eeb57c70649c4a0f366.JPG', 'DSC02907.JPG', 111.57, '.JPG', 1),
(553, '10d48ea69e5e5ac422e889f746c09081.JPG', 'DSC02908.JPG', 143.96, '.JPG', 1),
(554, '7b5fae5919bca59a325acefd6578702b.JPG', 'DSC02909.JPG', 107.03, '.JPG', 1),
(555, '9e65ca00d98026cddfe2a821e3b8ad7b.JPG', 'DSC02910.JPG', 126.96, '.JPG', 1),
(556, 'be7bc8cd79ea8a02648c45ac9a17b75d.JPG', 'DSC02911.JPG', 115.55, '.JPG', 1),
(557, '9c946b2a95764a3a26a5fcee227d775e.JPG', 'DSC02912.JPG', 131.15, '.JPG', 1),
(558, '01a59b8c55163657a34022cde30937de.JPG', 'DSC02914.JPG', 113.76, '.JPG', 1),
(559, '34dc588702d98ac44c928467c217604a.JPG', 'DSC02915.JPG', 121.71, '.JPG', 1),
(560, 'fe42e9066e8378241dc4d8385e8381a2.JPG', 'DSC02916.JPG', 99.06, '.JPG', 1),
(561, 'aa44977e16d3f70aec85244f98a604a7.JPG', 'DSC02917.JPG', 109.97, '.JPG', 1),
(562, '39d1d9e4a94f5d63923ada6de50e7a6e.JPG', 'DSC02918.JPG', 109.17, '.JPG', 1),
(563, 'd64a5ca7a234d0c7c8bc1105c3ebc2e7.JPG', 'DSC02919.JPG', 69.48, '.JPG', 1),
(564, 'fa7612fa2b4e766ed60e397ca02ea5fd.JPG', 'DSC02920.JPG', 95.66, '.JPG', 1),
(565, 'dadba130108e2db2171743e4fc770421.JPG', 'DSC02921.JPG', 95.71, '.JPG', 1),
(566, 'f31bd2b089ff8e3d297d4fbb82dfc73b.JPG', 'DSC02922.JPG', 118.26, '.JPG', 1),
(567, 'c540da040bbf17b779192abb17df505d.JPG', 'DSC02922.JPG', 118.26, '.JPG', 1),
(568, 'b627146728bf39bebad8936e72bb71be.JPG', 'DSC02923.JPG', 89, '.JPG', 1),
(569, 'e66ccaea941406fa192b2d0df54cadbb.JPG', 'DSC02924.JPG', 159.37, '.JPG', 1),
(570, 'c93620f955a4f556be8468b3577af043.JPG', 'DSC02925.JPG', 65.07, '.JPG', 1),
(571, '6019c67b4745a4b21c9e80f74621b027.JPG', 'DSC02926.JPG', 87.67, '.JPG', 1),
(572, 'd764473f797b46051a64cbdbced40536.JPG', 'DSC02907.JPG', 111.57, '.JPG', 1),
(573, '6890ebb2be0ccefb69ae534704fc9ca4.JPG', 'DSC02928.JPG', 102.15, '.JPG', 1),
(574, 'f9878b46cb6ef20b6d143e7cb17fd051.JPG', 'DSC02929.JPG', 107.78, '.JPG', 1),
(575, '86432b97cd09417e5633cc354491d95e.JPG', 'DSC02931.JPG', 153.11, '.JPG', 1),
(576, 'fed9e35bca48886266d15d6347ec1dc6.JPG', 'DSC02932.JPG', 74.19, '.JPG', 1),
(577, '900b3ad7b53c40cf2b476a3308be6b7a.jpg', 'eqpTeste3.jpg', 86.65, '.jpg', 1),
(578, 'afbdf4dd470e2f3d43c3c9977f6d3ccf.jpg', 'eqpTeste4.jpg', 45.13, '.jpg', 1),
(579, 'da233991b55215b325ddc461ba0f7fda.jpg', '392357_239850112750322_15702911_n.jpg', 34.18, '.jpg', 1),
(580, '2b2b1ce147168efc1cf6ce44cf3847ef.jpg', 'labTeste1.jpg', 385.87, '.jpg', 1),
(581, '8152498b7a09461069b35c9724732a96.jpg', '392357_239850112750322_15702911_n.jpg', 34.18, '.jpg', 1),
(582, 'f3f762f0a68ce6b447874e632c541513.JPG', 'LabEco-eq-capacetes.JPG', 78.3, '.JPG', 1),
(583, '7a1d9294eb190f3ba080e8e4454beccd.JPG', 'LabEco-eq-absorvedores.JPG', 175.54, '.JPG', 1),
(584, '0f86b6c1ae2250f3b1c05af776b396ce.JPG', 'LabEco-eq-ATC.JPG', 78.48, '.JPG', 1),
(585, '8485273d7306d95f50fe3096ffb1ce97.JPG', 'LabEco-eq-boudrier_c_peitoral.JPG', 297.19, '.JPG', 1),
(586, '1403aa89a35e2aaf04c45a83aa4562a9.JPG', 'LabEco-eq-cordas.JPG', 207.48, '.JPG', 1),
(587, '14f5f473e5c5d69c05019f0c07e4a020.JPG', 'LabEco-eq-cordas.JPG', 207.48, '.JPG', 1),
(588, '094cf86728032b31f88419188dd6f003.JPG', 'LabEco-eq-croll.JPG', 99.21, '.JPG', 1),
(589, '4307f3781bc3666e6a0da97fe00f8cc0.JPG', 'LabEco-eq-peitoral-b.JPG', 180.46, '.JPG', 1),
(590, '563b859f60febc448ef24173242281e7.JPG', 'LabEco-eq-reverso.JPG', 70.18, '.JPG', 1),
(591, 'a594ba31d930cc9d13c8a3feec51acf4.JPG', 'LabEco-eq-freio.JPG', 143.54, '.JPG', 1),
(592, 'ec8d7260e7e6445adb5c5da1540bd704.JPG', 'LabEco-eq-mosquetões.JPG', 1699.06, '.JPG', 1),
(593, '675c31b31e69c0f03496185eddb30fd3.jpg', 'eqp1.jpg', 86.65, '.jpg', 1),
(594, '71c532479d23208bf8c4b232fb3ccc52.jpg', 'eqp2.jpg', 45.13, '.jpg', 1),
(595, '3a52c274af12b345609b557bfb0beb0f.JPG', 'DSC00305.JPG', 1347.87, '.JPG', 1),
(596, '2750c80b71679f1cab5fd643d8925669.JPG', 'DSC00306.JPG', 1220.41, '.JPG', 1),
(597, 'd0600ed38a033549fc281214f16600ad.JPG', 'DSC00307.JPG', 1356.89, '.JPG', 1),
(598, '938e7202f96bae3d1fcda85acaa7299f.jpg', '02.jpg', 10.9, '.jpg', 1),
(599, '2270bfe9240a4ba385857790d325831a.jpg', '03.jpg', 191.24, '.jpg', 1),
(600, 'aae0470381c31681fbfae219d000f393.jpg', '22.jpg', 188.12, '.jpg', 1),
(601, 'ae237d65cfc3da9dc837942e933efb59.jpg', '23.jpg', 232.13, '.jpg', 1),
(602, 'ef61a143c57e3d4d3be8e1c376be7ac3.jpg', '01.jpg', 259.76, '.jpg', 1),
(603, '8977ced229571430699bf5137550ac40.jpg', '04.jpg', 227.76, '.jpg', 1),
(604, '955f5e317a45dcbfe6a60bb78f7bf4a2.jpg', '06.jpg', 269.86, '.jpg', 1),
(605, '15785c1627abefd55fd35503afb023b8.jpg', '09.jpg', 387.36, '.jpg', 1),
(606, '1844cb1c4cc0ecd0e663ce45861c3118.jpg', '08.jpg', 483.43, '.jpg', 1),
(607, '7e87dbad9fd6cc6208592fa7aa575af9.jpg', '12.jpg', 347.38, '.jpg', 1),
(608, '80a32bb068949a6c5f68616ccd2b460a.jpg', '11.jpg', 389.64, '.jpg', 1),
(609, '69511c71563572c92f35034affc2a7bf.jpg', '14.jpg', 474.53, '.jpg', 1),
(610, '058754239c063aa7738b4ede9a5aa65e.jpg', '15.jpg', 317.83, '.jpg', 1),
(611, '546c6444b7c01cae48b9c3e5cdf9a541.jpg', '17.jpg', 202.52, '.jpg', 1),
(612, '1a37151309e78103356795b98626753f.jpg', '18.jpg', 309.01, '.jpg', 1),
(613, '3b81b37635464c2d2440eee6a5a7c782.jpg', '19.jpg', 335.16, '.jpg', 1),
(614, '815e2e0a4a4097aa7189a03bf9307829.JPG', 'DSC00067.JPG', 131.38, '.JPG', 1),
(615, 'ec3f50277bb51d11d1d89633a84d1ec1.JPG', 'DSC00068.JPG', 129.44, '.JPG', 1),
(616, '9f7da45bd187da317162a7775e994437.JPG', 'DSC00069.JPG', 119.38, '.JPG', 1),
(617, '8f02fadd1a1c0e4f4b94c688d1b38857.JPG', 'DSC00071.JPG', 110.52, '.JPG', 1),
(618, 'b909731e57eafa6cfc5924bb74a2ea1b.JPG', 'DSC00072.JPG', 121.42, '.JPG', 1),
(619, 'c26b56036615ec93b7ef36c69b2be26f.JPG', 'DSC00073.JPG', 109.98, '.JPG', 1),
(620, 'e185199c12df0764191aa348e5523768.JPG', 'DSC00074.JPG', 134.94, '.JPG', 1),
(621, 'c6d75c95c350d3aedf9a6e5c586c6da9.JPG', 'DSC00075.JPG', 117.6, '.JPG', 1);
INSERT INTO `img_equipamento` (`id_img_equipamento`, `nome_ime`, `nome_antigo_ime`, `tamanho_ime`, `extensao_ime`, `ativo_ime`) VALUES
(622, '13d1d0a0c9c5ed52d6c5af63f8bbd7d1.JPG', 'DSC00076.JPG', 125.53, '.JPG', 1),
(623, 'e32f1abe6079014b4460920a876ef1c6.JPG', 'DSC00078.JPG', 133.24, '.JPG', 1),
(624, '38bda22aa590b96d6f967b408a401fee.jpg', 'WP_20150616_001.jpg', 258.81, '.jpg', 1),
(625, '05533d57dc984094f085afb368c02d2b.jpg', 'WP_20150616_002.jpg', 299.33, '.jpg', 1),
(626, '2e7bf1e005c4896912ba9f2e9b10919d.jpg', 'WP_20150616_003.jpg', 276.8, '.jpg', 1),
(627, '11a788ec179877e2fdcb37610759154d.jpg', 'WP_20150616_005.jpg', 255.61, '.jpg', 1),
(628, 'acbadbc032af01bcca69766af6ea1382.jpg', 'WP_20150616_006.jpg', 291.98, '.jpg', 1),
(629, '3aa0d10d740835592d69a80bff130eea.JPG', 'DSC00042.JPG', 147.61, '.JPG', 1),
(630, 'ed32a23f1c15de7261946ca9e6126114.JPG', 'DSC00040.JPG', 130.4, '.JPG', 1),
(631, '7354e621533b2123ae397fc7337d62bd.JPG', 'DSC00041.JPG', 146.03, '.JPG', 1),
(632, '67285a9836725b46d8774ef07f370c22.JPG', 'DSC00042.JPG', 147.61, '.JPG', 1),
(633, '9d05a99ab28b3a95b7da6c9452741c30.JPG', 'DSC00043.JPG', 150.09, '.JPG', 1),
(634, '59f25098cec803863543164133bfa743.JPG', 'DSC00044.JPG', 140.3, '.JPG', 1),
(635, '6510091aea3fb159a697e25bcc288cca.JPG', 'DSC00045.JPG', 143.97, '.JPG', 1),
(636, '66a3ac7c87a9f7b2a92c07345742651d.JPG', 'DSC00314.JPG', 100.1, '.JPG', 1),
(637, '531ec8be7a83703e22470409c4b42c08.JPG', 'DSC00315.JPG', 128.55, '.JPG', 1),
(638, '0c5f12520a5fac85ee5b93c85f106730.JPG', 'DSC00316.JPG', 112.86, '.JPG', 1),
(639, '5cacc53265cc87ef16c8f136f234a9b4.JPG', 'DSC00317.JPG', 107.7, '.JPG', 1),
(640, '351e095ea86f5c23e597f99a092c1404.JPG', 'DSC00319.JPG', 104.62, '.JPG', 1),
(641, 'e5dce904b1285c8e1a121ae246408fbd.JPG', 'DSC00320.JPG', 110.31, '.JPG', 1),
(642, '79e5e18626b8a2397fd7b4612f1a82bc.JPG', 'DSC00321.JPG', 107.82, '.JPG', 1),
(643, 'e00b8cf23400202a9fc39e336bbd8483.JPG', 'DSC00322.JPG', 113.42, '.JPG', 1),
(644, 'af3f4a3ee93d1721aac576c89effbf8c.JPG', 'DSC00323.JPG', 102.01, '.JPG', 1),
(645, 'aa834a3d6a4ecc27be8bdb403de2ea07.JPG', 'DSC00324.JPG', 112.87, '.JPG', 1),
(646, 'da0ac61f896f1188e35eaa703593a509.jpg', 'WP_20150603_022.jpg', 241.24, '.jpg', 1),
(647, '2ba564469cb0766b2b7f44fa5b2a6b53.jpg', 'WP_20150603_024.jpg', 243.53, '.jpg', 1),
(648, 'bf4b7a1a3d6c2b12dd195eed428d6ab8.jpg', 'WP_20150603_023.jpg', 249.83, '.jpg', 1),
(649, '040ecb9505ea8b4631c14588c66ed4d4.JPG', 'DSC00328.JPG', 109.64, '.JPG', 1),
(650, 'f28ab914f269fe932ca64467058a9f16.JPG', 'DSC00329.JPG', 124.92, '.JPG', 1),
(651, 'eb4c09f2128976eab0d0bbdc20a3c85c.JPG', 'DSC00330.JPG', 105.04, '.JPG', 1),
(652, 'f930aaf9b7753c19773b87f859243ba2.JPG', 'DSC00331.JPG', 104.8, '.JPG', 1),
(653, 'd147fe49e47df9a9af1493994574f097.JPG', 'DSC00332.JPG', 109.73, '.JPG', 1),
(654, '27c80d0b359222a59bb6133d5ed9d940.JPG', 'DSC00333.JPG', 132.07, '.JPG', 1),
(655, '061662b79acdd4d2fb7cad3b9ef73aa0.JPG', 'DSC00335.JPG', 121.88, '.JPG', 1),
(656, 'b69eb99e258d56048a800e65fe893e9b.JPG', 'DSC00336.JPG', 98.51, '.JPG', 1),
(657, '8b82d4671e607d7244f5eed136f2b8d3.JPG', 'DSC00337.JPG', 80.19, '.JPG', 1),
(658, '64d0957488ff41d0d32857d38e6e019a.JPG', 'DSC00338.JPG', 105.37, '.JPG', 1),
(659, 'fbfca29d2bafd155d49bbd3c87d0dafa.JPG', 'DSC00339.JPG', 123.83, '.JPG', 1),
(660, 'f031c52b3648758d4333b41af548abf4.JPG', 'DSC00340.JPG', 134.17, '.JPG', 1),
(661, '51acc3d5648a105d434c6b8b5a868217.JPG', 'DSC00341.JPG', 141.57, '.JPG', 1),
(662, 'fac08c50f3f24142839a7ddf86002c35.JPG', 'DSC00350.JPG', 113.54, '.JPG', 1),
(663, '410bb9c6263157818dddd7d2e091131c.JPG', 'DSC00351.JPG', 107.64, '.JPG', 1),
(664, '18e408f9bb840044ed9d8360a634d3aa.JPG', 'DSC00352.JPG', 104.87, '.JPG', 1),
(665, 'de741380a39bc14e9e3ad66d0269d13a.JPG', 'DSC00353.JPG', 105.05, '.JPG', 1),
(666, 'ffe99af0a24fc4164aa0bdb200bd10e6.JPG', 'DSC00356.JPG', 138.15, '.JPG', 1),
(667, '47718c46d9a03013fb5ab8869ead2a65.JPG', 'DSC00354.JPG', 118.97, '.JPG', 1),
(668, '2528d27bea1c553f65cd4408dbd22076.JPG', 'DSC00355.JPG', 125.37, '.JPG', 1),
(669, 'bf3a835b25c09041dd6737a99ad468b8.JPG', 'DSC00357.JPG', 107.45, '.JPG', 1),
(670, 'f3368ebfc4cf867e3a99586111d57432.JPG', 'DSC00358.JPG', 110.87, '.JPG', 1),
(671, '0dfd3279b8f3be8b75d4e34dba650846.JPG', 'DSC00359.JPG', 102.25, '.JPG', 1),
(672, '8bd1b12c21cd94495c8136f1f97ffe53.JPG', 'DSC00360.JPG', 118.1, '.JPG', 1),
(673, '54733ba2a1acb5a1c208947b871241a5.JPG', 'DSC00361.JPG', 96.43, '.JPG', 1),
(674, '777a10780a82392fd923c31c340b8554.JPG', 'DSC00361.JPG', 96.43, '.JPG', 1),
(675, '8b7266c95f7c5b8de1f22a95ba03f0a8.JPG', 'DSC00361.JPG', 96.43, '.JPG', 1),
(676, 'd502490135fa6088169944c9d230e7de.JPG', 'DSC00362.JPG', 98.17, '.JPG', 1),
(677, '035cb1e756388f2b0e7f2ededf7d27a0.JPG', 'DSC00363.JPG', 106.8, '.JPG', 1),
(678, 'f7bcd9d5dc7f9aed7f16a4fa7718853b.JPG', 'DSC00057.JPG', 122.06, '.JPG', 1),
(679, '22c6d3f01f617bf2200b87d58025c55a.JPG', 'DSC00058.JPG', 109.52, '.JPG', 1),
(680, '39a9dbb89f368daf89a06b72972c2f37.jpg', 'download.jpg', 6.6, '.jpg', 1),
(681, 'bc5995ebc465927f2ea09e8b06a4b05c.jpg', '11167.jpg', 156.94, '.jpg', 1),
(682, '21d4760fd4fe5049572b2c0223d72a0b.jpg', 'imagem.jpg', 20.09, '.jpg', 1),
(683, '3e1367d6276eca2b27b97a4a31328b2a.jpg', 'WP_20150603_010.jpg', 205.69, '.jpg', 1),
(684, '03b9a107ca64bd17b6138708983c9c94.jpg', 'WP_20150603_011.jpg', 244.87, '.jpg', 1),
(685, 'f31aefcabb206f3bc4fe8b70dd37c9c6.jpg', 'WP_20150603_012.jpg', 116.09, '.jpg', 1),
(686, 'f2d3675e3c265d46cd46d16d7a3974dd.jpg', 'WP_20150603_013.jpg', 179.23, '.jpg', 1),
(687, '6680c9723248f3925dd12ff6258badb4.jpg', 'WP_20150603_014.jpg', 85.6, '.jpg', 1),
(688, 'c9cdba8f04d47762adb851c1b1cb4c64.jpg', 'WP_20150603_015.jpg', 213.06, '.jpg', 1),
(689, '82df944a7fe3597c6a686ea37b18a9b6.jpg', 'WP_20150603_018.jpg', 1270.09, '.jpg', 1),
(690, '29e862c779409ff467ed3ce84bbc6474.jpg', 'WP_20150603_019.jpg', 186.81, '.jpg', 1),
(691, 'c140b3d737301a2ae1230cafe126efaf.jpg', 'WP_20150608_001.jpg', 125.6, '.jpg', 1),
(692, 'b692ef710540a1a58d506daa5911434b.jpg', 'WP_20150608_002.jpg', 331.18, '.jpg', 1),
(693, '2e9b24ff2b5fabaa4c1db4bbd5851056.jpg', 'WP_20150608_003.jpg', 250.56, '.jpg', 1),
(694, 'df3887f7273cca68839e559c60593e51.jpg', 'WP_20150608_003.jpg', 250.56, '.jpg', 1),
(695, 'f7b303d648f1f817e123f9cc1f6be2e2.jpg', 'WP_20150608_004.jpg', 106.21, '.jpg', 1),
(696, '0c0ddf63642b0582af23c8bbd0cd05a3.jpg', 'WP_20150608_006.jpg', 218.85, '.jpg', 1),
(697, 'cb4666dc3bcfa5d45d7e60793e04f0a0.jpg', 'WP_20150608_007.jpg', 275.92, '.jpg', 1),
(698, '67d9f39fcfbb2c665e9e7f9210b82774.JPG', 'DSC00345.JPG', 105.06, '.JPG', 1),
(699, 'c1c840a5baff9e61b6d205502441fd22.JPG', 'DSC00342.JPG', 106.77, '.JPG', 1),
(700, '6bf49e3d2563a5aeaa925e42e1ba1678.JPG', 'DSC00343.JPG', 112.74, '.JPG', 1),
(701, 'a3b0662835b581e586de50b6edbf2b6e.jpg', 'banho-maria-metabolico-dubnoff-nt-232-.jpg', 7.09, '.jpg', 1),
(702, '3bd3b79cd734b35888aa1b4e1112c36c.JPG', 'DSC00346.JPG', 110.52, '.JPG', 1),
(703, 'a5c7838a25c6bfcb973c4442b3c6bb05.JPG', 'DSC00344.JPG', 129.36, '.JPG', 1),
(704, '125f6669a535f7f752b2a04b518d461f.JPG', 'DSC00348.JPG', 105.21, '.JPG', 1),
(705, 'cb345e39dadabe0c23c02983e2947509.JPG', 'DSC00347.JPG', 70.44, '.JPG', 1),
(706, 'a5bfddb77965705c2bea4de28e66120f.JPG', 'DSC00349.JPG', 99.47, '.JPG', 1),
(707, '088e71457e7736bd7e290cea04020555.JPG', 'DSC00370.JPG', 119.4, '.JPG', 1),
(708, '74f855f06682bdc0508352a10cc9a66b.JPG', 'DSC00371.JPG', 107.74, '.JPG', 1),
(709, 'df81d2feb9318edc79dc022df858c37e.JPG', 'DSC00369.JPG', 106.19, '.JPG', 1),
(710, 'e8cd3e4da6c0f8adfdc55ea8634b9b1e.JPG', 'DSC00372.JPG', 111.45, '.JPG', 1),
(711, '655cb3be5c01ab4909fc2dfb6caa09b8.JPG', 'DSC00373.JPG', 129.3, '.JPG', 1),
(712, '91b4f03a179e6570878c687e9a11106d.JPG', 'DSC00376.JPG', 94.06, '.JPG', 1),
(713, '33e1189c11d47d9dc88a3f77769eb2a0.JPG', 'DSC00378.JPG', 144.54, '.JPG', 1),
(714, 'b807c6d5264fa405856cefb4bb93f121.JPG', 'DSC00032.JPG', 144.06, '.JPG', 1),
(715, 'f76d9ca0a3b77949168d5b7793992908.JPG', 'DSC00035.JPG', 146.36, '.JPG', 1),
(716, '00ae9329a34142989233042a58880e04.JPG', 'DSC00035.JPG', 146.36, '.JPG', 1),
(717, '3d08de265bcda70983a55334303daecb.JPG', 'DSC00036.JPG', 137.72, '.JPG', 1),
(718, '08ca283355ade5e369cc95e055912661.JPG', 'DSC00084.JPG', 131.27, '.JPG', 1),
(719, '2c3dfbffc395114f6505f04bf243a2e5.JPG', 'DSC00085.JPG', 129.47, '.JPG', 1),
(720, '1e3046b584791f6531b50aacb1a501ba.JPG', 'DSC00086.JPG', 131.49, '.JPG', 1),
(721, '6d43868bdbb30f8be36c6645a68fe15b.JPG', 'DSC00087.JPG', 126.33, '.JPG', 1),
(722, '8b4e2d4315661585d1e016d13a7815ff.JPG', 'DSC00088.JPG', 131.83, '.JPG', 1),
(723, 'aad560cd082da49abfa394384273d078.JPG', 'DSC00089.JPG', 125.11, '.JPG', 1),
(724, 'd6e8417e21952f1aa34ec7a45d996047.JPG', 'DSC00092.JPG', 132.22, '.JPG', 1),
(725, '8b2f17474f2089092f4b401dfab17630.JPG', 'DSC00090.JPG', 128.02, '.JPG', 1),
(726, '4d9bd0528d4ee33b25814c6054f2a154.JPG', 'DSC00096.JPG', 124.39, '.JPG', 1),
(727, 'cba720a3174c6c04bbab84e7df5ba5a4.JPG', 'DSC00095.JPG', 112.34, '.JPG', 1),
(728, 'b3597d9b422b92591e1bd36bafd8e116.jpg', 'WP_20150817_003.jpg', 367.43, '.jpg', 1),
(729, '7c6a4bafe07bfd4a5bb263d9f6d1d1eb.jpg', 'WP_20150817_007.jpg', 383.45, '.jpg', 1),
(730, '49d6b9a534c5bdda19f09d0d922d4ad7.jpg', 'WP_20150817_009.jpg', 499.32, '.jpg', 1),
(731, '27fccc5d56983b964dacbc432bb2734c.jpg', 'WP_20150817_010.jpg', 418.26, '.jpg', 1),
(732, '934349105d190ae97d139c6a7cb9ab95.jpg', 'WP_20150817_015.jpg', 694.28, '.jpg', 1),
(733, 'e97c9ab80f05871c933012311eddaa41.jpg', 'WP_20150817_016.jpg', 522.31, '.jpg', 1),
(734, '3c1be7ed503c947c8214597aaf51cbb8.jpg', 'WP_20150817_017.jpg', 531.56, '.jpg', 1),
(735, '228f5d9f7a77dbf00410987a467f7726.jpg', 'WP_20150817_018.jpg', 520.93, '.jpg', 1),
(736, '4d248e63da55fa3e94385c087c3ca426.jpg', 'WP_20150817_019.jpg', 642.01, '.jpg', 1),
(737, '85c87f9b0fd02a49c62393e40a702b68.jpg', 'WP_20150817_011.jpg', 494.26, '.jpg', 1),
(738, '8bbb74f483fdd68b1252e7704b197063.jpg', 'WP_20150817_012.jpg', 447.52, '.jpg', 1),
(739, '69b3b8c90e3ed4a859bddd62f88d5e6f.jpg', 'WP_20150817_020.jpg', 521.04, '.jpg', 1),
(740, '5e62f6c6adb4edb3256682c803118835.jpg', 'WP_20150817_021.jpg', 485.49, '.jpg', 1),
(741, '981e1618489388fe617bd6b11762edd3.jpg', 'WP_20150817_025.jpg', 365.36, '.jpg', 1),
(742, '33a1856e389e0b2ae79d0aa46203895f.JPG', 'DSC00328.JPG', 216.99, '.JPG', 1),
(743, '73f553983f5069bad8c7a728125fae07.JPG', 'DSC00330.JPG', 954.57, '.JPG', 1),
(744, '7b7ff486d06e5687f94028d9a49cd704.JPG', 'DSC00331.JPG', 237.53, '.JPG', 1),
(745, '782657d996884b8ff36ca530f9902b18.JPG', 'DSC00332.JPG', 219.36, '.JPG', 1),
(746, 'db7cfd3df56f7ee01cd8c484d76f5aa9.JPG', 'DSC00335.JPG', 374.06, '.JPG', 1),
(747, '684d850046266e8f98f540a29f39f87e.JPG', 'DSC00336.JPG', 208.43, '.JPG', 1),
(748, 'edc656b2cb90f98e7864971d56650ef2.JPG', 'DSC00337.JPG', 213.21, '.JPG', 1),
(749, '42b2db40be89d8cb3ba6809638e55b85.JPG', 'DSC00338.JPG', 425.94, '.JPG', 1),
(750, '2dbc7fc90c73af7613a2461793064b0c.JPG', 'DSC00339.JPG', 185.27, '.JPG', 1),
(751, 'a3ad9f6d5ee777731ec8c71fd7f48f55.JPG', 'DSC00340.JPG', 304.81, '.JPG', 1),
(752, 'ce1fff3d43815e5c381e15522d0fc82e.jpg', 'WP_20150820_011.jpg', 411.68, '.jpg', 1),
(753, 'a461ff5f26072187843a6992292eda84.jpg', 'WP_20150820_006.jpg', 546, '.jpg', 1),
(754, 'acda3051d204f80e1bbb70c95d48f784.jpg', 'WP_20150820_009.jpg', 590.07, '.jpg', 1),
(755, 'e051d473f06803c7adda25224646180f.jpg', 'IMG_20150902_094425.jpg', 565.8, '.jpg', 1),
(756, '82c3ec0f47d3f58f63303f604023fc78.jpg', 'IMG_20150902_094425.jpg', 565.8, '.jpg', 1),
(757, '62466532e55ddcc9a439ba2b36c54843.jpg', 'IMG_20150902_094440.jpg', 572.18, '.jpg', 1),
(758, '8f32e28086858259190b50b53d1d3a7b.jpg', 'IMG_20150902_094731.jpg', 523.18, '.jpg', 1),
(759, '425d02dc332cc37a4aa7eb8d954888f7.jpg', 'IMG_20150902_094823.jpg', 474.55, '.jpg', 1),
(760, '9dbb5070700aa636c4483968ea10f32f.JPG', 'DSC00268.JPG', 89.47, '.JPG', 1),
(761, '00c73d597d3f75cfcc4a05175c256177.JPG', 'DSC00269.JPG', 80.29, '.JPG', 1),
(762, 'a6694115b64776dc98595a719c9572e9.JPG', 'DSC00270.JPG', 88.86, '.JPG', 1),
(763, '35fc98fb17153bc2c977690c4055e529.JPG', 'DSC00271.JPG', 91.15, '.JPG', 1),
(764, 'ae9e7d891f2cf7ae4a59c751672f8a1b.JPG', 'DSC00272.JPG', 91.07, '.JPG', 1),
(765, '3fdf62cb825d02c97887778ef22f3a33.JPG', 'DSC00274.JPG', 85.03, '.JPG', 1),
(766, '7630dc68ccd4d946e0c7f30aec43f8e6.JPG', 'DSC00275.JPG', 78.46, '.JPG', 1),
(767, 'fe7ab21a6c2db71d6cb098d84f1245d5.JPG', 'DSC00276.JPG', 87.53, '.JPG', 1),
(768, '21878393068c3f50bfb1c1f68f07a028.JPG', 'DSC00277.JPG', 94.52, '.JPG', 1),
(769, '273c667dd94c99f61f2553abc319f72c.JPG', 'DSC02378.JPG', 101.68, '.JPG', 1),
(770, '09d2ce34d9d7cd782d66dd89f8e48f69.JPG', 'DSC02379.JPG', 112.51, '.JPG', 1),
(771, '6d56be76cb8a2d312e3651fac43908f4.JPG', 'DSC00281.JPG', 101.5, '.JPG', 1),
(772, '244408104997b5969d822e0c1d07a54c.JPG', 'DSC00282.JPG', 97.35, '.JPG', 1),
(773, 'e050bb6c9f29c167bcf67d1393f425ff.jpg', 'IMG_20150902_155249.jpg', 1711.62, '.jpg', 0),
(774, 'ce666b6826658c73159dcaeaf5394a32.jpg', 'IMG_20150902_154829.jpg', 1267.68, '.jpg', 1),
(775, 'e57101c27f646ffbfd66dc44707033f6.jpg', 'IMG_20150902_155249.jpg', 1711.62, '.jpg', 0),
(776, '047dd054190c62dcc6ef3ee1208363db.jpg', 'IMG_20150903_132736.jpg', 1866.49, '.jpg', 1),
(777, '2fac2f8348f49029219035ec722949ae.jpg', 'IMG_20150909_155803.jpg', 923.37, '.jpg', 1),
(778, 'bd50a86b9f08b8bbfb57b1835d0b8a3d.jpg', 'IMG_20150909_155251[1].jpg', 1692.8, '.jpg', 1),
(779, '045df54d0ed88f4d9f41514e3e728034.jpg', 'IMG_20150909_155737.jpg', 1060.93, '.jpg', 1),
(780, '83f9e85284e996502b02e7f01c553f75.jpg', 'IMG_20150909_160601.jpg', 1587.24, '.jpg', 1),
(781, '7af01c2a88506ddd3e9d45654b097653.jpg', 'IMG_20150909_160015.jpg', 1175.68, '.jpg', 1),
(782, 'bca2242ad25f7470431de356fa53aa0a.JPG', 'DSC01682_2.JPG', 202.63, '.JPG', 1),
(783, '888560f3e7825928e5105d3bb3c9755e.JPG', 'DSC01684_2.JPG', 200.37, '.JPG', 1),
(784, '938f5319e68814630af6c79d33816ea5.JPG', 'DSC01685_2.JPG', 176.98, '.JPG', 1),
(785, '629cc917c4b0db48365375f3525efe93.JPG', 'DSC01687_2.JPG', 167.07, '.JPG', 1),
(786, '1a6d549206d6e9e55afe3e333bf408c0.JPG', 'DSC01689_2.JPG', 302.1, '.JPG', 1),
(787, 'fa27af939d4762fed5e9fa8fbeaa2b63.JPG', 'DSC01690_2.JPG', 223.02, '.JPG', 1),
(788, '2835857ab6810da41895dcc099564aeb.JPG', 'DSC01692_2.JPG', 180.98, '.JPG', 1),
(789, '3db7ab910b475a754428003e101a44b7.JPG', 'DSC01693_2.JPG', 186.78, '.JPG', 1),
(790, '6f6db5d9b02c610c0a30b1dc52eb6e6f.JPG', 'DSC01694_2.JPG', 150.88, '.JPG', 1),
(791, '481ba4cd3ce2dc5fb39da9114d23c3d5.JPG', 'DSC01694_2.JPG', 150.88, '.JPG', 1),
(792, '770221dad3d55ddc0b3603ac7028f212.JPG', 'DSC01700_2.JPG', 168.09, '.JPG', 1),
(793, '82e17a8ad3286928064c60b8eb42a5e8.JPG', 'DSC01701_2.JPG', 151.74, '.JPG', 1),
(794, '206c40f5703a52d9e568dabdabe9f418.JPG', 'DSC01703_2.JPG', 175.96, '.JPG', 1),
(795, 'c31944953f7503f1776e6e295ad813fc.JPG', 'DSC01704_2.JPG', 299.48, '.JPG', 1),
(796, '5f03ff80bcea4e7f294644699a7a8634.jpg', 'difratometro1.jpg', 80.92, '.jpg', 1),
(797, '5df09352fa17775b2de77f77df1f52be.jpg', 'circulador1.jpg', 78.18, '.jpg', 1),
(798, 'fff25f946c88b0759a07f9cb31e985a4.jpg', 'mini_tubo.jpg', 76.47, '.jpg', 1),
(799, '592497177515e3bfe390353bbc5ed2ba.jpg', 'detectorx.jpg', 115.85, '.jpg', 1),
(800, '6d07b172c6a487c0aefa1e7a8caefbf2.jpg', 'espectometro.jpg', 159.08, '.jpg', 1),
(801, 'f9e862d3a6a6c4392aa2f004414f49de.jpg', 'pulsos.jpg', 152.64, '.jpg', 1),
(802, '47e55388128e10a11213bab8c7bf6270.jpg', 'myseq.jpg', 22.26, '.jpg', 1),
(803, '4df937d1f0e50223b7fc4aa96b2129c1.JPG', 'Exposicao_SEMAT.JPG', 53.49, '.JPG', 1),
(804, 'c7541e82053f8551dd42977c6d2f12d5.JPG', 'PCOC_04_Paraboloide_UD.JPG', 144.78, '.JPG', 1),
(805, 'a9db27aa5927db8a51929c6a91ccd511.jpeg', 'WhatsApp_Image_2016-10-18_at_17.34_.13_.jpeg', 129.87, '.jpeg', 1),
(806, 'c5f51104b154428a78dd3045bd0b5299.jpg', 'WP_20160930_09_26_36_Pro_1475239041.jpg', 967, '.jpg', 1),
(807, '5b65e65b5ab6f0164362d8c5fca04a56.jpg', 'Altix.jpg', 76.66, '.jpg', 1);

-- --------------------------------------------------------

--
-- Estrutura da tabela `img_laboratorio`
--

CREATE TABLE `img_laboratorio` (
  `id_img_laboratorio` int(11) NOT NULL,
  `nome_iml` varchar(60) NOT NULL,
  `nome_antigo_iml` varchar(60) NOT NULL,
  `tamanho_iml` float NOT NULL,
  `extensao_iml` varchar(5) NOT NULL,
  `ativo_iml` int(11) NOT NULL DEFAULT '1'
) ENGINE=InnoDB DEFAULT CHARSET=utf8;

--
-- Extraindo dados da tabela `img_laboratorio`
--

INSERT INTO `img_laboratorio` (`id_img_laboratorio`, `nome_iml`, `nome_antigo_iml`, `tamanho_iml`, `extensao_iml`, `ativo_iml`) VALUES
(1, '386d5b3c19f66558c01b9e40c409bd7e.jpg', 'labTeste1.jpg', 385.87, '.jpg', 1),
(2, 'e6ead312b20ee2d1c522b3d9ebd1ac3b.JPG', 'DSC02403.JPG', 83.54, '.JPG', 1),
(3, '2c7b6cafc6174dcfe43a2b0d4535acc5.JPG', 'DSC02600.JPG', 216.15, '.JPG', 1),
(4, 'c45e6aa63af81c311592f4b9862901b2.JPG', 'DSC02600.JPG', 216.15, '.JPG', 1),
(5, '414877af2c0ca47ae616de3408631b9e.JPG', 'DSC02601.JPG', 191.71, '.JPG', 1),
(6, '346a722b00641455c26ed766b415a6b4.JPG', 'DSC02092.JPG', 129.54, '.JPG', 1),
(7, '302f007be09b2bb32d2e118f8f33f91e.JPG', 'DSC02600.JPG', 216.15, '.JPG', 1),
(8, '8f38d0edacd6d08deda943daf7bc9ee5.JPG', 'DSC02601.JPG', 191.71, '.JPG', 1),
(9, '112d77998ddf59110fde335bf7a34848.JPG', 'DSC02600.JPG', 216.15, '.JPG', 1),
(10, '29c6e02f056f7d9abf3d68f6170ec0c5.JPG', 'DSC02601.JPG', 191.71, '.JPG', 1),
(11, 'c48a0d9233d85d07e03b6112cb37216f.JPG', 'DSC02755.JPG', 243.47, '.JPG', 1),
(12, '351b744a3022589e5bf782ef88fccc34.JPG', 'DSC02756.JPG', 241.26, '.JPG', 1),
(13, '97f460b6cf9322e2ab59240b9d1ada8d.JPG', 'DSC02757.JPG', 240.04, '.JPG', 1),
(14, 'eefcdd3643ee2e8a60fb08546a0bfc8c.JPG', 'DSC02424.JPG', 221.28, '.JPG', 1),
(15, 'd3b564b9747f6f238c75f0f600cefec0.JPG', 'DSC02425.JPG', 300.14, '.JPG', 1),
(16, 'dda88cce8e001a4431373a33b8f69ecf.JPG', 'DSC02426.JPG', 228.62, '.JPG', 1),
(17, '1ef423b778bb0992506893987879c0ed.JPG', 'DSC02477.JPG', 205.47, '.JPG', 1),
(18, '6ee18ed84e846d32ca2142d4fccb6400.JPG', 'DSC02110.JPG', 174.29, '.JPG', 1),
(19, 'e4e9c98be0022c4a1f68fbb442ecdd56.JPG', 'DSC02111.JPG', 179.9, '.JPG', 1),
(20, 'bbf0290a6bab9d9b62b2c43b9137a65a.JPG', 'DSC02113.JPG', 184.65, '.JPG', 1),
(21, 'f7c0a1c7d9c7bd18f6e403f0aff3d661.JPG', 'DSC02507.JPG', 223.75, '.JPG', 1),
(22, '6ccd5311b881638fbfa69dce80719bdb.JPG', 'DSC02508.JPG', 210.32, '.JPG', 1),
(23, 'd9c229234a0184e93ac9faeeb5b5beea.JPG', 'DSC02498.JPG', 155.87, '.JPG', 1),
(24, '5584358fe1e4881654219b14f9189235.jpg', '1417716372d8ecf2eac284fab61fa3e314e0bfe53a.jpg', 35.97, '.jpg', 1),
(25, 'bff990d03fe88d13fcc252e347a466f3.JPG', 'DSC01728.JPG', 146.54, '.JPG', 1),
(26, '10d3dfe2875de24238e5780996074a12.JPG', 'DSC01730.JPG', 127.46, '.JPG', 1),
(27, 'e7e546166526a8e1fa1be4c929201583.JPG', 'DSC01585.JPG', 167.35, '.JPG', 1),
(28, '8cf00eb91c72740438d9679e47fed7e4.JPG', 'DSC01586.JPG', 213.17, '.JPG', 1),
(29, '19016e9877e622e6473a43ec61da057b.JPG', 'DSC01590.JPG', 144.74, '.JPG', 1),
(30, '488075a7d4b5fc56d9dfebea2d6df9a0.JPG', 'DSC02134.JPG', 375.07, '.JPG', 1),
(31, '565521dd23e73008b3ea9892519a0507.JPG', 'DSC02135.JPG', 310.66, '.JPG', 1),
(32, '67bd7443a5f1985f569cbdf13e450427.JPG', 'DSC02256.JPG', 236.17, '.JPG', 1),
(33, 'a53c08fa61605ff4d8c002749f54ee75.JPG', 'DSC02249.JPG', 204.28, '.JPG', 1),
(34, '6e0d857c4fa3ec9d4e00e61dec33a708.JPG', 'DSC01943.JPG', 294.14, '.JPG', 1),
(35, 'bdda40c2623ef52b6da522ab465d894b.JPG', 'DSC02292.JPG', 206.76, '.JPG', 1),
(36, 'e87627e77293b0d5a34fe004ed42be75.JPG', 'DSC02293.JPG', 208.52, '.JPG', 1),
(37, '704d44a199b2fdafa1a191ae314b4ea7.JPG', 'DSC02427.JPG', 196.67, '.JPG', 1),
(38, 'e311d3e74bc55c7b17e2178a75a3bddb.JPG', 'DSC02428.JPG', 248.54, '.JPG', 1),
(39, 'ac356056477d8113832c6bbc16328a79.JPG', 'DSC02440.JPG', 212.86, '.JPG', 1),
(40, '6bdc31ca07cb531ac9e14db37b770596.JPG', 'DSC02441.JPG', 242.01, '.JPG', 1),
(41, '3763d370b86a6978e9ac18889eaa06b7.JPG', 'DSC02326.JPG', 511.24, '.JPG', 1),
(42, '7c20a6af31dae90301a68f077f52f6ee.JPG', 'DSC02327.JPG', 343.78, '.JPG', 1),
(43, '0c7e717b7a3ce1c63d9f691047438471.JPG', 'DSC02301.JPG', 180.45, '.JPG', 1),
(44, '6d1826fa907322652e09a1667fd918f2.JPG', 'DSC02305.JPG', 219.62, '.JPG', 1),
(45, '33412c53921d803ddf4f91075fba75b3.JPG', 'DSC02879.JPG', 237.08, '.JPG', 1),
(46, '9be1c7fa15f348eff7ceea15098dec27.JPG', 'DSC02878.JPG', 220.96, '.JPG', 1),
(47, '7e2049d42d7663ea1a9d76fbf1f64591.JPG', 'DSC02877.JPG', 207.48, '.JPG', 1),
(48, 'a3c51143d9b4af0fe304ca1e23b71cac.JPG', 'DSC02793.JPG', 301.93, '.JPG', 1),
(49, '5c2675c3b37731287d485bc865973048.JPG', 'DSC02799.JPG', 197.49, '.JPG', 1),
(50, 'ec264a6578e2665cc7ddab1a682474ac.JPG', 'DSC02795.JPG', 192.56, '.JPG', 1),
(52, 'd0c89fec253451ddb53ab118f36e39a8.JPG', 'DSC02463.JPG', 247.93, '.JPG', 1),
(53, '89df1b2547b17e075d12e17be68d033a.JPG', 'DSC02672.JPG', 201.05, '.JPG', 1),
(54, '62463e82b7589cd41bc8641dad1749aa.JPG', 'DSC02687.JPG', 294.52, '.JPG', 1),
(59, 'ea2977226cd65a0912599a23a6bce58f.JPG', 'DSC01636.JPG', 278.39, '.JPG', 1),
(60, 'f4865b66554dd967b9b782e7191b7aea.JPG', 'DSC01680.JPG', 321.33, '.JPG', 1),
(61, 'fbf3020b58d0d72193754e18df56ee20.JPG', 'DSC01673.JPG', 248.19, '.JPG', 1),
(62, 'bf72f44967fd657eacb0426342a2249d.JPG', 'DSC01649.JPG', 347.15, '.JPG', 1),
(63, 'a49f42ce80f6de32964e6d529e5dc2fc.JPG', 'DSC01648.JPG', 194.92, '.JPG', 1),
(64, '7fef11910c1af45bf3928ef57edfccd5.JPG', 'DSC01644.JPG', 208.38, '.JPG', 1),
(65, 'c7dbc352a4fd4c65a825b3b3e0ba124e.JPG', 'DSC02632.JPG', 333.42, '.JPG', 1),
(66, '30097cdb832fbd67a2450ba643f507e8.JPG', 'DSC02631.JPG', 339.61, '.JPG', 1),
(67, '0beba91fa84f2c04b635aed0442e3dd7.JPG', 'DSC01660.JPG', 294.94, '.JPG', 1),
(68, '36ecd25803699a0216f30a47abb1708e.JPG', 'DSC01662.JPG', 307, '.JPG', 1),
(69, '40e97165e2f83f0f408cf494b9a6f5a3.JPG', 'DSC02790.JPG', 379.95, '.JPG', 1),
(70, '24b4f4f94f889b5e824c40816c8e3673.JPG', 'DSC02735.JPG', 100.21, '.JPG', 1),
(71, '7ac6188e53da326abfaefed34325e374.JPG', 'DSC02736.JPG', 81.99, '.JPG', 1),
(72, '38737e4224e0c818e63c42bfba71e377.JPG', 'DSC01807.JPG', 144.83, '.JPG', 1),
(73, '16623745c2a40df0432c0b363e7e101f.JPG', 'DSC01563.JPG', 125.93, '.JPG', 1),
(74, 'ce0c408c16da444ecf9519b9f3a5e577.JPG', 'DSC02376.JPG', 91.69, '.JPG', 1),
(75, 'b520bfd368b5f7992f788c132a1cf78a.JPG', 'DSC02071.JPG', 104.03, '.JPG', 1),
(76, 'a36ab7a06f65a46bca1a71b1e2822b99.JPG', 'DSC02070.JPG', 87.98, '.JPG', 1),
(77, 'f2b0755233e349f3d7e6001c9dc4b5ea.JPG', 'DSC01803.JPG', 91.83, '.JPG', 1),
(78, 'c3d563836cae0660951bdb910d3ae85f.JPG', 'DSC01807.JPG', 285.81, '.JPG', 1),
(79, '9c1c04ce7ea9c4974d902fe3872a7b51.JPG', 'DSC01818.JPG', 358.29, '.JPG', 1),
(80, '9aa0ba61e1bae2c0dd7496aa939e02da.JPG', 'DSC01626.JPG', 295.32, '.JPG', 1),
(81, '2420b5c9d2767ff9a47fff83ba2e2619.JPG', 'DSC01628.JPG', 353.05, '.JPG', 1),
(82, 'd5dcb31d3df0aedaa66c8e96c07c6100.jpg', 'fachadagrd.jpg', 64.7, '.jpg', 1),
(83, '4236af84927f8b74223f97ed99e3fe4c.jpg', 'grdvistageralum.jpg', 75.09, '.jpg', 1),
(84, '0320a32677369815a1e3dc13c7ccca3e.JPG', 'DSC01885.JPG', 86.83, '.JPG', 1),
(85, 'b2fe4ded7b6c4fba52ef88cbeb3553bb.JPG', 'DSC02711.JPG', 92.8, '.JPG', 1),
(86, '5448f5bfd1a68d086d04bac7824cf300.JPG', 'DSC02646.JPG', 77.24, '.JPG', 1),
(87, '16c354feaac7decf5934fada855fd846.JPG', 'DSC02663.JPG', 70.94, '.JPG', 1),
(88, 'c785b4908a74e349bb4bcbc6b7c4cdd9.JPG', 'DSC01991.JPG', 77.01, '.JPG', 1),
(89, '1832ef1478ccd5dfb971df0a64635285.JPG', 'DSC01992.JPG', 68.33, '.JPG', 1),
(90, '487df036dfb2896976c27061752ff27e.JPG', 'DSC02024.JPG', 76.91, '.JPG', 1),
(91, 'b227ca3b4f7b0f10e33f4d858b8e5330.JPG', 'DSC02040.JPG', 85.52, '.JPG', 1),
(92, '7eb87cbc09bddd1a4a9f5ddbef2d5b54.JPG', 'DSC01861.JPG', 74.22, '.JPG', 1),
(93, '15aca7764d5fadf5be996cf010e79c89.JPG', 'DSC02702.JPG', 91.49, '.JPG', 1),
(94, '7fc3caf7dfd66de1b4f7099caccffa4c.JPG', 'DSC02208.JPG', 304.39, '.JPG', 1),
(95, 'a71dbd49eee03ffb764472b29d280afe.JPG', 'DSC02479.JPG', 86, '.JPG', 1),
(96, '427a1fbd7b32520ac95645fa75f0b4e0.JPG', 'DSC02480.JPG', 82.41, '.JPG', 1),
(97, 'd106f31707e7142bbe540e48c4d4ca21.JPG', 'DSC02481.JPG', 88.29, '.JPG', 1),
(98, 'cb8007177fe9f141132d2ba4d0b668cd.JPG', 'DSC02218.JPG', 335.07, '.JPG', 1),
(99, 'ca3e51ada85432d040bd3459c5c873ee.JPG', 'DSC02224.JPG', 334.97, '.JPG', 1),
(100, '6200ecf925a25f0c472e25176aaf0cf4.JPG', 'DSC02211.JPG', 301.19, '.JPG', 1),
(101, 'd438f263dfed0c1a7c73186e24912024.JPG', 'DSC02774.JPG', 133.82, '.JPG', 1),
(102, 'd56f2a3fa7c2368b3fb3c234d572ec16.JPG', 'DSC02302.JPG', 74.39, '.JPG', 1),
(103, 'b55603cd37e33ef4fce1b8f8a07f7a86.JPG', 'DSC02305.JPG', 84.59, '.JPG', 1),
(104, '3f31aeebe8071fbda5b9a9b2e0bd6ddc.JPG', 'DSC02306.JPG', 93.68, '.JPG', 1),
(105, '7de4c40e6767b3aed5e420ebd92f9f3d.jpg', 'labTeste2.jpg', 57.74, '.jpg', 1),
(106, '976e1f9646c3ed1bf2f2cf04d504129d.jpg', 'labTeste1.jpg', 385.87, '.jpg', 1),
(107, 'fe5f299f41a1270a99ca76be5d67eab6.jpg', 'labTeste2.jpg', 57.74, '.jpg', 1),
(108, '675f490a07a45e70aa6393bb247c0ce8.jpg', '392357_239850112750322_15702911_n.jpg', 34.18, '.jpg', 1),
(109, '4d3def517193116ad03b2da5fcfe505f.jpg', 'lab1.jpg', 57.74, '.jpg', 1),
(110, '3c2670aca055b9755a36165f416c5a22.jpg', 'lab2.jpg', 385.87, '.jpg', 1),
(111, '712eee615d0a9636b440e68a16214979.jpg', 'lab1.jpg', 57.74, '.jpg', 1),
(112, '98e18423bb084ab07a0828718017a670.jpg', 'IMG-20150521-WA0003.jpg', 111.33, '.jpg', 1),
(113, 'f4c7be4692b7e3cf067e567e496b995a.JPG', 'DSC00053.JPG', 109.72, '.JPG', 1),
(114, 'ae399ac18fdb35bb3051141da836d752.JPG', 'DSC00054.JPG', 107.14, '.JPG', 1),
(115, '1b1af89191fee9c8956fa60608f6b40d.JPG', 'DSC00308.JPG', 1511.84, '.JPG', 1),
(116, 'e2b2c60cc892212d2130ad678d3689a9.jpg', '21.jpg', 267.23, '.jpg', 1),
(117, '0d5e64d582bf2e1f8bb1844152d76f4a.JPG', 'DSC00082.JPG', 115.56, '.JPG', 1),
(118, '70fa16342bc2da05d8ddd802e8e931aa.JPG', 'DSC00047.JPG', 142.61, '.JPG', 1),
(119, '07553762745c1ef327886a138314195d.JPG', 'DSC00325.JPG', 121.05, '.JPG', 1),
(120, 'f46f797ed095de933fc611c1b52d8333.JPG', 'DSC00326.JPG', 107.61, '.JPG', 1),
(121, '68bf781f92e0d4d32820bebf6f5ba084.JPG', 'DSC00365.JPG', 112.72, '.JPG', 1),
(122, '2b3cd96e3ff195e0a77290745f589ab4.JPG', 'DSC00366.JPG', 101.74, '.JPG', 1),
(123, '4a42aedb5d295f26328ee517dff812d5.JPG', 'DSC00063.JPG', 111.71, '.JPG', 1),
(124, '2b07df9319cbc1d4b928cad95b8b8ea3.JPG', 'DSC00062.JPG', 115.35, '.JPG', 1),
(125, '3f3cfb1123714b153a4ace8e3fb8a8a0.jpg', 'WP_20150603_020.jpg', 216.63, '.jpg', 1),
(126, 'e0f8830df071808181bd1820b48aa7f1.jpg', 'WP_20150603_021.jpg', 264.52, '.jpg', 1),
(127, 'de63d3ee747e985c971f4d9f32029955.jpg', 'WP_20150608_008.jpg', 309.57, '.jpg', 1),
(128, '32d74af36740cfecc7182d54258af5f9.JPG', 'DSC00367.JPG', 104.93, '.JPG', 1),
(129, '0283a756923f21cfad07bacca8bee58f.JPG', 'DSC00377.JPG', 115.91, '.JPG', 1),
(130, 'efec1aa3f65e86f2b5351185c88865ae.jpg', 'WP_20150814_001.jpg', 359.32, '.jpg', 1),
(131, '6a4f9b0d13aefcdb6cddff8d2f21ccc1.jpg', 'WP_20150814_002.jpg', 383.25, '.jpg', 1),
(132, '50513ceb525c4c4cf8fa55bfd93fc7ca.jpg', 'WP_20150817_001.jpg', 441.35, '.jpg', 1),
(133, 'f4292b957aa0a04e0a1852cc380864fc.jpg', 'WP_20150817_023.jpg', 473.37, '.jpg', 1),
(134, 'cc480c70195d5031f8f68feedffed3b9.jpg', 'WP_20150817_024.jpg', 448.72, '.jpg', 1),
(135, 'fcd87186018807cc52d654ab969c9052.JPG', 'DSC00327.JPG', 337.04, '.JPG', 1),
(136, 'f4625d4379b55ff072a97a719a48fafa.jpg', 'WP_20150820_015.jpg', 410.08, '.jpg', 1),
(138, 'c5699acde1e2771d76c46992ee339593.jpg', 'IMG_20150902_095013.jpg', 58.83, '.jpg', 1),
(139, '17e2d9eed5ab45a3e9d898b26e4bc0f0.JPG', 'DSC00284.JPG', 109.87, '.JPG', 1),
(140, '0324f6f32cd7b2d4579967d54ad5eb09.JPG', 'DSC02381.JPG', 69.48, '.JPG', 1),
(141, '0d254837a407d66a9336e8578472cb67.JPG', 'DSC00285.JPG', 88.37, '.JPG', 1),
(142, '7e7205f3c033ee5fc65543557c6fa56f.jpg', 'IMG_20150902_155218.jpg', 1681.8, '.jpg', 1),
(143, '3b9996930ba8d70995cadec7ab6d8563.JPG', 'DSC01713_2.JPG', 196.29, '.JPG', 1),
(144, '5759438dc1de230478409e1a79566d11.JPG', 'DSC01711_2.JPG', 267.44, '.JPG', 1),
(145, '7dec5953b1362c912f2d7ea12a53cdcc.JPG', 'DSC01709_2.JPG', 257.34, '.JPG', 1),
(146, 'ae769872fe9a055499322d6019c57d0e.JPG', 'DSC00080.JPG', 110.22, '.JPG', 1),
(147, '33f748b732fbd175b8916572568249be.JPG', 'DSC00081.JPG', 110.46, '.JPG', 1),
(148, 'e987f17807551f6ccd237a47ded353d4.JPG', 'L@VIM-10.JPG', 91.11, '.JPG', 1),
(149, 'e31cb60f693dd037aa951c0852178c77.JPG', 'L@VIM-11.JPG', 67.75, '.JPG', 1),
(150, 'eaab7fdc5018d2c37a63d4858b3d855b.jpeg', 'IMG-20160711-WA0001.jpg.jpeg', 46.04, '.jpeg', 1),
(151, 'b09095c9cea07e1b581cd7a7c91f2cea.jpeg', 'WhatsApp-Image-20160709.jpeg', 42.1, '.jpeg', 1),
(152, '5aadc54af1843d736b831605790237af.jpg', 'gato.jpg', 6.48, '.jpg', 1);

-- --------------------------------------------------------

--
-- Estrutura da tabela `laboratorio`
--

CREATE TABLE `laboratorio` (
  `id_laboratorio` int(11) NOT NULL,
  `nome_lab` varchar(200) NOT NULL,
  `sigla` varchar(10) NOT NULL,
  `ramal_lab` varchar(15) DEFAULT NULL,
  `website_lab` varchar(100) DEFAULT NULL,
  `descricao_lab` text NOT NULL,
  `atividades_lab` text NOT NULL,
  `areas_atendidas_lab` text NOT NULL,
  `multiusuario_lab` varchar(3) NOT NULL,
  `usa_ensino_lab` varchar(3) NOT NULL,
  `usa_pesquisa_lab` varchar(3) NOT NULL,
  `usa_extensao_lab` varchar(3) NOT NULL,
  `last_modified_lab` timestamp NOT NULL DEFAULT CURRENT_TIMESTAMP ON UPDATE CURRENT_TIMESTAMP,
  `fk_id_pavilhao` int(11) NOT NULL,
  `ativo_lab` int(11) NOT NULL DEFAULT '1',
  `palavras_chave` text NOT NULL
) ENGINE=InnoDB DEFAULT CHARSET=utf8;

--
-- Extraindo dados da tabela `laboratorio`
--

INSERT INTO `laboratorio` (`id_laboratorio`, `nome_lab`, `sigla`, `ramal_lab`, `website_lab`, `descricao_lab`, `atividades_lab`, `areas_atendidas_lab`, `multiusuario_lab`, `usa_ensino_lab`, `usa_pesquisa_lab`, `usa_extensao_lab`, `last_modified_lab`, `fk_id_pavilhao`, `ativo_lab`, `palavras_chave`) VALUES
(1, 'Laboratório De Biologia Molecular', '', '(73) 3680-5427', 'nbcgib.uesc.br/genetica', 'Edson Mario Andrade (mariodeandradee@gmail.com); Mestrado : Monique Drielle Ferreira, Akyla Maria Martins Alves, Raner José Santana Silva;  Doutorado: Sara Menezes, Jacqueline Araujo Castro, Dayanne Monteiro, Dayane Santos Gomes, Lucas Ferraz dos Santos, Milena Amaral, Milena Doria, Claudia Garcia Neves. O laboratório é também utilizado por outros professores e seus respectivos alunos (Cristina Caribé, Virginia Fontes, Abelmon da Silva Gesteira, Marcio Costa) e pesquisadores-bolsistas (Ester Diorato, Daniel Amaral, Fabiana Barbosa, Tahise Magalhaes)', 'Embrapa CNPMF, Embrapa Cenargen, Embrapa CPATU, Ceplac-BA, UEFS, UESB, IAC, UFRGS, Unicamp, Cirad (França), INRA (França), IVIA (Espanha), CNR (Itália).\n', 'Pós-Graduação em Genética e Biologia Molecular ', 'Não', 'Não', 'Sim', 'Não', '2015-11-18 13:56:01', 1, 1, ''),
(2, 'Laboratório De Biotecnologia Microbiana', '', '(73) 3680-5435', 'nbcgib.uesc.br/genetica', 'Iniciação científica : Suzana Moura; Natiele Dotivo; Emylle Cavalcante; Mestrado: Denison Chaves; Moara Costa; Rhyan Barros; Pedro Cairo; Doutorado: Ana Carolina Gonsalves; Cristiane Araujo; Eric Marques; Fernanda Souza; Gislaine Silva; Thalis Ferreira; Tharcilla Pessoa.', 'Pós-Graduação em Genética e Biologia Molecular.', 'Área de microbiologia geral e aplicada, cursos de Pós Graduação em Biologia e Biotecnologia de Microrganismos; Pós Graduação em Genética e Biologia Molecular; Pós Graduação em Biotecnologia (UEFS).', 'Não', 'Não', 'Sim', 'Não', '2015-11-18 13:56:24', 1, 1, ''),
(3, 'Laboratório De Materiais E Meio Ambiente', '', '(73) 3680-5366', '', 'Mestrandos: Felipe Martins Ramos dos Santos, Vinicius Barreto, Evelin Dayana de Oliveira, Tamara Borges, Lhaira Barreto. \nIniciação Científica: Isabella Argolo, Regivaldo Santos, Virnna Santana, Lais Paulo Santos, Caio Kunrat.', 'Universidade Federal do Rio Grande do Sul(UFRGS); Laboratório de Materiais Poliméricos(Lapos-UESC), Universidade de São Paulo(USP), Laboratório de Corrosão.', 'Estudos em materiais.', 'Sim', 'Sim', 'Sim', 'Não', '2015-11-18 14:18:24', 13, 1, ''),
(6, 'Laboratório De Proteômica', '', '(73) 3680-5430', '', 'Pós Doc: Aurizângela Oliveira Sousa (Rhae/Suzano - Seleção precoce de clones de eucalipto); Luana Mahé Costa Gomes (INCT - Espaço - Microgravidade x vassoura de bruxa). Doutorandos: Jamilly Azevedo Leal Sena (FUNCECI/BNB - Antígenos de T. gondii em plantas); Laís Freire Santos (CNPq Universal - Filoplaninas do cacau); Lívia Santana dos Santos (PRONEN - Silenciamento em cacau e cistatina x células); Joise Hander Mares (PRONEN - Proteômica de basidiósporos); Katiúcia Tícila de Souza Eduvirgens Ferreira (PRONEN - Microorganismos x Vassoura de Bruxa); Luciana Rodrigues Camillo (PRONEN - Está para defender a tese); Mestrandos: Deyse Lara Vieira Malheiro (PRONEN - Secretoma de Ceratocystis); Juliano Oliveira Santana (PRONEN - Legumaínas do cacau).', 'CEPLAC, MARS BRASIL, EMBRAPA.', 'Área de microbiologia geral e aplicada, cursos de Pós Graduação em Biologia e Biotecnologia de Microrganismos; Pós Graduação em Genética e Biologia Molecular; Pós Graduação em Biotecnologia (UEFS),', 'Não', 'Não', 'Sim', 'Não', '2015-11-17 17:53:01', 1, 1, ''),
(7, 'Agroindústria', '', '(73) 3680-5275', '', 'Pós doutorado: Ronaldo Costa Argolo Filho\nDoutorandos:\nCleber Miranda Gonçalves, Henrique Reis Sereno, Roberta Maria Santos Ornellas, Tizá Teles Santos, Cassiane Oliveira, Camila Boaventura, Samuel Carvalho, Antônio Fábio Reis Figueirêdo, Elck Almeida Carvalho, Cleiziane Bispo da Silva, Sheila Matos Viana Soares de Almeida, Hellen Ribeiro Martins dos Santos. \nMestrandos:\nManuela Ribeiro Passos, Yara Barros Feitosa, Aila Riany de Brito, Nadabe Reis, Giselle de Souza Rodrigues.\nIniciação científica:\nGabriel Rocha, Nícolle Paiva, Renata de Oliveira Pereira, Juliane de Macedo Pereira, Mayara Ferreira Maciel Monteiro, Leonardo de O. Nunes, Mayara Messias.\n Bolsista de apoio técnico\nLaís Vieira dos Santos Nunes', '', '', 'Sim', 'Sim', 'Sim', 'Sim', '2015-11-18 14:17:30', 11, 1, ''),
(8, 'Laboratório de Farmacogenômica e Epidemiologia Molecular', '', '(73) 3680-5155', '', 'Iniciação científica:  Jovanna Araújo Freiras, Luara Athaly Belem Lima dos Santos, Camille Pólvora Sena, Avanbergue Gadelha, Thamis Pellizoni, Veronica Nunes, Vinícius Nunes, João Henrique Fonseca do Nascimento, Larissa ALves Farias, Leidson Rodrigo Teixeira, Ricardo Cardoso Castro, Yasmine Souza Silva, Jullyan Mendes Silva da Silva, Tiago Oliveira. Mestrado  Emanuelle Cardoso.  \nDoutorado: Diana Matos e Cristiane Carvalho.', '', 'Ciências Biológicas e Ciências da Saúde (Virologia e Biologia Molecular)', 'Sim', 'Não', 'Sim', 'Não', '2015-11-18 14:21:44', 12, 1, ''),
(9, 'Laboratório De Nutrição Animal', '', '(73) 3680-5154', '', 'Iniciação científica: Jefferson Penna dos Santos, Mestrado: Jonas Batista Ferreira Filho, Diego Mendes Freitas Ferreira, Clebson Pereira de Almeida,\nIvanildo dos Anjos Santos, Ellen de Almeida Moreira , Ivanildo dos Anjos Santos.\n Doutorado:Rafael Pereira Barros, Bruna Rayet Ayub, Lígia Lins Souza, Brena Santos Oliveira, Flávio Moreira de Almeida, Ícaro dos Santos Cabral, Pablo Almeida Sampaio Vieira.\n ICV: Layza Danielle Reis Ramos, Leandro Silva Nascimento,Gustavo Henrique Bandeira Alves, Valclei Luz de Abreu, Jacilene Dias dos Santos.', 'UESB, UFV, Embrapa, UFBA.', 'Ciência animal.', 'Sim', 'Sim', 'Sim', 'Sim', '2015-11-18 14:22:02', 12, 1, ''),
(10, 'Laboratório De Citogenética', '', '(73) 3680-5431', '', 'Doutorado:\nPatrícia Nayara Caldas Silva. Análise comparativa da variação do tamanho do genoma em formigas da tribo Ponerini e sua correlação com a evolução do cariótipo. Tese (Doutorado em Genética e Biologia Molecular).\nRodolpho Santos Telles de Menezes. Análise citogenética e molecular em populações de Synoeca spp. (Hymenoptera, Vespidae, Epiponini).Tese (Doutorado em Genética e Biologia Molecular) \n\nAline Souza Medrado. Diversidade Populacional em Astyanax aff. fasciatus (Pisces, Characidae): uma abordagem citogenético molecular.Tese (Doutorado em Genética e Biologia Molecular) \nMestrado:\nJoão Paulo Sales de Oliveira Correia. Estudos morfológicos, moleculares e citogenéticos para taxonomia integrativa no complexo de espécies Pachycondyla stigma (Wilson & Taylor 1967). Dissertação (Mestrado em Zoologia)\nIniciação Cientifica:\nFelipe Rios Cardoso. Estudos Citogenéticos em Formigas e vespas solitárias e sociais. Início: 2013. Iniciação científica (Graduando em Ciências Biológicas) \nTalisson Souza da Silva. Estudos Citogenéticos em Vespas e abelhas solitárias e sociais. Início: 2013. Iniciação científica (Graduando em Ciências Biológicas)', 'CEPEC/CEPLAC (Laboratorio de Mirmecologia); Smithsonian Institution - Washington.', '', 'Não', 'Não', 'Sim', 'Não', '2015-11-18 13:56:43', 1, 1, ''),
(11, 'Coleções Zoológicas De Vertebrados', '', '(73) 3680-5462', '', 'Daniel Grundman, Leildo Carilo(IC). Camila Souza Batista, Rousiana Oliveira Sousa, André Pires Santos (EXTENSAO)', '', 'Ciências Biológicas, Agronomia, Medicina, Enfermagem, Medicina Veterinária', 'Sim', 'Sim', 'Sim', 'Sim', '2015-11-18 14:22:22', 12, 1, ''),
(12, 'Laboratório De Anatomia De Animais Domésticos', '', '(73) 3680-5125', '', 'Felipe Brasileiro - aluno de medicina  veterinária - projeto de extensão.	\nTécnica: Nayade dos Santos Farias\n', '', 'Agronomia e Medicina Veterinária ', 'Sim', 'Sim', 'Não', 'Sim', '2015-11-18 14:22:40', 12, 1, ''),
(13, 'Laboratório De Genômica', '', '(73) 3680-5429', 'http://www.uesc.br/centros/cbg/', 'Pós Doutorado: Aurizângela Oliveira Sousa (Rhae/Suzano - Seleção precoce de clones de eucalipto); Luana Mahé Costa Gomes (INCT - Espaço - Microgravidade x vassoura de bruxa). \nDoutorandos: Jamilly Azevedo Leal Sena (FUNCECI/BNB - Antígenos de T. gondii em plantas); Laís Freire Santos (CNPq Universal - Filoplaninas do cacau); Lívia Santana dos Santos (PRONEN - Silenciamento em cacau e cistatina x células); Joise Hander Mares (PRONEN - Proteômica de basidiósporos); Katiúcia Tícila de Souza Eduvirgens Ferreira (PRONEN - Microorganismos x Vassoura de Bruxa); Luciana Rodrigues Camillo (PRONEN - Está para defender a tese); \nMestrandos: Deyse Lara Vieira Malheiro (PRONEN - Secretoma de Ceratocystis); Juliano Oliveira Santana (PRONEN - Legumaínas do cacau).', 'CEPLAC, MARS BRASIL, EMBRAPA.', '', 'Não', 'Não', 'Sim', 'Não', '2015-11-18 13:57:08', 1, 1, ''),
(14, 'Laboratório De Preparo De Amostras', '', '(73) 3680-5122', '', '', '', 'Pós graduação em Química', 'Não', 'Não', 'Sim', 'Não', '2015-11-18 14:23:01', 12, 1, ''),
(15, 'Laboratório De Imunologia', '', '(73) 3680-5435', '', 'Mestrado: Tassiara Pereira dos Santos, Hebert Pina Freire, Ariely Cruz. Doutorado: Tauá Alves Melo, Thalis Ferreira dos Santos, Flamélia Carla . Iniciação Científica: Luiz Alberto Gusmão Fontes Júnior , Milena Evangelista.', 'Universidade de São Paulo, Instituto Adolfo Lutz.', 'Biotecnologia de microorganismos(pós graduação), microbiologia, imunologia(curso de biomedicina e ciências biológicas). O software SoftMax é utilizado para auxilio a pesquisa nesse laboratório. ', 'Sim', 'Não', 'Não', 'Sim', '2015-11-18 13:57:27', 1, 1, ''),
(16, 'Laboratório De Marcadores Moleculares', '', '(73) 3680-5428', '', 'Monitora: Daniele França\nPós doutorado: Polliana Silva Rodrigues.\n\nDoutorandos: Caio Vinicius Vivas Damasceno Melo, Daniela Bitencourt Borges,Elaini Oliveira dos Santos Alves, Flora Bittencourt Lima, Rodrigo Alves Bezerra. \n\nMestrandos: José Audenor Silva Júnior, Acácia Brasil Rodrigues, Alesandro Souza Santos   \n Iniciação Científica: Carina Santana Alcântara, Fabiana Ferreira Cardoso, Juliana Neres, Carlos Santos Bispo Neto \n\nMatheus Palma Rocha (TCC) \n \nDaniele de Souza França (AT) \n', 'UEFS (IES); UFBA (IES); Natura (empresa privada); BabyBode (empresa privada); Mars (empresa privada).', 'Pós-graduação em Genética e Biologia Molecular e em Ecologia e Conservação da Biodiversidade.', 'Não', 'Não', 'Sim', 'Não', '2015-11-18 13:57:43', 1, 1, ''),
(17, 'Laboratório De Fitopatologia E Nematologia', '', '(73) 3680-5269', '', 'Iniciação científica voluntária: Elielva Cardoso de Oliveira, Geane Silva Santos.  \nFAPESB: Jessica Nascimento de Castro, Rejane Mendes dos Anjos. \nICB: Shaila Thainan Santos Ferreira. \nAlunos do mestrado do PPGPV – Parte das pesquisas são realizadas no Laboratório, Mateus Endringer Calimann e Isabela Portela Assis.', 'CEPLAC.', 'Ciências Biológicas, Ecologia, Agronomia.', 'Sim', 'Sim', 'Sim', 'Sim', '2015-11-18 14:23:23', 12, 1, ''),
(18, 'Laboratório De Cultura De Tecidos', '', '(73) 3680-5196', 'http://nbcgib.uesc.br/genetica/', 'Pós Doutorado: Aurizângela Oliveira Sousa (Rhae/Suzano - Seleção precoce de clones de eucalipto); Luana Mahé Costa Gomes (INCT - Espaço - Microgravidade x vassoura de bruxa). Doutorandos: Jamilly Azevedo Leal Sena (FUNCECI/BNB - Antígenos de T. gondii em plantas); Laís Freire Santos (CNPq Universal - Filoplaninas do cacau); Lívia Santana dos Santos (PRONEN - Silenciamento em cacau e cistatina x células); Joise Hander Mares (PRONEN - Proteômica de basidiósporos); Katiúcia Tícila de Souza Eduvirgens Ferreira (PRONEN - Microorganismos x Vassoura de Bruxa); Luciana Rodrigues Camillo (PRONEN - Está para defender a tese); Mestrandos: Deyse Lara Vieira Malheiro (PRONEN - Secretoma de Ceratocystis); Juliano Oliveira Santana (PRONEN - Legumaínas do cacau).', 'CEPLAC, MARS BRASIL, EMBRAPA.', '', 'Não', 'Não', 'Sim', 'Sim', '2015-11-18 13:58:03', 1, 1, ''),
(19, 'Laboratório De Biologia De Fungos', '', '(73) 3680-5433', 'http://www.uesc.br/centros/cbg', 'Alunos de doutorado:\nPrograma de Pós-Graduação em Genética e Biologia Molecular (UESC) \nRegineide Xavier Santos - CNPq\nSamuel Saito - CNPq \nTatiana Setenta Basso\n\nPrograma de Pós-Graduação RENORBIO \nGabriele Marisco\nAlunos de mestrado: \nPrograma de Pós-Graduação em Biologia e Biotecnologia de Microrganismos (UESC) \nAlanna Cibelle Fernandes Pereira - FAPESB \nEvelyn Vita dos Santos - CNPq\n\nAluno em estágio acadêmico \nDanilo Andrade Brito Suque – Faculdade de Farmácia – UNIME\n\nAlunos de iniciação científica:\nDiego Oliviera – PIBIC-UESC\nGivaldo Santos da Silva – PIBIC/CNPq\nDaina Barbosa das Neves – voluntária\n\nAluno de iniciação científica junior:\nMariana Cruz Amaral de Jesus  – FAPESB-UESC\n\n ', 'UFRGS. ', 'Laboratório de bioprospecção (procura de moléculas com atividade biológica); mecanismos de ação de compostos; atividades genotóxicas.', 'Não', 'Não', 'Sim', 'Sim', '2015-11-18 13:58:20', 1, 1, ''),
(20, 'Centro De Microscopia Eletrônica', '', '(73) 3680-5191', 'http://www.uesc.br/centros/cme', '5 Estudantes de iniciação científica, José Victor dos Santos Silva, Gledson Santos Correia, além de 30 estudantes de mestrado.', 'Laboratórios de Microscopia da  Fiocruz, UFMG, UFV.', 'Pós Graduação Ciência dos Materiais, Pós Graduação em Produção Vegetal Mestrado e Doutorado, Mestrado em Botânica, mestrado e doutorado em biotecnologia e genética.', 'Sim', 'Sim', 'Sim', 'Não', '2016-04-28 14:26:20', 2, 1, ''),
(21, 'Laboratório De Anatomia Vegetal', '', '(73) 3680-5191', 'http://www.uesc.br/centros/cme/', 'Iniciação científica: Alanna Mendonça Melo, José Victor dos Santos Silva, Geisiane Querino, Nicole S. Souza, Gleidson S. Correa, Jéssica da Silva Fernandes.\nMestrando: William Emanuel Silva Santos Viana , Valéria Rejane Silva Brito, Thayane Pereira Macedo,Tainã Fernanda Oliveira Alves , Raquel Jovita dos Santos, Nadabe dos Santos Reis, Mávyla Santos Lima, Louise Rodrigues Barreto, Leyde Nayane Nunes dos Santos Silva, João Victor de Souza Castelar, Jacilene Cruz Magalhães, Íris Terezinha Santos de Santana Silva, Glaziele Campbell da Silva, Franz Dias Gois, Francisca das Chagas Gonçalves do Nascimento, Ednara Almeida de Souza, Andressa Viera de Castro, Aluiz Magno Alves Dímpino de Assis, Alezania Silva Pereira.\n', '', 'Bacharelado e licenciatura de ciências biológicas, mestrado do curso de botânica, graduação de agronomia.', 'Não', 'Sim', 'Sim', 'Sim', '2015-11-18 13:58:47', 2, 1, ''),
(22, 'Laboratório De Visualização Matemática', 'L@VIM', '(73) 3680-5109', 'https://sites.google.com/site/gpemac/Home', 'O L@VIM da UESC é um espaço físico para o desenvolvimento de Pesquisas em Matemática, em ambientes computacionais e Construções de Materiais Manipuláveis, localizado no 2º andar do DCET, é equipado de materiais didáticos elaborados pelos pesquisadores e estudantes integrantes do GPEMAC. Nele está instalada uma Impressora 3D CubeX Duo, multiuso. O pesquisador interessado deve produzir os seus modelos que pretende materializar com a Impressora 3D, ter comprado os próprios insumos (em PLA) e agendar o processo de prototipagem com o Coordenador do L@VIM, responsável pelo manuseio do equipamento.', '- Pesquisa Matemática,\n- Produção de Modelos Concretos\n- Modelagem Paramétricas de PCOC materializados na Impressora 3D\n- Exposição de Materiais Didáticos\n- Iniciação Científica\n- Desenvolvimento de Pesquisas de Mestrados\n- Seminários de Pesquisa', 'Matemática; Matemática Aplicada; Engenharias, Modelos Concretos e Computacionais. \nNos computadores deste laboratório são utilizados  os softwares Cabri 3D, Maple, Latex e GeoGebra, CubeX 3D Systems para auxilio das pesquisas realizadas.', 'Sim', 'Não', 'Sim', 'Não', '2017-10-17 17:58:41', 13, 1, 'Pesquisa, Matemática, Modelos Concretos, Impressora 3D, Visualização Matemática'),
(23, 'Laboratório De Filmes Finos', '', '(73) 3680-5635', '', 'Laboratório dedicado à pesquisa envolvendo a modificação de superfícies por meio da deposição de camadas de materiais, particularmente através de técnicas de deposição assistida por plasma (sputtering).', 'IST - Instituto Superior Técnico (Lisboa), CEPEDI.', 'Mestrado em Materiais (PROCIMM), Física, Engenharias. Nos dois computadores do laboratório os softwares COMSOL, MatLab, Siesta estão instalados para auxiliar o desenvolvimento da pesquisa.', 'Não', 'Sim', 'Sim', 'Não', '2017-04-03 18:14:02', 6, 1, ''),
(24, 'Laboratório De Estatística Computacional - LEC', '', '(73) 3680-5596', 'http://nbcgib.uesc.br/lec/', '', '', '', 'Não', 'Sim', 'Sim', 'Sim', '2015-11-18 14:20:37', 6, 1, ''),
(25, 'Laboratório De Manufatura - Laman', '', '(73) 3680-5198', '', 'Iniciação científica:Rebeca Falcão Borja de Oliveira Correia, Bruno Azevedo, Filipe Rosa, Gabriel Alves Costa, Stephanny Medeiros, Adrian Valdez. Mestrado: Kalil Figueiredo Almeida, Djoille Danner Damm.', 'INPE ( Instituto Nacional de Pesquisas Espaciais). ', 'PROCIMM(mestrado). Os dois computadores deste laboratório tem instalado os softwares COMSOL, AutoCad, SolidWorks para auxiliar a pesquisa.', 'Não', 'Sim', 'Sim', 'Sim', '2015-11-18 14:18:55', 13, 1, ''),
(26, 'Centro de Armazenamento de dados e Computação Avançada da UESC', '', '(73) 3680-5212', 'http://nbcgib.uesc.br/nbcgib/', 'Analistas Universitários:\n\nEduardo Almeida Costa (Administração de Redes e Sistemas),\n\nCarlos Magno Moreira Sales (Banco de Dados).\n\n\nEstagiários:\n\nLeandro Souza de Oliveira (Estagiário graduando em Ciência da Computação);\n\nMatheus Santos Cardoso da Silva (Estagiário graduando em Ciência da Computação).', '', '', 'Sim', 'Sim', 'Sim', 'Não', '2015-11-17 17:51:34', 5, 1, ''),
(27, 'Laboratório De Ecologia Bêntica', '', '(73) 3680-5536', '', ' Iniciação científica:  Vanessa Ramos, Yan Mathaus.Iniciação científica voluntária: Alexander Rocha. Orientado de TCC:  Antônio Marinho. Pós graduação : Alison Matos, Edirlan Santos, Indira Luz, Poliana Guizzardi, Rafaela Braga. Dois pesquisadores : Letícia Oliveira, Túlio Chaves (mestre). ', 'Universidade Federal de Diamantina, Universidade Federal do Ceará, Universidade Estadual de Feira de Santana. 	\n', 'Pós graduação em zoologia e sistemas aquáticos tropicais.', 'Não', 'Sim', 'Sim', 'Não', '2015-11-18 14:33:03', 9, 1, ''),
(28, 'Laboratório Melhoramento De Plantas', '', '(73) 3680-5164', '', ' Doutorado: Rita Sanchez, Gonçalo, Viviane,  Vanessa. Mestrado: Matusalem Campos Santos, Emanuela Palmeira Lavinsk, Artur Gustavo.', 'Embrapa, Ceplac. ', 'Genética, Produção Vegetal. Para auxílio da pesquisa é utilizado o software Image Magento.', 'Não', 'Sim', 'Sim', 'Não', '2015-11-18 14:33:20', 9, 1, ''),
(29, 'Laboratório Biogeoquímica Marinha', '', '(73) 3680-5532', '', 'Doutorado: Eline Nayara Dantas da Costa, Thais Carvalho Cequeira Chausse. Mestrado: Marcio Indara, Celimarcos Bezerra. Iniciação Científica: Gabriel Vasconcelos. Iniciação Científica Voluntária: Stephanie Oliveira. Mais informações no site https://sites.google.com/a/bgqmar.net/grupo-de-pesquisa-biogeoquimica-marinha/. \n', 'UFBA, CENA/USP, INT - Instituto Nacional de Tecnologia.', 'PPG SAT, Prodema. ', 'Não', 'Não', 'Sim', 'Não', '2015-11-18 14:33:38', 9, 1, ''),
(30, 'Laboratório Zoologia De Vertebrados', '', '(73) 3680-5445', '', ' 7 estudantes de iniciação científica, 9 estudantes de mestrado, 6 estudantes de doutorado, 1 estudante de pós-doutorado, ao todo são 5 projetos em andamento. ', 'Projetos multi-universitários, plantações Michelin na Bahia, OCT, Instituto Uiraçu, Instituto Dríades, Empresas Ambientais.', 'Zoologia de Vertebrados. Pós graduação : Zoologia, Ecologia', 'Não', 'Sim', 'Sim', 'Sim', '2015-11-18 14:34:14', 9, 1, ''),
(31, 'Laboratório De Técnicas De Enfermagem', '', '(73) 3680-5122', '', ' Professoras: Inatiane Martins, Lacita Menezes, Elizabete Setenta, Joelma Teobalde, Talita Levi, Ana Maria Souza. Monitor(a): Jeovana Angelica Andrade da Rocha.\nE-mail: geovana_angelica3@hotmail.com', '', '', 'Não', 'Sim', 'Não', 'Não', '2015-11-18 14:23:37', 12, 1, ''),
(32, 'Laboratório De Ecologia', '', '(73) 3680-5019', '', 'O Laboratório possui instalações e equipamento que permitem a realização de aulas teóricas e práticas de ecologia além de material para desenvolver atividades de campo incluindo acesso à copa das árvores. Seminários regulares são realizados para a apresentação de artigos e discussão de conceitos ecológicos. Pessoal envolvido: Pós-Doutoranda em Botânica - Janaína Gomes da Silva; \nPG Botânica: Jéssica dos Anjos Bandeira; \nPG Ecologia: Marcos Lavigne de Lemos, Samuel Baracho; \nGraduandos: Bruna Caliane S.F. Gonçalves, Jaqueline Elloah Santana Meira, Pablo Monan Daltro.', 'Ensino: aulas teóricas e práticas de Ecologia; Pesquisa: orientação de projetos de Iniciação Científica e das PGs em Ecologia e Botânica; Extensão:  levantamentos florísticos, Fitossociologia, classificação de estágios sucessionais e levantamento rápidos da vegetação (arbórea); resgate de fauna, elaboração e implantação de planos de gerenciamento de resíduos sólidos e meliponicultura; monitoramento de mastofauna (terrestres e morcegos); amostragem de vegetação e serviços de acesso à copa das árvores; manutenção geral da coleção herpetológica e manutenção do serpentário', 'Graduação: Biologia, Agronomia; PGs: Ecologia e Conservação da biodiversidade, Botânica.', 'Sim', 'Sim', 'Sim', 'Sim', '2016-05-18 14:53:35', 12, 1, ''),
(33, 'Laboratório De Paleontologia', '', '(73) 3680-5263', '', 'Alunos: Alexsandro Crispin, Rousiana Oliveira Sousa, Andre Pires, Camila Souza Batista. Técnico: Tadeu Teixeira Medeiros. ', '', 'Pós graduação de zoologia e ecologia.', 'Sim', 'Não', 'Sim', 'Sim', '2015-11-18 14:24:05', 12, 1, ''),
(34, 'Laboratório De Imunobiologia', '', '(73) 3680-5315', '', 'Ana Clara Correia Melgaço, Simone Setúbal, Vanessa Martins, Mileny Melo, Andréia Gonçalves, Rosimeire Alves, Marceille Carvalho, Milca de Jesus.', 'Parceiria com Laboratórios: UESC - Centro de Biologia e Genética , colaboradores: Dr. Priminho Pirovani, Marcio Gilberto Cardoso Costa, Fabienne Micheli. De Imunobiologia da UFMG, Prof Dra. Coordenadora Ana Caetano de Faria(Departamento de Imunobiologia), laboratório de Biologia de Microorganismos , Prof Dra. Fátima Soares Motta Noronha , Centro de Pesquisa Rene Rachou - Fiocruz Prof Dra Andréia Teixeira Carvalho, Prof Dr. Marcos André Vannier Santos Laboratório de Biomorfologia Parasitária (Centro de Pesquisa Gonçalo Muniz - Fiocruz), Empresa de pesquisa Agropecuária - Centro nacional de pesquisa de mandioca e fruticultura tropical, Abelmon da Silva Gesteira. Laboratório de genética da UESB: Dra. Patricia Santos Pereira Lima e Dra Sandra Mara Bispo Souza, Profª Dra Neide Maria da Silva - Universidade Federal de Uberlândia (UFU), Biologia Celular e Estrutural Aplicadas -PPGBC.', 'Biologia e Biotecnologia de Microorganismos (mestrado e doutorado).', 'Não', 'Não', 'Sim', 'Não', '2015-11-18 14:24:19', 12, 1, ''),
(38, 'Laboratório De Oceanografia Biológica', '', '(73) 3680-5446', '', 'Estudantes de Mestrado: Simone Soares Silva, Mariane Amorim Rocha, Lorena Pedreira Conceição, Caio Cezar da Silva.', '', 'Mestrado em Sistemas Aquaticos Tropicais (SAT).', 'Não', 'Sim', 'Sim', 'Não', '2015-11-18 14:25:52', 12, 1, ''),
(39, 'Laboratório De Olfatometria', '', '(73) 3680-5122', '', '', '', 'Mestrado em Sistemas Aquaticos Tropicais (SAT). ', 'Sim', 'Sim', 'Sim', 'Não', '2015-11-18 14:26:05', 12, 1, ''),
(40, 'Laboratório De  Morfologia Vegetal', '', '(73) 3680-5610', '', 'Técnico: Roney Guimarães.\nE-mail: rfguimaraes@uesc.br', '', '', 'Sim', 'Sim', 'Não', 'Não', '2015-11-18 14:26:18', 12, 1, ''),
(41, 'Laboratório De Histologia Animal', '', '(73) 3680-5172', '', '', '', '', 'Não', 'Não', 'Sim', 'Não', '2015-11-18 14:26:34', 12, 1, ''),
(42, 'Herbário UESC', '', '(73) 3680-5156', '', 'Monitor: José Lima da Paixão\nEmail:limapx@yahoo.com.br\nTécnico: Roney Guimarães\nEmail: rfguimaraes@uesc.br', 'Parceria UEFS, UFES, UFBA / Empresa: Almirante.', 'Química, Biologia, Ecologia, Genética, Microorganismos, Conservação - Produção.', 'Sim', 'Sim', 'Sim', 'Sim', '2015-11-18 14:26:49', 12, 1, ''),
(43, 'Laboratório de Ensino em Ciências e Matemática', '', '(73) 3680-5147', '', 'Iniciação científica: Lorena Brito Góes, Adenildes Ferreira dos Santos, Fernanda Glória Fernandes\n\nMestrado PPGEC: Indman Ruana Lima Queiroz, Elaine Oliveira de Moraes, Polliane, Rafaela.\n- Tâmiles da Silva Oliveira (aluna especial do PPGEM)\n\n- Fabiane Santana Silva (aluna especial do PPGEM)', '', '', 'Não', 'Sim', 'Sim', 'Sim', '2015-11-18 14:27:02', 12, 1, ''),
(44, 'Laboratório De Microscopia IV', '', '(73) 3680-5191', '', '', '', 'Laboratório de aulas para análise microbiológica, análises na área de biomedicina, aulas teóricas e práticas, análise de organismos marinhos.', 'Sim', 'Sim', 'Não', 'Não', '2015-11-18 14:27:14', 12, 1, ''),
(45, 'Laboratório de Física Óptica Espectroscopia Atômica', '', '(73) 3680-5122', '', '', '', '', 'Sim', 'Sim', 'Não', 'Não', '2015-11-18 14:27:25', 12, 1, ''),
(46, 'Laboratório De Entomologia', '', '(73) 3680-5148', '', 'Iniciação Científica: Lorena Elita Goes Brandão, Rafaela Almeida da Silva, Virginia Marques, Renê Nascimento Silva.\nMestrado: Greicilane Santos Bonfim, Saulo Santos Amorim, Daniela Ferreira, André Guimarães Sousa, Adeilma Nascimento de Carvalho, Juliana Mendonça dos Santos Lopes, Leonny Santos. ', 'Universidade Federal Rural de Pernambuco, Esau. ', 'Mestrado e Doutorado Produção Vegetal, Mestrado  Zoologia, Doutorado Ecologia (Conservação da Diversidade).', 'Não', 'Sim', 'Sim', 'Não', '2015-11-18 14:27:41', 12, 1, ''),
(47, 'Coleções Entomológicas', '', '(73) 3680-5122', '', '', 'Ceplac', '', 'Não', 'Sim', 'Sim', 'Sim', '2015-11-18 14:28:01', 12, 1, ''),
(48, 'Laboratório De Microscopia I', '', '(73) 3680-5191', '', '', '', '', 'Sim', 'Sim', 'Não', 'Não', '2015-11-18 14:28:21', 12, 1, ''),
(49, 'Laboratório De Microbiologia I', '', '(73) 3680-5122', '', '', '', 'Ensino das técnicas de cultivo de microrganimos (bactérias, fungos e leveduras) e identificação das estruturas morfológicas dos organismos.', 'Sim', 'Não', 'Não', 'Não', '2015-11-18 14:28:43', 12, 1, ''),
(50, 'Laboratorio De Quimica E Fertilidade Do Solo', '', '(73) 3680-5254', '', 'Estudantes de Mestrado: Verônica Cordeiro Silva, Mariana Ferreira Santos, Geron Almeida Gomes, Gustavo Magno Souza de Magalhães;\nEstudantes de Doutorado: Patricia Alves Casaes Alves, Bruno dos Passos Assis, José Miguel Ferreira dos Santos, Lidiane Silva Silva Pereira;\nEstudantes com IC: Caroline Amorim Santos, Leoberto Silva Pereira;\nEstudantes com Projeto de Extensão: Tiago de Jesus Lopes, Viviane Maria Barazetti, Ramiris de Jesus Pereira;', 'IFBA, CEPLAC, ESAUC, Instituto CABRUCA', 'Química, agronomia, biologia, mestrado em produção vegetal', 'Sim', 'Sim', 'Sim', 'Não', '2015-11-18 14:29:00', 12, 1, ''),
(51, 'Laboratório De Física E Manejo Do Solo', '', '(73) 3680-5362', '', 'Mestrado - Naira, César \nIniciação Cientifica - Ananda, Tamile ', '', '', 'Sim', 'Sim', 'Sim', 'Não', '2015-11-18 14:29:20', 12, 1, ''),
(52, 'Laboratório De Biofísica Celular E Molecular', '', '(73) 3680-5153', '', '', 'Universidade Federal de São Paulo (UNIFESP)', 'Botânica, pesquisas em biologia celular e molecular que envolvam a busca de moléculas com atividade antitumoral e antimicrobiana. Neste contexto, a equipe deste laboratório estuda a sinalização celular, as principais moléculas envolvidas na resposta às substâncias ou agentes citotóxicos.', 'Sim', 'Sim', 'Sim', 'Não', '2015-11-18 14:29:33', 12, 1, ''),
(54, 'Laboratório De  Microscopia III', '', '(73) 3680-5122', '', '', '', '', 'Sim', 'Sim', 'Sim', 'Não', '2015-11-18 14:29:44', 12, 1, ''),
(55, 'Laboratório De Química Analítica', '', '(73) 3680-5137', '', '', '', 'Química geral, química analítica, físico-química.', 'Sim', 'Sim', 'Não', 'Não', '2015-11-18 14:29:59', 12, 1, ''),
(56, 'Nutrição E Alimentação De Peixes', '', '(73) 3680-5112', 'http://www.uesc.br/laboratorios/aquanut/', '', 'Pratigi Alimentos SA, Ajinomoto, Aquavale, Universidade Federal de Viçosa.', '', 'Sim', 'Não', 'Sim', 'Sim', '2016-09-16 02:44:24', 4, 1, 'Aquanut, Peixes'),
(57, 'Laboratório de Bioquímica e Farmacologia', '', '(73) 3680-5122', '', '', '', '', 'Sim', 'Sim', 'Não', 'Não', '2015-11-18 14:30:12', 12, 1, ''),
(58, 'Laboratório De Fisiologia Vegetal', '', '(73) 3680-5285', '', 'Iniciação Cientifica - Caroline Brito Barreto dos Santos, Tayrone da Rocha Moreira, Greyce Kelly Silva Prado.\n\nMestrado - Nathalia dos Santos Lim Prado,Thais França.\n\nDoutorado - Junia Leandro do Nascimento, Joedson Pinto Barroso, Graciele Santos Moneiro Reis, Tessio Araujo Santana,Romaria Pereira de Araujo, Inanilde Conceição dos Santos, Allan Silva Pereira, Priscilla Patrocio Abreu, Emerson Alves dos Santos, Marcia Chistina da Silva Branco, Miguel Antonio Quinteiro Ribeiro.\n\nPos Doutorado genética e e biologia molecular - Taina Soraia Muller.', 'Usda- Departamento de Cultura dos Estados Unidos, Embrapa- Mandioca e fruticultura, Cepec- Ceplac.', 'Pós Graduação: Genética, Biologia Molecular, Produção Vegetal, Ecologia e Conservação da Biodiversdidade.', 'Sim', 'Sim', 'Sim', 'Não', '2015-11-18 14:30:25', 12, 1, ''),
(59, 'Laboratório De Parasitologia Humana', '', '(73) 3680-5308', '', 'Hellen Karolyne Oliveira Souza\nBeatriz dos Santos Andrade\nDaiana Magalhães Santos\nRafela dos Santos Araújo\nIasmine Maiara Oliveira Santana\nRicardo Cardoso Castro\nYasmine Souza Silva\nJullyan Mendes Silva da Silva\nTiago Santos de Oliveira\nJúlio Cézar Boaventura de Freitas', 'Centro de Pesquisa Aggeu Magalhães  \nFiocruz - Recife\n6ª Dires - Diretoria Regional de Saúde', '', 'Sim', 'Sim', 'Sim', 'Sim', '2015-11-18 14:30:40', 12, 1, ''),
(60, 'Laboratório De Micologia', '', '(73) 3680-5033', '', 'Mestrado: Iris Terezinha Santana Silva, Edson Santos Coutinho Junior, Lais Dias Silva, Susy Ferraz de Oliveira, Manoel Viana Linhares Neto. \nIC: Roberta de Matos Almeida, Tamiris Arielle Santana Barbosa, Thais de Oliveira Fernandes.', '', 'Medicina Veterinária \nCiências Biológicas ', 'Sim', 'Não', 'Sim', 'Não', '2015-11-18 14:30:57', 12, 1, ''),
(61, 'Laboratório de Controle de Qualidade de Física Médica', '', '(73) 3680-5057', 'http://www.uesc.br/centros/ctr/infraestrutura.php', '', '', '', 'Não', 'Não', 'Sim', 'Sim', '2015-11-18 13:59:17', 3, 1, ''),
(62, 'Laboratório De Microbiologia II', '', '(73) 3680-5182', '', 'Mabel Viana\nMirella Ribeiro\nRaiana Novais\nDisraely Santos.', '', 'Ciências Biológicas ', 'Sim', 'Não', 'Sim', 'Não', '2015-11-18 14:31:35', 12, 1, ''),
(63, 'Laboratória De Química Inorgânica', '', '(73) 3680-5122', '', '', '', '', 'Sim', 'Sim', 'Não', 'Não', '2015-11-18 14:31:52', 12, 1, ''),
(64, 'Laboratório De Produtos Naturais E Síntese Orgânica', '', '(73) 3680-5271', '', 'Iniciação Cientifica:\nRafaela Oliveira da Silva \nEmerson \n\nMestrado:\nManoel Linhares \nGabriel Doutorado \nBruno', 'Universidade Estadual Sudoeste da Bahia (UESB) - Universidade Estadual da Bahia (UNEB)', '', 'Sim', 'Sim', 'Sim', 'Não', '2015-11-18 14:32:16', 12, 1, ''),
(65, 'Laboratório De Radiologia', '', '(73) 3680-5057', '', '', '', '', 'Não', 'Não', 'Sim', 'Sim', '2016-02-01 14:07:49', 3, 1, ''),
(66, 'Laboratório De Zoologia De Vertebrados', '', '(73) 3680-5138', '', '', '', '', 'Sim', 'Sim', 'Sim', 'Sim', '2015-11-18 14:32:28', 12, 1, ''),
(67, 'Laboratório De Análise Por RX', '', '(73) 3680-5057', 'http://www.uesc.br/centros/ctr/index.php', '', '', '', 'Não', 'Não', 'Sim', 'Sim', '2015-11-17 17:50:59', 3, 1, ''),
(68, 'Laboratório De Preparação De Amostras', '', '(73) 3680-5057', 'http://www.uesc.br/centros/ctr/', '', '', '', 'Não', 'Não', 'Sim', 'Sim', '2015-11-18 14:08:26', 3, 1, ''),
(69, 'Laboratório De Computação E Modelagem', '', '(73) 3680-5057', 'http://www.uesc.br/centros/ctr/index.php', '', '', '', 'Não', 'Não', 'Sim', 'Sim', '2015-11-18 14:08:52', 3, 1, ''),
(70, 'Pesquisa Em Nutrição E Alimentação De Ruminantes', '', '(73) 3680-5154', '', 'IC: Jefferson Penna dos Santos.\n\nMestrado: Jonas Batista Ferreira Filho, Diego Mendes Freitas Ferreira, Clebson Pereira de Almeida,Ivanildo dos Anjos Santos,Ellen de Almeida Moreira , Ivanildo dos Anjos Santos, Doutorado:Rafael Pereira Barros, Bruna Rayet Ayub, Lígia Lins Souza, Brena Santos Oliveira, Flávio Moreira de Almeida, Ícaro dos Santos Cabral, Pablo Almeida Sampaio Vieira. \n\nICV: Layza Danielle Reis Ramos, Leandro Silva Nascimento, Gustavo Henrique Bandeira Alves, Valclei Luz de Abreu, Jacilene Dias dos Santos.', 'UESB, Embrapa, UFV, UFBA.', ' Pós Graduação em Ciência Animal.', 'Sim', 'Sim', 'Sim', 'Não', '2015-11-18 14:32:38', 12, 1, ''),
(71, 'Sala De Revelação De RX', '', '(73) 3680-5057', 'http://www.uesc.br/centros/ctr/index.php', '', '', '', 'Não', 'Não', 'Sim', 'Sim', '2015-11-18 14:09:26', 3, 1, ''),
(72, 'Laboratório Sala De Desenvolvimento', '', '(73) 3680-5212', 'http://nbcgib.uesc.br/cacau/', '', '', '', 'Sim', 'Sim', 'Sim', 'Não', '2015-11-18 14:16:58', 5, 1, ''),
(73, 'Laboratório Sala De Desenvolvimento 2', '', '(73) 3680-5212', 'http://nbcgib.uesc.br/cacau/', '', '', '', 'Sim', 'Sim', 'Sim', 'Não', '2015-11-18 14:17:15', 5, 1, ''),
(74, 'Laboratório De Computação Cientifica', '', '(73) 3680-5212', 'http://nbcgib.uesc.br/cacau/', '', '', '', 'Sim', 'Sim', 'Sim', 'Não', '2015-11-18 14:19:09', 13, 1, ''),
(75, 'Reprodução Animal', '', '(73) 3680-5406', '', 'Doutorandas: Maira Corona da Silva, Cristiane Silva Aguiar.\nMestrandos: Ivan de Paula Fernandes, Taina Ortencia Oliveira Pessoa, Marcelo Gonçalves Souza Pereira.\nIniciação científica: Danielle Alves Dutra, Larissa Rodrigues Santana, João Filipe Carvalho da Silva.', 'Laboratórios de Reprodução da UFBA, UFRB, UFMG, PUC Minas, UFV.', 'Pós graduação em Ciência Animal', 'Sim', 'Sim', 'Sim', 'Sim', '2015-11-18 14:10:12', 4, 1, ''),
(80, 'Núcleo De Inovação Tecnológica', 'NIT', '(73) 3680-5392', 'http://nit.uesc.br/', 'O NIT – Núcleo de Inovação Tecnológica – é uma instância ligada à Reitoria da UESC, que tem por objetivo promover a inovação e a adequada proteção das invenções geradas nos âmbitos interno e externo da UESC e a sua transferência ao setor produtivo, visando integrá-la à comunidade e contribuir para o desenvolvimento cultural, tecnológico e social da região.', 'Orientação em Propriedade Intelectual;\nAvaliação dos requisitos de patenteabilidade;\nBusca de anterioridades;\nProspecção Tecnológica;\nProspecção de Mercado;\nAssessoria jurídica para contratos de transferência tecnológica;', '', 'Sim', 'Sim', 'Sim', 'Sim', '2017-10-17 17:53:03', 14, 1, 'Empreendedorismo Inovação Propriedade Intelectual'),
(81, 'Laboratório De Geoprocessamento', '', '(73) 3680-5266', '', '', 'Ministério Público do Estado da Bahia (convênio - Promotoria Regional Especializada em Meio Ambiente)', 'Pós graduação: \nPRODEMA;\nSAT;\nEcologia;\n\nGraduação:\nBacharelado em Geografia e Agronomia', 'Sim', 'Não', 'Sim', 'Não', '2015-11-18 14:20:17', 10, 1, ''),
(82, 'Laboratório De Materiais De Construção Civil', '', '(73) 3680-5271', '', '', '', 'Engenharia Civil', 'Não', 'Sim', 'Sim', 'Não', '2015-11-18 14:19:25', 13, 1, ''),
(83, 'Laboratório de Ensaios Mecânicos e Resistência dos Materiais', '', '(73) 3680-5442', '', '', '', 'Cursos de Engenharia \nFísica ', 'Sim', 'Sim', 'Sim', 'Não', '2015-11-18 14:20:58', 6, 1, ''),
(84, 'Laboratório de Pesquisa e Inovação de Materiais Avançados', '', '(73) 3680-5334', '', '', 'Projetos de colaboração com UFPE (departamento de química), Bioenergia - Grupo UESC, Análise Térmica - CPqCTR', 'Engenharias, Química, Física, Pós Graduação em Química, PROCIMM', 'Não', 'Não', 'Sim', 'Não', '2015-11-18 14:21:13', 6, 1, ''),
(85, 'Laboratório de Polímeros', '', '(73) 3680-5068', '', '', '', '', 'Sim', 'Sim', 'Sim', 'Não', '2015-11-18 14:21:29', 6, 1, ''),
(86, 'Laboratório Ecologia de Nécton', '', '(73) 3680-5541', '', '', 'Universidade Estadual do Norte Fluminense \nUniversidade Federal de Alfenas', 'Mestrado em Sistemas Aquáticos.\nMestrado e Doutorado em Ciência Animal.', 'Sim', 'Sim', 'Sim', 'Não', '2015-11-18 14:34:33', 9, 1, ''),
(87, 'Laboratório de Controle Biológico', '', '(73) 3680-5528', '', '', '', 'Ciências Agrárias', 'Sim', 'Sim', 'Sim', 'Não', '2016-07-06 13:47:10', 9, 1, 'controle'),
(88, 'Laboratório de Análises Clínicas', '', '(73) 3680-5140', '', '', '', 'Medicina Veterinária e Programa de Pós - Graduação em Ciência Animal', 'Sim', 'Sim', 'Sim', 'Sim', '2015-11-18 14:12:21', 4, 1, ''),
(89, 'Laboratório de Genética Veterinária', '', '(73) 3680-5126', '', '', '', 'Medicina Veterinária\nCiência Animal\nGenética Molecular\nSanidade Animal ', 'Sim', 'Sim', 'Sim', 'Não', '2015-11-18 14:12:47', 4, 1, ''),
(90, 'Observatório', '', '(73) 3680-5621', 'http://www.uesc.br/projetos/observatorio/', '', '', 'Física', 'Sim', 'Não', 'Sim', 'Sim', '2015-11-18 14:19:42', 13, 1, ''),
(91, 'Laboratório de Pesquisa em Química Analítica', '', '(73) 3680-5514', '', '', 'CEPLAC', 'Química, Engenharia Química, Medicina Veterinária \nPós Graduação em Botânica, Ciência Animal, Fisiologia Vegetal ', 'Sim', 'Não', 'Sim', 'Não', '2015-11-17 17:52:25', 9, 1, ''),
(92, 'Laboratório Zoologia de Invertebrados', '', '(73) 3680-5453', '', '', '', 'Pós graduação em Zoologia', 'Sim', 'Não', 'Sim', 'Não', '2015-11-18 14:35:03', 9, 1, ''),
(93, 'Laboratório Histopatologia Veterinária', '', '(73) 3680-5406', '', '', '', 'Medicina Veterinária \nCiência Animal ', 'Não', 'Sim', 'Sim', 'Sim', '2015-11-18 14:13:19', 4, 1, ''),
(94, 'Toxicologia Veterinária', '', '(73) 3680-5406', '', '', '', 'Medicina Veterinária, Ciência Animal', 'Sim', 'Sim', 'Sim', 'Não', '2015-11-18 14:13:47', 4, 1, ''),
(95, 'Laboratório de Microbiologia', '', '(73) 3680-2900', '', '', 'Universidade Federal de Uberlândia \nUniversidade Estadual Paulista - Jaboticabal\nUminio - Portugal', 'Medicina Veterinária \nCiência Animal', 'Sim', 'Sim', 'Sim', 'Sim', '2015-11-18 14:14:15', 4, 1, ''),
(96, 'Laboratório de Microbiologia da Agroindústria', '', '(73) 3680-5190', '', '', '', 'Pesquisa, Ensino e Extensão', 'Sim', 'Sim', 'Sim', 'Sim', '2015-11-18 14:17:48', 11, 1, ''),
(97, 'Laboratório de Bactérias Anaeróbicas', '', '(73) 3680-5254', '', '', '', 'Medicina Veterinária ', 'Sim', 'Não', 'Sim', 'Não', '2015-11-18 14:15:05', 4, 1, ''),
(98, 'Laboratório de Biogeoquimica Marinha', '', '(73) 3680-5532', '', '', 'UFBA, CENA/USP', 'Ecologia, Química Ambiental, Limnologia', 'Não', 'Não', 'Sim', 'Não', '2015-11-18 14:35:16', 9, 1, ''),
(99, 'Laboratório de Farmacologia Comportamental', '', '(73) 3680-5122', '', '', 'UNIFESP (Laboratório de Neurofisiologia Experimental, coordenado pela Profª Beatriz Monteiro Longo)', 'Medicina\nBiomedicina\nCiências Biológicas\nEnfermagem', 'Sim', 'Não', 'Sim', 'Não', '2015-11-18 14:32:50', 12, 1, ''),
(100, 'Laboratório de Ecologia Aplicada à Conservação', '', '(73) 3680-5537', 'www.appliedecologylab.org', '', 'UFBA, UNB, Esalq-USP,  Instituto Baleia Jubarte, UNAM, UFPE.', 'Programa de pós graduação em ecologia.', 'Sim', 'Não', 'Sim', 'Sim', '2016-05-13 13:07:15', 15, 1, ''),
(101, 'Laboratório de Parasitologia Veterinária', '', '(73) 3680-5140', '', '', '', 'Diagnóstico parasitológico', 'Sim', 'Não', 'Sim', 'Sim', '2015-11-18 14:15:23', 4, 1, ''),
(102, 'Laboratório de aulas de parasitologia', '', '(73) 3680-5408', '', '', '', 'Doenças parasitárias, genética, pós graduação em Ciência Animal, parasitologia  veterinária 1 e 2.', 'Sim', 'Sim', 'Sim', 'Não', '2015-11-18 14:15:43', 4, 1, ''),
(103, 'Laboratório de Aulas de Análises Clínicas', '', '(73) 3680-5406', '', '', '', 'Programa de Pós-Graduação em Ciência Animal', 'Sim', 'Sim', 'Não', 'Não', '2015-11-18 14:16:05', 4, 1, ''),
(104, 'Microbiologia Veterinária', '', '(73) 3680-5406', '', '', '', 'Pós graduação em Ciência Animal', 'Sim', 'Sim', 'Sim', 'Sim', '2015-11-18 14:16:26', 4, 1, ''),
(105, 'Laboratório de Automação', '', '(73) 3680-5677', '', '', '', 'Engenharia Elétrica ', 'Sim', 'Sim', 'Não', 'Não', '2015-11-18 14:20:00', 13, 1, ''),
(106, 'Laboratório de Eletroeletrônica', '', '(73) 3680-5369', '', '', '', '', 'Sim', 'Sim', 'Sim', 'Sim', '2015-11-18 14:18:06', 11, 1, ''),
(107, 'Laboratório de Pesquisas em Química', '', '(73) 3680-5103', '', 'O Laboratório de Pesquisas em Química visa estruturar pesquisadores de várias áreas da química para que possam trabalhar no mesmo ambiente interdisciplinar no desenvolvimento de novas tecnologias como: novos materiais nanoestruturados, caracterização química e eletroquímica de novas matrizes e novos compostos bioativos e agregados supramoleculares para o desenvolvimento de nanoestruturas funcionais e no desenvolvimento de sensores e biossensores eletroquímicos, etc', 'As principais atividades realizadas em nosso laboratório diz respeito ao uso constante de aluno de mestrado e doutorado no desenvolvimento de suas dissertações e teses, principalmente ligados aos cursos de pós-graduação: PPGQUIM, PROCIMM e PPGBBM, além das atividades dos IC de várias áreas.', 'Área de Química Analítica; de Química inorgânica; de Físico-Química ', 'Não', 'Não', 'Sim', 'Não', '2016-11-29 14:33:48', 12, 1, 'Nanobiotecnologia Biossesores  Eletroquímica  Espectroscopia Novos Materiais'),
(108, 'Laboratorio de Biotransformação e Biocatalise Orgânica', '', '(73) 3680-5535', '', 'Desenvolve pesquisa na biotransformação de resíduos agroindustriais em compostos químicos com aplicações industriais com auxilio de técnicas fermentativas.', 'O grupo de pesquisa que atua no referido laboratório desenvolve pesquisas relacionadas a otimização de compostos bioativos através da biotransformação de biomassa residual com fungos filamentosos, além de desenvolver aplicações industriais. ', 'Química\nMicrobiologia\nBiotecnologia', 'Não', 'Não', 'Sim', 'Sim', '2017-01-05 23:37:28', 9, 1, 'Fermentação em Estado Sólido\nFermentação liquida\nEnzimas\nFungos filamentosos\nLeveduras\nBactérias\nBiocatalise'),
(109, 'Laboratório de Pesquisa e Estudo da Raça', 'LPER', '(73) 3639-2299', 'www.labestudoraca.com.br', 'laboratório para pesquisa e desenvolvimento de  estudos da raça ', 'pesquisa e desenvolvimento ', 'Recursos humanos  ', 'Sim', 'Não', 'Sim', 'Não', '2017-10-17 17:55:18', 9, 1, 'inovação pesquisa ');

-- --------------------------------------------------------

--
-- Estrutura da tabela `laboratorio_has_curso`
--

CREATE TABLE `laboratorio_has_curso` (
  `id_laboratorio_curso` int(11) NOT NULL,
  `fk_id_laboratorio` int(11) NOT NULL,
  `fk_id_curso` int(11) NOT NULL
) ENGINE=InnoDB DEFAULT CHARSET=utf8;

--
-- Extraindo dados da tabela `laboratorio_has_curso`
--

INSERT INTO `laboratorio_has_curso` (`id_laboratorio_curso`, `fk_id_laboratorio`, `fk_id_curso`) VALUES
(71, 6, 4),
(542, 23, 16),
(545, 67, 16),
(546, 26, 6),
(547, 91, 15),
(548, 91, 20),
(549, 91, 22),
(550, 100, 4),
(551, 1, 4),
(552, 2, 4),
(553, 10, 4),
(554, 13, 4),
(555, 15, 3),
(556, 15, 4),
(557, 16, 3),
(558, 16, 4),
(559, 18, 3),
(560, 18, 4),
(561, 19, 4),
(562, 21, 2),
(563, 21, 4),
(564, 61, 10),
(567, 68, 16),
(568, 69, 16),
(569, 71, 16),
(571, 75, 20),
(572, 88, 20),
(573, 89, 20),
(574, 93, 20),
(575, 94, 20),
(576, 95, 20),
(578, 97, 20),
(579, 101, 20),
(580, 102, 20),
(581, 103, 20),
(582, 104, 20),
(583, 72, 6),
(584, 73, 6),
(585, 7, 2),
(586, 7, 3),
(587, 7, 4),
(588, 96, 2),
(589, 96, 3),
(590, 96, 4),
(591, 96, 18),
(592, 96, 22),
(593, 106, 11),
(594, 106, 12),
(595, 106, 13),
(596, 106, 14),
(597, 106, 15),
(598, 3, 11),
(599, 3, 12),
(600, 3, 14),
(601, 3, 15),
(602, 22, 21),
(603, 25, 12),
(604, 25, 14),
(605, 74, 6),
(606, 82, 11),
(607, 90, 16),
(608, 105, 13),
(609, 81, 2),
(610, 81, 17),
(611, 24, 2),
(612, 24, 6),
(613, 83, 11),
(614, 83, 12),
(615, 83, 13),
(616, 83, 14),
(617, 83, 16),
(618, 84, 11),
(619, 84, 12),
(620, 84, 13),
(621, 84, 14),
(622, 84, 15),
(623, 84, 16),
(624, 84, 22),
(625, 85, 12),
(626, 85, 15),
(627, 85, 22),
(628, 8, 4),
(629, 9, 2),
(630, 9, 20),
(631, 11, 2),
(632, 11, 4),
(633, 11, 10),
(634, 11, 19),
(635, 11, 20),
(636, 12, 20),
(637, 14, 22),
(638, 17, 2),
(639, 17, 4),
(640, 31, 10),
(644, 33, 4),
(645, 33, 19),
(646, 34, 3),
(647, 34, 4),
(648, 34, 19),
(669, 38, 4),
(670, 39, 4),
(671, 40, 2),
(672, 40, 3),
(673, 40, 4),
(674, 41, 4),
(675, 42, 2),
(676, 42, 4),
(677, 42, 20),
(678, 42, 22),
(679, 43, 4),
(680, 43, 16),
(681, 43, 21),
(682, 43, 22),
(683, 44, 2),
(684, 44, 3),
(685, 44, 4),
(686, 44, 20),
(687, 45, 14),
(688, 45, 16),
(689, 46, 2),
(690, 46, 4),
(691, 47, 2),
(692, 48, 2),
(693, 48, 3),
(694, 48, 4),
(695, 48, 10),
(696, 49, 2),
(697, 49, 3),
(698, 49, 4),
(699, 49, 10),
(700, 49, 19),
(701, 49, 20),
(702, 50, 2),
(703, 50, 4),
(704, 50, 22),
(705, 51, 2),
(706, 51, 17),
(707, 52, 3),
(708, 52, 4),
(709, 52, 16),
(710, 54, 2),
(711, 54, 3),
(712, 54, 4),
(713, 54, 10),
(714, 55, 2),
(715, 55, 3),
(716, 55, 4),
(717, 55, 11),
(718, 55, 12),
(719, 55, 13),
(720, 55, 14),
(721, 55, 15),
(722, 55, 20),
(723, 55, 22),
(724, 57, 2),
(725, 57, 3),
(726, 57, 4),
(727, 57, 11),
(728, 57, 12),
(729, 57, 13),
(730, 57, 14),
(731, 57, 15),
(732, 57, 16),
(733, 57, 20),
(734, 57, 22),
(735, 58, 2),
(736, 58, 4),
(737, 59, 3),
(738, 59, 4),
(739, 59, 10),
(740, 59, 19),
(741, 60, 4),
(742, 60, 20),
(743, 62, 4),
(744, 63, 2),
(745, 63, 3),
(746, 63, 4),
(747, 63, 11),
(748, 63, 12),
(749, 63, 13),
(750, 63, 14),
(751, 63, 15),
(752, 63, 16),
(753, 63, 20),
(754, 63, 22),
(755, 64, 2),
(756, 64, 4),
(757, 66, 4),
(758, 66, 19),
(759, 66, 20),
(760, 70, 2),
(761, 70, 20),
(762, 99, 4),
(763, 99, 10),
(764, 99, 19),
(765, 99, 20),
(766, 27, 4),
(767, 28, 2),
(768, 28, 4),
(769, 29, 4),
(770, 30, 4),
(771, 30, 20),
(772, 86, 2),
(773, 86, 4),
(774, 86, 20),
(776, 92, 4),
(777, 98, 2),
(778, 98, 4),
(779, 98, 22),
(780, 80, 29),
(784, 65, 10),
(785, 65, 16),
(788, 32, 2),
(789, 32, 4),
(790, 20, 2),
(791, 20, 3),
(792, 20, 4),
(793, 20, 10),
(794, 20, 11),
(795, 20, 15),
(796, 20, 16),
(797, 20, 19),
(798, 20, 22),
(799, 87, 2),
(800, 87, 15),
(801, 56, 2),
(802, 56, 4),
(803, 56, 20),
(806, 107, 22),
(807, 108, 3),
(808, 108, 4),
(809, 108, 15),
(810, 108, 22),
(811, 109, 25),
(812, 109, 26);

-- --------------------------------------------------------

--
-- Estrutura da tabela `laboratorio_has_departamento`
--

CREATE TABLE `laboratorio_has_departamento` (
  `id_laboratorio_departamento` int(11) NOT NULL,
  `fk_id_laboratorio` int(11) NOT NULL,
  `fk_id_departamento` int(11) NOT NULL
) ENGINE=InnoDB DEFAULT CHARSET=utf8;

--
-- Extraindo dados da tabela `laboratorio_has_departamento`
--

INSERT INTO `laboratorio_has_departamento` (`id_laboratorio_departamento`, `fk_id_laboratorio`, `fk_id_departamento`) VALUES
(301, 23, 6),
(302, 20, 4),
(303, 67, 1),
(304, 26, 6),
(305, 91, 2),
(306, 91, 6),
(307, 100, 4),
(308, 1, 1),
(309, 2, 2),
(310, 10, 4),
(311, 13, 4),
(312, 15, 8),
(313, 16, 4),
(314, 18, 4),
(315, 19, 4),
(316, 21, 4),
(317, 61, 1),
(319, 68, 1),
(320, 69, 1),
(321, 71, 1),
(323, 75, 2),
(324, 88, 2),
(325, 89, 2),
(326, 93, 2),
(327, 94, 2),
(328, 95, 2),
(330, 97, 2),
(331, 101, 2),
(332, 102, 2),
(333, 103, 2),
(334, 104, 2),
(335, 72, 6),
(336, 73, 6),
(337, 7, 2),
(338, 96, 2),
(339, 96, 4),
(340, 106, 6),
(341, 3, 6),
(342, 22, 6),
(343, 25, 6),
(344, 74, 6),
(345, 82, 6),
(346, 90, 6),
(347, 105, 6),
(348, 81, 2),
(349, 24, 6),
(350, 83, 6),
(351, 84, 6),
(352, 85, 6),
(353, 8, 4),
(354, 9, 2),
(355, 11, 2),
(356, 11, 4),
(357, 11, 8),
(358, 12, 2),
(359, 14, 6),
(360, 17, 2),
(361, 17, 4),
(362, 31, 4),
(364, 33, 4),
(365, 34, 4),
(369, 38, 4),
(370, 39, 4),
(371, 40, 4),
(372, 41, 4),
(373, 42, 4),
(374, 43, 6),
(375, 44, 4),
(376, 45, 6),
(377, 46, 4),
(378, 47, 4),
(379, 48, 4),
(380, 49, 4),
(381, 50, 2),
(382, 50, 4),
(383, 51, 2),
(384, 52, 4),
(385, 52, 6),
(386, 54, 4),
(387, 55, 6),
(388, 57, 2),
(389, 57, 6),
(390, 57, 8),
(391, 58, 2),
(392, 58, 4),
(393, 59, 4),
(394, 59, 8),
(395, 60, 4),
(396, 60, 8),
(397, 62, 4),
(398, 63, 2),
(399, 63, 4),
(400, 63, 6),
(401, 63, 8),
(402, 64, 2),
(403, 64, 4),
(404, 66, 2),
(405, 66, 4),
(406, 66, 8),
(407, 70, 2),
(408, 70, 8),
(409, 99, 4),
(410, 99, 8),
(411, 27, 4),
(412, 28, 3),
(413, 29, 4),
(414, 30, 4),
(415, 86, 2),
(416, 86, 4),
(419, 92, 4),
(420, 98, 4),
(421, 80, 2),
(422, 80, 3),
(423, 80, 4),
(424, 80, 5),
(425, 80, 6),
(426, 80, 7),
(427, 80, 9),
(428, 80, 8),
(429, 80, 10),
(430, 80, 11),
(432, 65, 1),
(434, 32, 4),
(435, 87, 2),
(436, 56, 2),
(437, 56, 4),
(438, 56, 8),
(439, 107, 6),
(440, 108, 4),
(441, 108, 6),
(442, 109, 10);

-- --------------------------------------------------------

--
-- Estrutura da tabela `laboratorio_has_equipamento`
--

CREATE TABLE `laboratorio_has_equipamento` (
  `id_laboratorio_equipamento` int(11) NOT NULL,
  `fk_id_equipamento` int(11) NOT NULL,
  `fk_id_laboratorio` int(11) NOT NULL
) ENGINE=InnoDB DEFAULT CHARSET=latin1;

--
-- Extraindo dados da tabela `laboratorio_has_equipamento`
--

INSERT INTO `laboratorio_has_equipamento` (`id_laboratorio_equipamento`, `fk_id_equipamento`, `fk_id_laboratorio`) VALUES
(2, 2, 2),
(3, 3, 2),
(4, 4, 2),
(5, 5, 2),
(6, 6, 2),
(7, 7, 2),
(8, 8, 2),
(9, 9, 2),
(10, 10, 2),
(11, 11, 2),
(12, 12, 2),
(13, 13, 2),
(14, 14, 3),
(15, 15, 3),
(16, 16, 3),
(17, 17, 3),
(18, 18, 3),
(19, 19, 3),
(20, 20, 3),
(21, 21, 3),
(22, 22, 3),
(23, 23, 3),
(24, 24, 3),
(25, 25, 3),
(26, 26, 3),
(27, 27, 3),
(28, 28, 3),
(29, 29, 3),
(30, 30, 3),
(31, 31, 3),
(32, 32, 3),
(33, 33, 3),
(34, 34, 6),
(35, 35, 6),
(36, 36, 6),
(37, 37, 6),
(38, 38, 6),
(39, 39, 6),
(40, 40, 6),
(41, 41, 6),
(42, 42, 6),
(43, 43, 7),
(44, 44, 7),
(45, 45, 7),
(46, 46, 7),
(47, 47, 7),
(49, 49, 7),
(50, 50, 7),
(51, 51, 7),
(52, 52, 7),
(53, 53, 7),
(54, 54, 7),
(55, 55, 7),
(56, 56, 7),
(57, 57, 7),
(58, 58, 7),
(59, 59, 7),
(60, 60, 7),
(61, 61, 7),
(62, 62, 7),
(63, 63, 7),
(64, 64, 7),
(65, 65, 7),
(66, 66, 7),
(67, 67, 7),
(68, 68, 7),
(69, 69, 7),
(70, 70, 7),
(71, 71, 7),
(72, 72, 7),
(73, 73, 7),
(74, 74, 7),
(75, 75, 7),
(76, 76, 7),
(77, 77, 7),
(78, 78, 7),
(79, 79, 7),
(80, 80, 7),
(81, 81, 7),
(82, 82, 9),
(83, 83, 9),
(84, 84, 9),
(85, 85, 9),
(86, 86, 9),
(87, 87, 9),
(88, 88, 9),
(89, 89, 9),
(90, 90, 9),
(91, 91, 9),
(92, 92, 9),
(93, 93, 9),
(94, 94, 9),
(95, 95, 9),
(96, 96, 10),
(97, 97, 10),
(98, 98, 10),
(99, 99, 10),
(100, 100, 10),
(101, 101, 10),
(102, 102, 10),
(103, 103, 10),
(104, 104, 10),
(105, 105, 10),
(106, 106, 10),
(107, 107, 10),
(108, 108, 10),
(109, 109, 13),
(110, 110, 13),
(111, 111, 13),
(112, 112, 13),
(113, 113, 13),
(114, 114, 13),
(115, 115, 13),
(116, 116, 13),
(117, 117, 13),
(118, 118, 13),
(119, 119, 1),
(120, 120, 13),
(121, 121, 15),
(122, 122, 15),
(123, 123, 15),
(124, 124, 15),
(125, 125, 15),
(126, 126, 15),
(127, 127, 15),
(128, 128, 15),
(129, 129, 16),
(130, 130, 16),
(131, 131, 16),
(132, 132, 16),
(133, 133, 16),
(134, 134, 16),
(136, 136, 16),
(137, 137, 16),
(138, 138, 14),
(139, 139, 14),
(140, 140, 14),
(141, 141, 14),
(142, 142, 14),
(143, 143, 14),
(144, 144, 14),
(145, 145, 14),
(146, 146, 14),
(147, 147, 14),
(148, 148, 14),
(149, 149, 17),
(150, 150, 17),
(151, 151, 17),
(152, 152, 17),
(153, 153, 17),
(154, 154, 17),
(155, 155, 17),
(156, 156, 17),
(157, 157, 17),
(158, 158, 17),
(159, 159, 17),
(160, 160, 17),
(161, 161, 17),
(162, 162, 17),
(163, 163, 17),
(164, 164, 18),
(165, 165, 18),
(166, 166, 18),
(167, 167, 18),
(168, 168, 18),
(169, 169, 18),
(170, 170, 18),
(171, 171, 19),
(172, 172, 19),
(173, 173, 19),
(174, 174, 19),
(175, 175, 19),
(176, 176, 19),
(177, 177, 19),
(178, 178, 19),
(179, 179, 19),
(180, 180, 19),
(181, 181, 19),
(182, 182, 19),
(183, 183, 19),
(184, 184, 20),
(185, 185, 20),
(186, 186, 20),
(187, 187, 20),
(188, 188, 20),
(189, 189, 20),
(190, 190, 20),
(191, 191, 20),
(192, 192, 20),
(193, 193, 20),
(194, 194, 20),
(195, 195, 20),
(196, 196, 20),
(197, 197, 20),
(198, 198, 20),
(199, 199, 20),
(200, 200, 20),
(201, 201, 20),
(202, 202, 21),
(203, 203, 21),
(204, 204, 21),
(205, 205, 21),
(206, 206, 21),
(207, 207, 21),
(208, 208, 21),
(209, 209, 21),
(210, 210, 21),
(211, 211, 21),
(212, 212, 21),
(213, 213, 21),
(214, 214, 21),
(215, 215, 21),
(216, 216, 21),
(217, 217, 21),
(219, 219, 21),
(220, 220, 21),
(221, 221, 21),
(222, 222, 21),
(223, 223, 22),
(224, 224, 23),
(225, 225, 23),
(226, 226, 23),
(227, 227, 23),
(228, 228, 25),
(229, 229, 25),
(230, 230, 25),
(231, 231, 25),
(232, 232, 25),
(233, 233, 25),
(234, 234, 25),
(235, 235, 25),
(236, 236, 25),
(237, 237, 25),
(238, 238, 25),
(239, 239, 28),
(240, 240, 28),
(241, 241, 28),
(242, 242, 28),
(243, 243, 28),
(244, 244, 28),
(245, 245, 28),
(246, 246, 28),
(247, 247, 28),
(248, 248, 29),
(249, 249, 29),
(250, 250, 29),
(251, 251, 29),
(252, 252, 29),
(253, 253, 29),
(254, 254, 29),
(255, 255, 29),
(256, 256, 29),
(257, 257, 29),
(258, 258, 30),
(259, 259, 30),
(260, 260, 30),
(261, 261, 30),
(262, 262, 31),
(263, 263, 31),
(264, 264, 32),
(265, 265, 34),
(266, 266, 34),
(267, 267, 34),
(268, 268, 34),
(269, 269, 34),
(270, 270, 34),
(271, 271, 34),
(272, 272, 34),
(273, 273, 34),
(274, 274, 34),
(275, 275, 34),
(276, 276, 34),
(279, 279, 38),
(280, 280, 38),
(281, 281, 38),
(282, 282, 38),
(283, 283, 39),
(284, 284, 39),
(285, 285, 41),
(286, 286, 41),
(287, 287, 41),
(288, 288, 41),
(289, 289, 41),
(290, 290, 42),
(291, 291, 42),
(292, 292, 43),
(293, 293, 44),
(294, 294, 45),
(295, 295, 45),
(296, 296, 45),
(297, 297, 45),
(298, 298, 45),
(299, 299, 46),
(300, 300, 46),
(301, 301, 46),
(302, 302, 46),
(303, 303, 46),
(304, 304, 46),
(305, 305, 46),
(306, 306, 46),
(307, 307, 47),
(308, 308, 48),
(309, 309, 48),
(310, 310, 49),
(311, 311, 49),
(312, 312, 49),
(313, 313, 49),
(314, 314, 49),
(315, 315, 50),
(316, 316, 50),
(317, 317, 50),
(318, 318, 50),
(319, 319, 50),
(320, 320, 50),
(321, 321, 50),
(322, 322, 50),
(323, 323, 50),
(324, 324, 50),
(325, 325, 50),
(326, 326, 50),
(327, 327, 50),
(328, 328, 50),
(329, 329, 50),
(330, 330, 51),
(331, 331, 51),
(332, 332, 51),
(333, 333, 51),
(334, 334, 51),
(335, 335, 51),
(336, 336, 51),
(337, 337, 51),
(338, 338, 51),
(339, 339, 51),
(340, 340, 51),
(341, 341, 51),
(344, 344, 51),
(347, 347, 54),
(348, 348, 54),
(349, 349, 54),
(350, 350, 54),
(351, 351, 52),
(352, 352, 52),
(353, 353, 55),
(354, 354, 55),
(355, 355, 52),
(356, 356, 55),
(357, 357, 52),
(358, 358, 55),
(359, 359, 52),
(360, 360, 52),
(361, 361, 52),
(362, 362, 52),
(363, 363, 52),
(364, 364, 52),
(365, 365, 57),
(366, 366, 57),
(367, 367, 57),
(368, 368, 57),
(369, 369, 57),
(370, 370, 57),
(371, 371, 57),
(372, 372, 57),
(373, 373, 57),
(374, 374, 57),
(375, 375, 57),
(376, 376, 57),
(377, 377, 57),
(378, 378, 57),
(379, 379, 58),
(380, 380, 58),
(381, 381, 58),
(382, 382, 58),
(383, 383, 58),
(384, 384, 58),
(385, 385, 58),
(386, 386, 58),
(387, 387, 58),
(388, 388, 59),
(389, 389, 59),
(390, 390, 59),
(391, 391, 59),
(392, 392, 60),
(393, 393, 60),
(394, 394, 60),
(395, 395, 60),
(396, 396, 60),
(397, 397, 60),
(398, 398, 60),
(399, 399, 60),
(400, 400, 60),
(401, 401, 60),
(402, 402, 60),
(403, 403, 60),
(404, 404, 60),
(405, 405, 61),
(406, 406, 61),
(407, 407, 61),
(408, 408, 61),
(409, 409, 61),
(410, 410, 61),
(411, 411, 62),
(412, 412, 62),
(413, 413, 62),
(414, 414, 62),
(415, 415, 62),
(416, 416, 62),
(417, 417, 62),
(418, 418, 62),
(420, 420, 62),
(421, 421, 62),
(422, 422, 62),
(423, 423, 62),
(424, 424, 62),
(425, 425, 62),
(426, 426, 62),
(427, 427, 62),
(428, 428, 62),
(429, 429, 62),
(430, 430, 62),
(431, 431, 62),
(432, 432, 62),
(433, 433, 62),
(434, 434, 62),
(435, 435, 62),
(436, 436, 62),
(437, 437, 62),
(438, 438, 63),
(439, 439, 63),
(440, 440, 63),
(441, 441, 63),
(442, 442, 63),
(443, 443, 63),
(444, 444, 64),
(445, 445, 64),
(446, 446, 64),
(447, 447, 64),
(448, 448, 64),
(449, 449, 64),
(450, 450, 64),
(451, 451, 64),
(452, 452, 64),
(453, 453, 64),
(454, 454, 61),
(455, 455, 61),
(456, 456, 61),
(457, 457, 61),
(458, 458, 61),
(459, 459, 65),
(460, 460, 66),
(461, 461, 66),
(462, 462, 67),
(463, 463, 67),
(464, 464, 68),
(465, 465, 68),
(466, 466, 69),
(467, 467, 69),
(468, 468, 69),
(469, 469, 69),
(470, 470, 69),
(471, 471, 69),
(472, 472, 69),
(473, 473, 71),
(474, 474, 70),
(475, 475, 70),
(476, 476, 70),
(477, 477, 70),
(478, 478, 70),
(479, 479, 70),
(480, 480, 70),
(481, 481, 8),
(482, 482, 8),
(483, 483, 8),
(484, 484, 8),
(485, 485, 8),
(486, 486, 8),
(487, 487, 8),
(488, 488, 8),
(489, 489, 8),
(490, 490, 8),
(491, 491, 8),
(492, 492, 26),
(493, 493, 26),
(494, 494, 40),
(495, 495, 40),
(496, 496, 40),
(497, 497, 75),
(498, 498, 75),
(499, 499, 75),
(500, 500, 75),
(501, 501, 75),
(502, 502, 75),
(503, 503, 75),
(504, 504, 75),
(505, 505, 75),
(506, 506, 75),
(507, 507, 75),
(508, 508, 75),
(509, 509, 75),
(510, 510, 75),
(511, 511, 75),
(512, 512, 75),
(513, 513, 75),
(514, 514, 75),
(515, 515, 75),
(516, 516, 75),
(517, 517, 32),
(519, 519, 32),
(520, 520, 32),
(521, 521, 32),
(522, 522, 32),
(523, 523, 32),
(524, 524, 32),
(525, 525, 32),
(526, 526, 32),
(527, 527, 32),
(528, 528, 32),
(529, 529, 32),
(531, 531, 82),
(532, 532, 83),
(533, 533, 83),
(534, 534, 83),
(535, 535, 83),
(536, 536, 83),
(537, 537, 83),
(538, 538, 83),
(539, 539, 83),
(540, 540, 83),
(541, 541, 83),
(542, 542, 83),
(543, 543, 83),
(544, 544, 83),
(545, 545, 83),
(546, 546, 83),
(547, 547, 83),
(548, 548, 85),
(549, 549, 85),
(550, 550, 85),
(551, 551, 85),
(552, 552, 85),
(553, 553, 85),
(554, 554, 85),
(555, 555, 85),
(556, 556, 85),
(557, 557, 85),
(558, 558, 85),
(559, 559, 85),
(560, 560, 85),
(561, 561, 85),
(562, 562, 85),
(563, 563, 85),
(564, 564, 87),
(565, 565, 87),
(566, 566, 87),
(567, 567, 87),
(568, 568, 87),
(569, 569, 87),
(570, 570, 88),
(571, 571, 88),
(572, 572, 88),
(573, 573, 88),
(574, 574, 88),
(575, 575, 88),
(576, 576, 88),
(577, 577, 88),
(578, 578, 88),
(579, 579, 87),
(580, 580, 87),
(581, 581, 87),
(582, 582, 87),
(583, 583, 87),
(584, 584, 87),
(585, 585, 87),
(586, 586, 87),
(587, 587, 87),
(588, 588, 87),
(589, 589, 87),
(590, 590, 87),
(591, 591, 87),
(592, 592, 89),
(593, 593, 89),
(594, 594, 89),
(595, 595, 89),
(596, 596, 89),
(597, 597, 89),
(598, 598, 89),
(599, 599, 89),
(600, 600, 89),
(601, 601, 89),
(602, 602, 89),
(603, 603, 90),
(604, 604, 90),
(605, 605, 90),
(606, 606, 90),
(607, 607, 91),
(608, 608, 91),
(609, 609, 91),
(610, 610, 91),
(611, 611, 91),
(612, 612, 91),
(613, 613, 92),
(614, 614, 92),
(615, 615, 92),
(616, 616, 92),
(617, 617, 92),
(618, 618, 92),
(619, 619, 92),
(620, 620, 93),
(621, 621, 93),
(622, 622, 93),
(623, 623, 93),
(624, 624, 93),
(625, 625, 93),
(626, 626, 93),
(627, 627, 93),
(628, 628, 94),
(629, 629, 94),
(630, 630, 94),
(631, 631, 94),
(632, 632, 94),
(633, 633, 94),
(634, 634, 94),
(635, 635, 98),
(636, 636, 98),
(637, 637, 99),
(638, 638, 101),
(639, 639, 101),
(640, 640, 101),
(641, 641, 101),
(642, 642, 101),
(643, 643, 101),
(644, 644, 102),
(645, 645, 102),
(646, 646, 102),
(647, 647, 102),
(648, 648, 102),
(649, 649, 102),
(650, 650, 102),
(651, 651, 102),
(652, 652, 103),
(653, 653, 103),
(654, 654, 103),
(655, 655, 103),
(656, 656, 103),
(657, 657, 103),
(658, 658, 103),
(659, 659, 103),
(660, 660, 103),
(661, 661, 103),
(662, 662, 104),
(663, 663, 104),
(664, 664, 104),
(665, 665, 105),
(666, 666, 105),
(667, 667, 105),
(668, 668, 105),
(669, 669, 84),
(670, 670, 84),
(671, 671, 84),
(672, 672, 84),
(673, 673, 84),
(674, 674, 84),
(675, 675, 84),
(676, 676, 106),
(677, 677, 106),
(678, 678, 106),
(679, 679, 106),
(680, 680, 106),
(681, 681, 106),
(682, 682, 106),
(683, 683, 106),
(684, 684, 106),
(685, 685, 67),
(686, 686, 67),
(687, 687, 67),
(688, 688, 67),
(689, 689, 67),
(690, 690, 67),
(691, 691, 16),
(692, 692, 107),
(693, 693, 107),
(694, 694, 107);

-- --------------------------------------------------------

--
-- Estrutura da tabela `laboratorio_has_img`
--

CREATE TABLE `laboratorio_has_img` (
  `id_laboratorio_img` int(11) NOT NULL,
  `fk_id_laboratorio` int(11) NOT NULL,
  `fk_id_img_laboratorio` int(11) NOT NULL
) ENGINE=InnoDB DEFAULT CHARSET=utf8;

--
-- Extraindo dados da tabela `laboratorio_has_img`
--

INSERT INTO `laboratorio_has_img` (`id_laboratorio_img`, `fk_id_laboratorio`, `fk_id_img_laboratorio`) VALUES
(2, 2, 2),
(6, 6, 6),
(7, 3, 7),
(8, 3, 8),
(9, 7, 9),
(10, 7, 10),
(11, 9, 11),
(12, 9, 12),
(13, 9, 13),
(14, 10, 14),
(15, 10, 15),
(16, 10, 16),
(17, 11, 17),
(18, 13, 18),
(19, 13, 19),
(20, 13, 20),
(21, 15, 21),
(22, 15, 22),
(23, 15, 23),
(24, 16, 24),
(25, 14, 25),
(26, 14, 26),
(27, 12, 27),
(28, 12, 28),
(29, 12, 29),
(30, 18, 30),
(31, 18, 31),
(32, 19, 32),
(33, 19, 33),
(34, 20, 34),
(35, 21, 35),
(36, 21, 36),
(37, 22, 37),
(38, 22, 38),
(39, 23, 39),
(40, 23, 40),
(41, 25, 41),
(42, 25, 42),
(43, 26, 43),
(44, 26, 44),
(45, 30, 45),
(46, 30, 46),
(47, 30, 47),
(48, 31, 48),
(49, 31, 49),
(50, 31, 50),
(52, 33, 52),
(53, 34, 53),
(54, 34, 54),
(59, 40, 59),
(60, 41, 60),
(61, 41, 61),
(62, 42, 62),
(63, 42, 63),
(64, 42, 64),
(65, 43, 65),
(66, 43, 66),
(67, 44, 67),
(68, 44, 68),
(69, 45, 69),
(70, 47, 70),
(71, 47, 71),
(72, 48, 72),
(73, 49, 73),
(74, 50, 74),
(75, 51, 75),
(76, 51, 76),
(77, 52, 77),
(79, 54, 79),
(80, 55, 80),
(81, 55, 81),
(82, 56, 82),
(83, 56, 83),
(84, 57, 84),
(85, 59, 85),
(86, 60, 86),
(87, 60, 87),
(88, 62, 88),
(89, 62, 89),
(90, 62, 90),
(91, 62, 91),
(92, 63, 92),
(93, 64, 93),
(94, 65, 94),
(95, 66, 95),
(96, 66, 96),
(97, 66, 97),
(98, 67, 98),
(99, 68, 99),
(100, 71, 100),
(101, 70, 101),
(102, 72, 102),
(103, 73, 103),
(104, 74, 104),
(112, 80, 112),
(113, 81, 113),
(114, 81, 114),
(115, 82, 115),
(116, 83, 116),
(117, 85, 117),
(118, 87, 118),
(119, 88, 119),
(120, 88, 120),
(121, 89, 121),
(122, 89, 122),
(123, 90, 123),
(124, 90, 124),
(125, 91, 125),
(126, 91, 126),
(127, 92, 127),
(128, 94, 128),
(129, 94, 129),
(130, 100, 130),
(131, 100, 131),
(132, 101, 132),
(133, 102, 133),
(134, 102, 134),
(135, 103, 135),
(136, 104, 136),
(138, 105, 138),
(139, 84, 139),
(140, 84, 140),
(141, 84, 141),
(142, 106, 142),
(143, 17, 143),
(144, 17, 144),
(145, 17, 145),
(146, 85, 146),
(147, 85, 147),
(148, 22, 148),
(149, 22, 149),
(150, 22, 150),
(151, 22, 151),
(152, 109, 152);

-- --------------------------------------------------------

--
-- Estrutura da tabela `laboratorio_has_pessoa`
--

CREATE TABLE `laboratorio_has_pessoa` (
  `id_laboratorio_pessoa` int(11) NOT NULL,
  `fk_id_laboratorio` int(11) NOT NULL,
  `fk_id_pessoa` int(11) NOT NULL,
  `permissao_lhp` int(11) NOT NULL DEFAULT '3'
) ENGINE=InnoDB DEFAULT CHARSET=utf8;

--
-- Extraindo dados da tabela `laboratorio_has_pessoa`
--

INSERT INTO `laboratorio_has_pessoa` (`id_laboratorio_pessoa`, `fk_id_laboratorio`, `fk_id_pessoa`, `permissao_lhp`) VALUES
(1, 1, 5, 2),
(2, 2, 7, 2),
(3, 3, 16, 2),
(6, 6, 14, 2),
(7, 7, 6, 2),
(8, 8, 34, 2),
(9, 9, 36, 2),
(10, 10, 11, 2),
(11, 11, 38, 2),
(12, 12, 41, 2),
(13, 13, 14, 2),
(14, 14, 43, 2),
(15, 15, 15, 2),
(16, 16, 45, 2),
(17, 17, 22, 2),
(18, 18, 46, 2),
(19, 19, 47, 2),
(20, 20, 48, 2),
(21, 21, 49, 2),
(22, 22, 53, 2),
(23, 23, 54, 2),
(24, 24, 55, 2),
(25, 25, 18, 2),
(26, 26, 56, 2),
(27, 27, 57, 2),
(28, 28, 58, 2),
(29, 29, 59, 2),
(30, 30, 62, 2),
(31, 31, 63, 2),
(32, 32, 44, 2),
(33, 33, 38, 2),
(34, 34, 66, 2),
(38, 38, 69, 2),
(39, 39, 43, 2),
(40, 40, 43, 2),
(41, 41, 70, 2),
(42, 42, 71, 2),
(43, 43, 72, 2),
(44, 44, 43, 2),
(45, 45, 73, 2),
(46, 46, 75, 2),
(47, 47, 20, 2),
(48, 48, 43, 2),
(49, 49, 77, 2),
(50, 50, 78, 2),
(51, 51, 79, 2),
(52, 52, 83, 2),
(54, 54, 43, 2),
(55, 55, 85, 2),
(56, 56, 86, 2),
(57, 57, 43, 2),
(58, 58, 89, 2),
(59, 59, 90, 2),
(60, 60, 19, 2),
(61, 61, 93, 2),
(62, 62, 94, 2),
(63, 63, 43, 2),
(64, 64, 85, 2),
(65, 65, 101, 2),
(66, 66, 38, 2),
(67, 67, 67, 2),
(68, 68, 102, 2),
(69, 69, 103, 2),
(70, 70, 36, 2),
(71, 71, 93, 2),
(72, 72, 56, 2),
(73, 73, 56, 2),
(74, 74, 56, 2),
(75, 75, 104, 2),
(95, 80, 1, 2),
(97, 81, 130, 3),
(100, 83, 31, 3),
(101, 84, 29, 3),
(102, 85, 32, 3),
(103, 86, 127, 3),
(104, 87, 136, 2),
(105, 88, 137, 3),
(106, 89, 138, 3),
(107, 90, 139, 3),
(108, 91, 96, 3),
(109, 92, 140, 3),
(110, 93, 142, 3),
(111, 94, 143, 3),
(112, 95, 144, 3),
(113, 96, 77, 2),
(114, 97, 143, 3),
(116, 98, 60, 2),
(118, 99, 149, 3),
(119, 82, 135, 2),
(120, 100, 150, 2),
(121, 101, 151, 2),
(122, 102, 151, 3),
(123, 103, 137, 3),
(124, 104, 152, 2),
(125, 105, 153, 2),
(126, 106, 154, 3),
(127, 32, 159, 3),
(128, 32, 160, 3),
(131, 80, 4, 2),
(133, 20, 162, 2),
(134, 80, 2, 3),
(135, 100, 165, 3),
(136, 100, 166, 3),
(137, 100, 45, 3),
(138, 100, 89, 3),
(139, 100, 141, 3),
(140, 100, 167, 3),
(141, 100, 168, 3),
(142, 100, 169, 3),
(143, 100, 171, 3),
(144, 100, 172, 3),
(145, 100, 170, 3),
(146, 32, 157, 3),
(148, 32, 158, 3),
(149, 32, 163, 3),
(150, 80, 77, 3),
(151, 60, 92, 2),
(152, 56, 182, 3),
(153, 56, 183, 3),
(154, 56, 184, 3),
(155, 56, 190, 3),
(156, 56, 191, 3),
(157, 56, 189, 3),
(158, 56, 188, 3),
(159, 56, 187, 3),
(160, 56, 186, 3),
(161, 56, 185, 3),
(162, 107, 193, 2),
(163, 108, 196, 2),
(164, 80, 148, 3),
(165, 80, 203, 3),
(166, 109, 204, 2);

-- --------------------------------------------------------

--
-- Estrutura da tabela `laboratorio_has_regulamento`
--

CREATE TABLE `laboratorio_has_regulamento` (
  `id_laboratorio_regulamento` int(11) NOT NULL,
  `fk_id_regulamento` int(11) NOT NULL,
  `fk_id_laboratorio` int(11) NOT NULL
) ENGINE=InnoDB DEFAULT CHARSET=latin1;

-- --------------------------------------------------------

--
-- Estrutura da tabela `pavilhao`
--

CREATE TABLE `pavilhao` (
  `id_pavilhao` int(11) NOT NULL,
  `nome_pav` varchar(90) NOT NULL
) ENGINE=InnoDB DEFAULT CHARSET=utf8;

--
-- Extraindo dados da tabela `pavilhao`
--

INSERT INTO `pavilhao` (`id_pavilhao`, `nome_pav`) VALUES
(15, 'Base Ambiental'),
(1, 'CBG - Centro de Biotecnologia e Genética'),
(2, 'CME - Centro de Microscopia Eletrônica'),
(3, 'CPqCTR - Centro de Pesquisas em Ciências e Tecnologias das Radiações'),
(4, 'Hospital Veterinário'),
(5, 'NBCGIB - Núcleo de Biologia Computacional e Gestão de Informações Biotecnológicas'),
(8, 'Pavilhão Adonias Filho'),
(11, 'Pavilhão Agroindústria'),
(13, 'Pavilhão de Ciências Exatas e Tecnológicas'),
(10, 'Pavilhão Jorge Amado'),
(6, 'Pavilhão Juizado Modelo'),
(12, 'Pavilhão Manoel Fontes Nabuco'),
(7, 'Pavilhão Pedro Calmon'),
(9, 'Pavilhão Professor Max de Menezes'),
(14, 'Torre Administrativa');

-- --------------------------------------------------------

--
-- Estrutura da tabela `pedido_cadastro`
--

CREATE TABLE `pedido_cadastro` (
  `id_pedido_cadastro` int(11) NOT NULL,
  `email` varchar(100) NOT NULL,
  `token` varchar(255) NOT NULL,
  `validate` tinyint(1) NOT NULL,
  `falso` tinyint(1) NOT NULL,
  `data_registro` timestamp NOT NULL DEFAULT CURRENT_TIMESTAMP ON UPDATE CURRENT_TIMESTAMP,
  `data_uso` varchar(20) NOT NULL
) ENGINE=InnoDB DEFAULT CHARSET=utf8;

--
-- Extraindo dados da tabela `pedido_cadastro`
--

INSERT INTO `pedido_cadastro` (`id_pedido_cadastro`, `email`, `token`, `validate`, `falso`, `data_registro`, `data_uso`) VALUES
(1, 'cardoso.cavalcante@hotmail.com', '271aa778c9cc16b0e929bb807b4ed06cc7a34619', 0, 0, '2015-07-03 03:59:59', '2015-07-03 00:59:59'),
(7, 'andrexcardoso@gmail.com', 'a6945ef1dbe9ba5ba7269094ceaae3c695609d0d', 1, 0, '2015-07-06 06:19:07', ''),
(11, 'andre_30cardoso@hotmail.com', '87b7a2eb73f456a77d7a5e7e1ef77cc7ddc3f4be', 0, 0, '2015-07-06 16:54:10', '2015-07-06 13:54:10'),
(12, 'gastongine10@gmail.com', 'c9a0cf3fe2f9537b5411d1c7dda2c8e4e3eb887b', 0, 0, '2015-07-14 00:32:39', '2015-07-13 21:32:39'),
(13, 'hugo.leonardy@hotmail.com', 'b2fed7d55e4f5fd22f745e69b91efe8455aeecb7', 1, 0, '2015-07-14 12:05:24', ''),
(14, 'oscosta@uesc.br', '387ca45fa23e0ea5f25d05005d2caf8142b209b5', 1, 0, '2015-07-21 14:58:23', ''),
(15, 'cme@uesc.br', '80d07fdb03009230e6903bfa78381dc31321d285', 1, 0, '2015-07-23 14:10:11', ''),
(16, 'laneaamaral@hotmail.com', '3fa92b95e3a3509498f3411295c7d4dca89a15d6', 1, 0, '2015-07-23 14:11:54', ''),
(17, 'c.villeladias@gmail.com', 'b66385f3aa81f6d501f432174da1a82f2e14b31d', 0, 0, '2015-08-06 17:56:39', '2015-08-06 14:56:39'),
(18, 'ederlonnsouza@gmail.com', 'd6d1b5e4702ffa267ee75071e6e07726168333b0', 0, 0, '2015-09-04 15:25:26', '2015-09-04 12:25:26'),
(19, 'andremoraes19@gmail.com', 'e3aaa7177c640b85dceae517335ad19c10aecec7', 0, 0, '2015-11-22 23:23:41', '2015-11-22 20:23:41'),
(20, 'jgomes_da_silva@yahoo.com.br', '6577354882851e487fc7021660ee5d74a6246843', 0, 0, '2016-01-19 15:49:09', '2016-01-19 12:49:09'),
(21, 'samuel.baracho@gmail.com', '38e8f050e47b3cb4a736240dcd92854618e588da', 0, 0, '2016-01-19 16:08:33', '2016-01-19 13:08:33'),
(22, 'pablo_monan@hotmail.com', '949578866dcb322a114e44692656be1d52f1cafc', 0, 0, '2016-01-19 17:43:18', '2016-01-19 14:43:18'),
(23, 'elloah_16@hotmail.com', 'f91d628b1a898bb24844b4cedb2199bd7d99cc82', 0, 0, '2016-01-20 19:24:57', '2016-01-20 16:24:57'),
(24, 'mfsilva@uesc.br', 'd5dc59a46faf441556903c058c861ffcbdc1a3db', 1, 0, '2016-02-03 14:28:16', ''),
(25, 'viniciusvilaronga@gmail.com', '32fbffc80214dda6e16ba2480e8cb14ede8257b5', 1, 0, '2016-02-11 01:51:28', ''),
(26, 'viniciusvilaronga@hotmail.com', '02e2284b26bf709b8d798b86c05e0344c96acd01', 1, 0, '2016-02-11 15:00:04', ''),
(27, 'marcosmlavigne@gmail.com', 'f3d1336628c2e3055e3ce9b169740bec9013715d', 1, 0, '2016-02-11 21:01:04', ''),
(28, 'solangefarias@yahoo.com', '835f94ec2dff2130bdbaf5a19d982c39ca718648', 1, 0, '2016-02-11 21:05:26', ''),
(29, 'raissamazevedo@gmail.com', 'f8b1184d3f7c1574a5435cb3e7a5ae321b37e2e1', 1, 0, '2016-02-17 12:40:52', ''),
(30, 'andre@undersystem.com', '5e62d4eeb93a1a02e5fc92d1135be4a5203340ed', 0, 0, '2016-03-17 18:56:07', ''),
(31, 'andre@undersystem.com', '6af0602c03aafb72fbb71ad7a5d257713b3446fc', 0, 0, '2016-03-17 19:02:15', ''),
(32, 'andre@undersystem.com', 'c265cac03352d0162bf569c381d24e75a69c7f46', 0, 0, '2016-03-17 19:04:51', ''),
(33, 'andre@undersystem.com', '73e09fd5bf815ae17a323e24fc37dbf7779396a3', 0, 0, '2016-03-17 19:10:42', ''),
(34, 'cavalcante.cardoso@gmail.com', '9c234e2df930bd6ff7b0a9528e01c3c445c79666', 0, 0, '2016-03-17 19:10:53', ''),
(35, 'cavalcante.cardoso@gmail.com', 'fa7cd6ba2bf54d822d3f90f14b2b77d186237aa1', 0, 0, '2016-03-17 19:12:06', ''),
(36, 'cavalcante.cardoso@gmail.com', '573d0bcf37439dd320433c6e84bef0ab9681c7d1', 1, 0, '2016-03-17 19:12:10', ''),
(37, 'cardoso.cavalcante@hotmail.com', '284a5f826b1def84f7b15b7e8b562ebb4bc1fa65', 1, 0, '2016-03-21 17:08:24', ''),
(38, 'raul@casilhero.com', '5c4b9ced85b3e25386b36e6ea9b9a30e125b1d48', 1, 0, '2016-03-21 17:09:17', ''),
(39, 'andre@undersystem.com', 'b11e9238ad8011f71ac7ff2070644381f3480989', 0, 0, '2016-03-21 18:24:51', ''),
(40, 'alvinho1964@gmail.com', '85350773ebf0844b5d423ad48efc2d773f749b9b', 0, 0, '2016-03-21 18:24:47', ''),
(41, 'alvinho1964@gmail.com', '702afe08dc94762c07f16f94ffe6c03ac58d125e', 1, 0, '2016-03-21 18:24:57', ''),
(42, 'andre@undersystem.com', '16208dd72a635829d214e30f383bce4087d6d9e3', 1, 0, '2016-03-21 18:26:12', ''),
(43, 'alinepires2108@hotmail.com', '4acde18f9050d7cc61b6a064d45c075131faf45e', 1, 0, '2016-03-25 02:44:48', ''),
(44, 'alexandre.rubio@gertec.com.br', '8cbba584a49dbd1c4fda64bdfafa96485c4fb462', 1, 0, '2016-04-12 18:54:37', ''),
(45, 'jennifer@cepedi.org.br', '3d3b3764181b5747bcdb30977b987d3a40e7d97d', 0, 1, '2016-04-13 11:00:42', ''),
(46, 'anapaula.uetanabaro@pq.cnpq.br', 'bb8e06227e8423823b125cc87a809bd6d3e0ac0e', 1, 0, '2016-04-27 18:00:50', ''),
(47, 'jolopessantana@gmail.com', '67f06969e5556f6ab6a54d959bfba0ea6578726e', 0, 0, '2016-05-03 12:22:30', '2016-05-03 09:22:30'),
(48, 'fbrunoso@gmail.com', '0a5a2b838f7c60f2dab237c830f9fc51f4cf06d9', 0, 0, '2016-05-06 17:53:55', '2016-05-06 14:53:55'),
(49, 'arvorerboliveira@outlook.com', 'ffdd16ddc485cdb42fb8a47b2c3b73e5bc537451', 0, 1, '2016-06-20 11:51:33', ''),
(50, 'aemesas@gmail.com', '207c223db4d968540a8315c8c10d8c3f347c0a6f', 0, 0, '2016-05-23 20:44:30', '2016-05-23 17:44:30');

-- --------------------------------------------------------

--
-- Estrutura da tabela `permissao`
--

CREATE TABLE `permissao` (
  `id_permissao` int(11) NOT NULL,
  `descricao_per` varchar(30) NOT NULL
) ENGINE=InnoDB DEFAULT CHARSET=utf8;

--
-- Extraindo dados da tabela `permissao`
--

INSERT INTO `permissao` (`id_permissao`, `descricao_per`) VALUES
(1, 'Administrador'),
(2, 'Coordenador'),
(3, 'Usuário');

-- --------------------------------------------------------

--
-- Estrutura da tabela `pessoa`
--

CREATE TABLE `pessoa` (
  `id_pessoa` int(11) NOT NULL,
  `nome_pes` varchar(50) NOT NULL,
  `email_pes` varchar(45) NOT NULL,
  `cpf_pes` varchar(14) DEFAULT NULL,
  `ramal_pes` varchar(15) DEFAULT NULL,
  `lattes_pes` varchar(70) DEFAULT NULL,
  `website_pes` varchar(50) DEFAULT NULL,
  `fk_id_tipo_pessoa` int(11) NOT NULL,
  `fk_id_departamento` int(11) NOT NULL,
  `fk_id_usuario` int(11) DEFAULT NULL,
  `birthday_pes` date DEFAULT NULL,
  `sexo_pes` char(1) NOT NULL,
  `ativo_pes` int(11) NOT NULL DEFAULT '1'
) ENGINE=InnoDB DEFAULT CHARSET=utf8;

--
-- Extraindo dados da tabela `pessoa`
--

INSERT INTO `pessoa` (`id_pessoa`, `nome_pes`, `email_pes`, `cpf_pes`, `ramal_pes`, `lattes_pes`, `website_pes`, `fk_id_tipo_pessoa`, `fk_id_departamento`, `fk_id_usuario`, `birthday_pes`, `sexo_pes`, `ativo_pes`) VALUES
(1, 'ANDRÉ LUIZ CARDOSO DE SOUSA', 'andrexcardoso@gmail.com', '040.431.745-60', '(73) 3680-5392', 'http://lattes.cnpq.br/5275927281008921', 'http://voobex.com', 5, 6, 1, '1993-05-30', 'M', 1),
(2, 'Carina de Souza Ramos', 'carinaramos60@gmail.com', '', '(73) 3680-5392', 'http://lattes.cnpq.br/3324344768124904', '', 1, 6, 6, '0000-00-00', '', 1),
(3, 'Hugo Lima', 'eng.hugolima@gmail.com', '', '(73) 3680-5392', '', '', 1, 1, 7, '0000-00-00', '', 1),
(4, 'Gesil Sampaio Amarante Segundo', 'gsamarante@uesc.br', '', '(73) 3680-5392', 'http://lattes.cnpq.br/2560106052820991', 'http://nit.uesc.br', 2, 6, 8, '1971-03-03', '', 1),
(5, 'Fabienne Florence Lucienne Micheli', 'fabienne.micheli@cirad.fr', '', '(73) 3680-5427', 'http://lattes.cnpq.br/2940601420337733', '', 2, 4, 42, '0000-00-00', '', 1),
(6, 'Leonardo Rocha Maia', 'lrmaia@uesc.br', '', '(73) 3680-5275', 'http://lattes.cnpq.br/3645886851943455', '', 2, 2, 69, '0000-00-00', '', 1),
(7, 'Rachel Passos Rezende', 'rezende.rachel@gmail.com', '', '(73) 3680-5435', 'http://lattes.cnpq.br/6516440231429832', '', 2, 4, 94, '0000-00-00', '', 1),
(11, 'Marco Antonio Costa', 'costama@uesc.br', '', '(73) 3680-5443', 'http://lattes.cnpq.br/8721647772738636', '', 2, 2, 81, '0000-00-00', '', 1),
(12, 'Pedro Alexandre Gomes Leite', 'pagleite@hotmail.com', '', '(73) 3680-5140', 'http://lattes.cnpq.br/5272215346434703', '', 3, 2, 92, '0000-00-00', '', 1),
(13, 'Janisete Gomes Da Silva Miller', 'jgs10@uol.com.br', '', '(73) 3680-5443', 'http://lattes.cnpq.br/8792988784726241', '', 2, 4, 59, '0000-00-00', '', 1),
(14, 'Carlos Priminho Pirovani', 'cbguesc@uesc.br', '', '(73) 3680-5432', 'http://lattes.cnpq.br/9615448923708075', '', 2, 4, 30, '0000-00-00', '', 1),
(15, 'Carla Cristina Romano', 'romanocc@uol.com.br', '', '(73) 3680-5441', 'http://lattes.cnpq.br/5337558008919498', '', 2, 8, 28, '0000-00-00', '', 1),
(16, 'Franco Dani Rico Amado', 'franco.amado@gmail.com', '', '(73) 3680-5366', 'http://lattes.cnpq.br/3437088948218191', '', 2, 6, 52, '0000-00-00', '', 1),
(17, 'Thiago Francisco De Souza', 'tfsouza@uesc.br', '', '(73) 3680-5442', 'http://lattes.cnpq.br/1685387904983113', '', 3, 6, 109, '0000-00-00', '', 1),
(18, 'Leonardo Iusuti Medeiros', 'limedeiros@uesc.br', '', '(73) 3680-5198', 'http://lattes.cnpq.br/6462380253532946', '', 2, 6, 68, '0000-00-00', '', 1),
(19, 'João Luciano Andrioli', 'joaoluciano2002@yahoo.com.br', '', '(73) 3680-5033', 'http://lattes.cnpq.br/0744086242987306', '', 2, 4, 61, '0000-00-00', '', 1),
(20, 'Saúl Edgardo Méndez Sánchez', 'saul@uesc.br', '', '(73) 3680-5302', 'http://lattes.cnpq.br/9835029284130389', '', 2, 2, 102, '0000-00-00', '', 1),
(21, 'TADEU TEIXEIRAS MEDEIROS', 'tadeumedeiros19@yahoo.com.br', '', '(73) 3680-5263', 'http://lattes.cnpq.br/5955553905132117', '', 5, 4, 106, '1984-10-23', '', 1),
(22, 'Arlete José Da Silveira', 'arletesilveira@uesc.br', '', '(73) 3680-5341', 'http://lattes.cnpq.br/8281426270622008', '', 2, 2, 25, '0000-00-00', '', 1),
(28, 'Marta Magda Dornelles', 'colcic@uesc.br', '', '(73) 3680-5110', 'http://lattes.cnpq.br/0053869533760582', '', 2, 6, 83, '0000-00-00', '', 1),
(29, 'PAULO NEILSON MARQUES DOS ANJOS', 'pauloneilson@uesc.br', '796.291.054-20', '(73) 3680-5334', 'http://lattes.cnpq.br/3303558234333074', '', 2, 6, 91, '1969-09-04', '', 1),
(31, 'Rosana De Albuquerque Arléo Alvim', 'rosana.alvim@globo.com', '', '(73) 3680-5442', 'http://lattes.cnpq.br/5760077157985726', '', 2, 6, 98, '0000-00-00', '', 1),
(32, 'Celso Carlino Maria Fornari Junior', 'celso@uesc.br', '', '(73) 3680-5355', 'http://lattes.cnpq.br/5209376877950453', '', 2, 6, 31, '0000-00-00', '', 1),
(34, 'Lauro Juliano Marin', 'lajumarin@hotmail.com', '', '(73) 3680-5155', 'http://lattes.cnpq.br/0959720164775961', '', 2, 4, 67, '0000-00-00', '', 1),
(35, 'Sandra Rocha Gadelha', 'srgmello@uesc.br', '', '(73) 3680-5131', 'http://lattes.cnpq.br/9851946346112863', '', 2, 8, 101, '0000-00-00', '', 1),
(36, 'José Augusto Gomes Azevêdo', 'augustog@uesc.br', '', '(73) 3680-5154', 'http://lattes.cnpq.br/9391454312997091', '', 2, 2, 62, '0000-00-00', '', 1),
(38, 'Antônio Jorge Suzart Argôlo', 'ajargolo@gmail.com', '', '(73) 3680-5462', 'http://lattes.cnpq.br/7471408974598135', '', 2, 4, 24, '0000-00-00', '', 1),
(39, 'Jose Luiz Bezerra', 'jlulabezerra@hotmail.com', '', '(73) 3680-5269', 'http://lattes.cnpq.br/8480645905948026', '', 2, 4, 64, '0000-00-00', '', 1),
(40, 'Jadergudson Pereira', 'jader@uesc.br', '', '(73) 3680-5269', 'http://lattes.cnpq.br/5249650140451198', '', 2, 2, 57, '0000-00-00', '', 1),
(41, 'Ursula Mauchle', 'ursulamauchle@uol.com.br', '', '(73) 3680-5125', 'http://lattes.cnpq.br/7004794351877262', '', 2, 2, 110, '0000-00-00', '', 1),
(42, 'Nayade Dos Santos Farias', 'nayfarias_18@yahoo.combr', '', '(73) 3680-5125', '', '', 5, 2, 89, '0000-00-00', '', 1),
(43, 'Fábio Alan Carqueija Amorim', 'facamorim@gmail.com', '', '(73) 3680-5082', 'http://lattes.cnpq.br/7583976864322053', '', 2, 6, 43, '0000-00-00', '', 1),
(44, 'TALITA FONTOURA ALVES', 'fontoura.talita@gmail.com', '', '(73) 3680-5019', 'http://lattes.cnpq.br/5058793461632348', '', 2, 4, 107, '0000-00-00', '', 1),
(45, 'Fernanda Amato Gaiotto', 'gaiotto@uesc.br', '', '(73) 3680-5126', 'http://lattes.cnpq.br/7194205256185786', '', 2, 4, 47, '0000-00-00', '', 1),
(46, 'Marcio Gilberto Cardoso Costa', 'marciogc.costa@gmail.com', '', '(73) 3680-5196', 'http://lattes.cnpq.br/2247991541439424', '', 2, 4, 79, '0000-00-00', '', 1),
(47, 'Cristina Pungartnik', 'cpungartnik@yahoo.com.br', '', '(73) 3680-5433', 'http://lattes.cnpq.br/5706891624668583', '', 2, 4, 34, '0000-00-00', '', 1),
(48, 'Pedro Antônio Oliveira Mangabeira', 'pamangabeira@uesc.br', '', '(73) 3680-5191', 'http://lattes.cnpq.br/6619070478163396', '', 2, 4, 93, '0000-00-00', '', 1),
(49, 'Delmira Da Costa Silva', 'delmira@uesc.br', '', '(73) 3680-5191', 'http://lattes.cnpq.br/8726040594446881', '', 2, 4, 36, '0000-00-00', '', 1),
(50, 'Ana Cristina Caribé Dos Santos', 'caribe@uesc.br', '', '(73) 3680-5105', 'http://lattes.cnpq.br/6071612929346796', '', 3, 4, 19, '0000-00-00', '', 1),
(51, 'Márcio Luís Oliveira Ferreira', 'marcio6qui@hotmail.com', '', '(73) 3680-5355', 'http://lattes.cnpq.br/6311547333802604', '', 3, 6, 80, '0000-00-00', '', 1),
(52, 'Rodrigo Luis Da Silva Ribeiro Dos Santos', 'rodrigoluis@yahoo.com', '', '(73) 3680-5355', 'http://lattes.cnpq.br/5169785005914909', '', 3, 6, 96, '0000-00-00', '', 1),
(53, 'AFONSO HENRIQUES', 'henry@uesc.br', '848.242.554-49', '(73) 3680-5671', 'http://lattes.cnpq.br/0317385977493237', 'https://sites.google.com/site/gpemac/Home', 2, 6, 12, '1966-04-04', '', 1),
(54, 'MARCELO BENTO PISANI', 'mbpisani@gmail.com', '', '(73) 3680-5635', 'http://lattes.cnpq.br/1003717727759886', 'http://mbpisani.shorturl.com', 2, 6, 75, '0000-00-00', '', 1),
(55, 'José Claudio Faria', 'joseclaudio.faria@gmail.com', '', '(73) 3680-5545', 'http://lattes.cnpq.br/9661751147286212', '', 2, 6, 63, '0000-00-00', '', 1),
(56, 'Marcelo Ossamu Honda', 'mohonda@gmail.com', '', '(73) 3680-5212', 'http://lattes.cnpq.br/6034292784604751', '', 2, 6, 77, '0000-00-00', '', 1),
(57, 'Erminda Da Conceicao Guerreiro Couto', 'minda@uesc.br', '', '(73) 3680-5381', 'http://lattes.cnpq.br/4061653112293229', '', 2, 4, 40, '0000-00-00', '', 1),
(58, 'Margarete Magalhães De Souza', 'souzamagg@yahoo.com.br', '', '(73) 3680-5055', 'http://lattes.cnpq.br/7584037714736754', '', 2, 4, 82, '0000-00-00', '', 1),
(59, 'Marcelo Friederichs Landim De Souza', 'marland@bgqmar.net', '', '(73) 3680-5530', 'http://lattes.cnpq.br/9661320052179799', '', 2, 4, 76, '0000-00-00', '', 1),
(60, 'DANIELA MARIANO LOPES DA SILVA', 'dmlsilva@gmail.com', '', '(73) 3680-5530', 'http://lattes.cnpq.br/4488121718910800', '', 2, 4, 35, '1975-10-26', '', 1),
(61, 'Mirco Solé', 'mksole@uesc.br', '', '(73) 3680-5445', 'http://lattes.cnpq.br/4699487696643159', '', 2, 4, 87, '0000-00-00', '', 1),
(62, 'Martin Roberto Del Valle Alvarez', 'malva@uesc.br', '', '(73) 3680-5445', 'http://lattes.cnpq.br/5393941362374410', '', 2, 4, 84, '0000-00-00', '', 1),
(63, 'Andrea Evangelista Lavinsky', 'lavinsky2010@yahoo.com', '', '(73) 3680-5116', 'http://lattes.cnpq.br/4036674829268328', '', 2, 4, 22, '0000-00-00', '', 1),
(64, 'Gerlab', 'gerlab@uesc.br', '', '(73) 3680-5122', '', '', 4, 4, 54, '0000-00-00', '', 1),
(66, 'Jane Lima Dos Santos', 'janelimas@yahoo.com.br', '', '(73) 3680-5567', 'http://lattes.cnpq.br/1621533380768412', '', 2, 4, 58, '0000-00-00', '', 1),
(67, 'FABIANE ALEXSANDRA ANDRADE DE JESUS', 'fabiane.jesus@gmail.com', '946.915.095-34', '(73) 3680-5561', 'http://lattes.cnpq.br/3852860330850845', '', 3, 6, 41, '1979-05-19', '', 1),
(68, 'Alex Vinícius Souza Araújo', 'alex.vsa1@gmail.com', '', '(73) 3680-5635', '', '', 5, 6, 15, '0000-00-00', '', 1),
(69, 'Sylvia Maria Moreira Susini Ribeiro', 'ssusini@uesc.br', '', '(73) 3680-5553', 'http://lattes.cnpq.br/2243966333828094', '', 2, 6, 105, '0000-00-00', '', 1),
(70, 'Cristina Luísa Conceição De Oliveira', 'crisbio2@gmail.com', '', '(73) 3680-5504', 'http://lattes.cnpq.br/5193711326293321', '', 2, 4, 33, '0000-00-00', '', 1),
(71, 'Luiz Alberto Mattos Silva', 'mattos@uesc.br', '', '(73) 3680-5185', 'http://lattes.cnpq.br/4389926430421678', '', 2, 4, 74, '0000-00-00', '', 1),
(72, 'Elisa Prestes Massena', 'elisamassena@yahoo.com.br', '', '(73) 3680-5559', 'http://lattes.cnpq.br/1106996657568928', '', 2, 6, 37, '0000-00-00', '', 1),
(73, 'Milton Thiago Schivani Alves', 'milton_schivani@yahoo.com.br', '', '(73) 3680-5598', 'http://lattes.cnpq.br/5496202392846305', '', 2, 6, 86, '0000-00-00', '', 1),
(74, 'Maxwell Roger Da Purificação Siqueira', 'maxwell_siqueira@hotmail.com', '', '(73) 3680-5303', 'http://lattes.cnpq.br/4816443811516239', '', 2, 6, 85, '0000-00-00', '', 1),
(75, 'Aníbal Ramadan Oliveira', 'aroliveir@gmail.com', '', '(73) 3680-5340', 'http://lattes.cnpq.br/6692968963764759', '', 2, 4, 23, '0000-00-00', '', 1),
(76, 'Roney Fontes Guimarães', 'rfguimaraes@uesc.br', '', '(73) 3680-5122', 'http://lattes.cnpq.br/6261002969141375', '', 5, 1, 97, '0000-00-00', '', 1),
(77, 'ANA PAULA TROVATTI UETANABARO', 'aptuetanabaro@gmail.com', '', '(73) 3680-5190', 'http://lattes.cnpq.br/3737108590720792', '', 2, 4, 21, '1972-05-19', '', 1),
(78, 'José Olimpio De Souza Júnior', 'olimpio@uesc.br', '', '(73) 3680-5254', 'http://lattes.cnpq.br/1942326436804710', '', 2, 2, 65, '0000-00-00', '', 1),
(79, 'Arlicelio De Queiroz Paiva', 'arli@uesc.br', '', '(73) 3680-5362', 'http://lattes.cnpq.br/6197833308906968', '', 2, 2, 26, '0000-00-00', '', 1),
(80, 'Francisco Carlos Fernandes De Paula', 'depaula@uesc.br', '', '(73) 3680-5169', 'http://lattes.cnpq.br/4716738122185818', '', 3, 2, 49, '0000-00-00', '', 1),
(82, 'Camila Meneghetti', 'camila@email.com', '', '(73) 3680-5112', 'http://lattes.cnpq.br/2504669389219646', '', 2, 2, 27, '0000-00-00', '', 1),
(83, 'Lucimar Pereira De França', 'lucimarfrancap@gmail.com', '', '(73) 3680-5153', 'http://lattes.cnpq.br/7761047342982840', '', 2, 4, 72, '0000-00-00', '', 1),
(84, 'Jerônimo Pereira De França', 'jeronimopf@gmail.com', '', '(73) 3680-5153', 'http://lattes.cnpq.br/4171296386053081', '', 2, 6, 60, '0000-00-00', '', 1),
(85, 'Rosilene Aparecida De Oliveira', 'rosilene@uesc.br', '', '(73) 3680-5271', 'http://lattes.cnpq.br/2189971824704477', '', 2, 6, 100, '0000-00-00', '', 1),
(86, 'LUÍS GUSTAVO TAVARES BRAGA', 'lgtbraga@gmail.com', '008.339.467-22', '(73) 3680-5523', 'http://lattes.cnpq.br/9311512323494016', '', 2, 2, 73, '1970-08-30', '', 1),
(87, 'Elissandro Dos Santos Guedes', 'edossantosguedes@gmail.com', '', '(73) 3680-5177', '', '', 5, 8, 38, '0000-00-00', '', 1),
(88, 'Fábio Pinto Gomes', 'gomes@uesc.br', '', '(73) 3680-5226', 'http://lattes.cnpq.br/0379787325639951', '', 2, 4, 44, '0000-00-00', '', 1),
(89, 'Marcelo Schramm Mielke', 'msmielke@uesc.br', '', '(73) 3680-5285', 'http://lattes.cnpq.br/9035736743125906', '', 2, 4, 78, '0000-00-00', '', 1),
(90, 'Sílvia Maria Santos Carvalho', 'sissacarvalho@yahoo.com', '', '(73) 3680-5268', 'http://lattes.cnpq.br/7006892833914189', '', 2, 4, 103, '0000-00-00', '', 1),
(91, 'Ana Paula Melo Mariano', 'apm.mariano@hotmail.com', '', '(73) 3680-5308', 'http://lattes.cnpq.br/0024327504516685', '', 2, 8, 20, '0000-00-00', '', 1),
(92, 'Aline Oliveira da Conceição', 'aoconceicao@uesc.br', '', '(73) 3680-5327', 'http://lattes.cnpq.br/9004278476364196', '', 2, 4, 17, '0000-00-00', '', 1),
(93, 'Fermin De La Caridad Garcia Velasco', 'fermin@uesc.br', '', '(73) 3680-5044', 'http://lattes.cnpq.br/2679073082540151', '', 2, 6, 46, '0000-00-00', '', 1),
(94, 'Aline Silva', 'asilva1@uesc.br', '', '(73) 3680-5182', 'http://lattes.cnpq.br/8514125190280750', '', 2, 4, 18, '0000-00-00', '', 1),
(95, 'Francisco De Castro Bonfim Júnior', 'francisco@uesc.br', '', '(73) 3680-5263', 'http://lattes.cnpq.br/5484111285887545', '', 2, 4, 50, '0000-00-00', '', 1),
(96, 'Raíldo Mota De Jesus', 'raildomota@gmail.com', '', '(73) 3680-5106', 'http://lattes.cnpq.br/7281089484989218', '', 2, 6, 95, '0000-00-00', '', 1),
(97, 'Tânia Barth', 'tanbarth@ues.br', '', '(73) 3680-5390', 'http://lattes.cnpq.br/1312807964582974', '', 3, 4, 108, '0000-00-00', '', 1),
(98, 'Izaltina Silva Jardim Cavalli', 'izaltina@unir.edu.br', '', '(73) 3680-5315', 'http://lattes.cnpq.br/5065411466998527', '', 3, 4, 56, '0000-00-00', '', 1),
(99, 'Alex Alan Furtado De Almeida', 'alexalan@uesc.br', '', '(73) 3680-5105', 'http://lattes.cnpq.br/1822002106754789', '', 2, 4, 14, '0000-00-00', '', 1),
(100, 'Carla Martins Kaneto', 'carlakaneto@gmail.com', '', '(73) 3680-5105', 'http://lattes.cnpq.br/3350273914280971', '', 3, 4, 29, '0000-00-00', '', 1),
(101, 'Agnes Maria Da Fonseca Fausto', 'amffausto@hotmail.com', '', '(73) 3680-5057', 'http://lattes.cnpq.br/9950027403091014', '', 2, 6, 13, '0000-00-00', '', 1),
(102, 'Francisco Heriberto Martinez Luzardo', 'fmartinezluzardo@gmail.com', '', '(73) 3680-5057', 'http://lattes.cnpq.br/4333332503448953', '', 2, 6, 51, '0000-00-00', '', 1),
(103, 'Felix Mas Milian', 'felix_mas_milian@yahoo.com', '', '(73) 3680-5057', 'http://lattes.cnpq.br/1153836209203304', '', 2, 6, 45, '0000-00-00', '', 1),
(104, 'Paola Pereira Das Neves Snoeck', 'paolasnoeck@uesc.br', '', '(73) 3680-5406', 'http://lattes.cnpq.br/7506545194715050', '', 2, 2, 90, '0000-00-00', '', 1),
(105, 'Rosana Maria De Oliveira Clark', 'rmoclark@uesc.br', '', '(73) 3680-5534', 'http://lattes.cnpq.br/7901011359331751', '', 3, 2, 99, '0000-00-00', '', 1),
(106, 'Adriane Lizbehd Halmann', 'adriane_halmann@yahoo.com.br', '', '(73) 3680-5566', 'http://lattes.cnpq.br/0475370968811315', '', 3, 4, 10, '0000-00-00', '', 1),
(107, 'Alexandra Marselha Siqueira Pitolli', 'amspitolli@gmail.com', '', '(73) 3680-5032', 'http://lattes.cnpq.br/9829910813483580', '', 3, 4, 16, '0000-00-00', '', 1),
(108, 'Christiana Andréa Vianna Prudêncio', 'vianna_chris@yahoo.com.br', '', '(73) 3680-5032', 'http://lattes.cnpq.br/7915790476046108', '', 3, 4, 32, '0000-00-00', '', 1),
(109, 'Emerson Antônio Rocha Melo De Lucena', 'lucenaemerson@yahoo.com.br', '', '(73) 3680-5125', 'http://lattes.cnpq.br/7319596342040469', '', 3, 4, 39, '0000-00-00', '', 1),
(110, 'Fernanda Jordão Guimarães', 'fejguimaraes@gmail.com', '', '(73) 3680-5536', 'http://lattes.cnpq.br/5170852657521857', '', 3, 4, 48, '0000-00-00', '', 1),
(111, 'Miríades Augusto Da Silva', 'miriadessilva@hotmail.com', '', '(73) 3680-5105', 'http://lattes.cnpq.br/0195216117693517', '', 3, 4, 88, '0000-00-00', '', 1),
(112, 'Viviane Borges Dias', 'vivianebdias7@yahoo.com.br', '', '(73) 3680-5105', 'http://lattes.cnpq.br/3101502973253791', '', 3, 4, 112, '0000-00-00', '', 1),
(113, 'Adriano Marcus Stuchi', 'stuchi@uesc.br', '', '(73) 3680-5562', 'http://lattes.cnpq.br/8039990678932773', '', 3, 6, 11, '0000-00-00', '', 1),
(114, 'George Kouzo Shinomiya', 'george@uesc.br', '', '(73) 3680-5106', 'http://lattes.cnpq.br/2619253537791316', '', 3, 6, 53, '0000-00-00', '', 1),
(115, 'Simoni Tormohlen Gehlen', 'stgehlen@gmail.com', '', '(73) 3680-5355', 'http://lattes.cnpq.br/9099413162597603', '', 3, 6, 104, '0000-00-00', '', 1),
(116, 'Larissa Pinca Sarro Gomes', 'lpsgomes@uesc.br', '', '(73) 3680-5371', 'http://lattes.cnpq.br/2775327815229763', '', 3, 6, 66, '0000-00-00', '', 1),
(117, 'Verônica Yumi Kataoka', 'veronicayumi@terra.com.br', '', '(73) 3680-5749', 'http://lattes.cnpq.br/0117738565590122', '', 3, 6, 111, '0000-00-00', '', 1),
(118, 'Liliane Xavier Neves', 'lilaxavierneves@yahoo.com.br', '', '(73) 3680-5109', 'http://lattes.cnpq.br/3720737764008451', '', 3, 6, 70, '0000-00-00', '', 1),
(119, 'Ivete Maria Dos Santos', 'ives_maria@yahoo.com.br', '', '(73) 3680-5999', 'http://lattes.cnpq.br/3924184247944067', '', 3, 6, 55, '0000-00-00', '', 1),
(120, 'Luciana Passos Sá', 'lucianapsa@gmail.com', '', '(73) 3680-5109', 'http://lattes.cnpq.br/9320228970020024', '', 3, 6, 71, '0000-00-00', '', 1),
(127, 'Gecely Rodrigues Alves Rocha', 'gecely@uesc.br', '', '(73) 3680-5390', 'http://lattes.cnpq.br/2407053583684375', '', 2, 4, NULL, '0000-00-00', '', 1),
(130, 'Gil Marcelo Reuss Strenzel', 'gmreuss@gmail.com', '', '(73) 3680-5266', 'http://buscatextual.cnpq.br/buscatextual/visualizacv.do?id=K4727579T0', '', 2, 2, NULL, '0000-00-00', '', 1),
(131, 'Ronaldo Lima Gomes', 'rlgomes@uesc.br', '', '(73) 3680-5144', 'http://buscatextual.cnpq.br/buscatextual/visualizacv.do?id=K4723771Z0', '', 3, 2, NULL, '0000-00-00', '', 1),
(132, 'Mauricio Santana Moreau', 'mmoreau@uesc.br', '', '(73) 3680-5112', 'http://buscatextual.cnpq.br/buscatextual/visualizacv.do?id=K4701947P5', '', 3, 2, NULL, '0000-00-00', '', 1),
(135, 'Ruan Carlos De Araújo Moura', 'rcamoura@uesc.br', '', '(73) 3680-5271', 'http://buscatextual.cnpq.br/buscatextual/visualizacv.do?id=K4233544Z5', '', 2, 6, 128, '0000-00-00', '', 1),
(136, 'Maria Aparecida Leão Bittencourt', 'malbitte@uesc.br', '', '(73) 3680-5354', 'http://buscatextual.cnpq.br/buscatextual/visualizacv.do?id=K4785583H9', '', 2, 2, 158, '0000-00-00', '', 1),
(137, 'Alexandre Dias Munhoz', 'munhoz@uesc.br', '', '(73) 3680-5254', 'http://buscatextual.cnpq.br/buscatextual/visualizacv.do?id=K4794853D6', '', 2, 8, NULL, '0000-00-00', '', 1),
(138, 'Amauri Arias Wenceslau', 'wenceslau@uesc.br', '', '(73) 3680-5406', 'http://buscatextual.cnpq.br/buscatextual/visualizacv.do?id=K4790061Z6', '', 2, 2, NULL, '0000-00-00', '', 1),
(139, 'Jules Batista Soares', 'julesoares@gmail.com', '', '(73) 3680-5230', 'http://buscatextual.cnpq.br/buscatextual/visualizacv.do?id=K4767515U2', '', 2, 6, NULL, '0000-00-00', '', 1),
(140, 'Cléa Dos Santos Ferreira Mariano', 'camponotu@hotmail.com', '', '(73) 3680-5453', 'http://lattes.cnpq.br/5858046785537069', '', 2, 4, NULL, '0000-00-00', '', 1),
(141, 'GASTÓN ANDRÉS FERNANDEZ GINÉ', 'gastongine10@gmail.com', '', '(73) 3680-5754', 'http://lattes.cnpq.br/0609595908210385', 'http://nbcgib.uesc.br/pgecologia/pesquisador', 3, 4, 122, '1975-08-01', 'M', 1),
(142, 'Fabiana Lessa Silva', 'fabiana.lessa@gmail.com', '', '(73) 3680-5406', 'http://lattes.cnpq.br/9010874802845813', '', 2, 2, NULL, '0000-00-00', '', 1),
(143, 'George Rêgo Albuquerque', 'gralbu@uesc.br', '', '(73) 3680-5254', 'http://lattes.cnpq.br/9113632934022269', '', 2, 2, NULL, '0000-00-00', '', 1),
(144, 'Poliana De Castro Melo', 'policame@yahoo.com.br', '', '(73) 3680-5525', 'http://lattes.cnpq.br/8399463759600216', '', 2, 2, NULL, '0000-00-00', '', 1),
(145, 'CRISTIANO VILLELA DIAS', 'c.villeladias@gmail.com', '', '', 'http://lattes.cnpq.br/7648406530508390', '', 5, 4, 123, '1976-05-02', 'M', 1),
(148, 'Lucas Braz Melo', 'lucasbrazmelo@gmail.com', '', '(73) 3680-5392', '', 'http://casilhero.com', 1, 6, 126, '0000-00-00', '', 1),
(149, 'Alexandre Justo De Oliveira Lima', 'alelimabiologo@hotmail.com', '', '(73) 3680-5122', 'http://lattes.cnpq.br/3574270728018347', '', 2, 8, 127, '0000-00-00', '', 1),
(150, 'Deborah Maria De Faria', 'deborahuesc@gmail.com', '', '(73) 3680-5537', 'http://lattes.cnpq.br/5110821848999124', '', 2, 4, 129, '0000-00-00', '', 1),
(151, 'Jaqueline Maria Da Silva Pinto', 'jackuesc@hotmail.com', '', '(73) 3680-5140', 'http://lattes.cnpq.br/3605062118112563', '', 2, 2, 130, '0000-00-00', '', 1),
(152, 'Antonio Roberto Da Paixão Ribeiro', 'paixao@uesc.br', '', '(73) 3680-5408', 'http://lattes.cnpq.br/1223982501733778', '', 2, 2, 131, '0000-00-00', '', 1),
(153, 'Igor Ferreira Do Prado', 'igorfprado@yahoo.com.br', '', '(73) 3680-5200', 'http://lattes.cnpq.br/6971326406673954', '', 2, 6, 132, '0000-00-00', '', 1),
(154, 'Fabio Da Conceição Cruz', 'fabiocruz28@yahoo.com.br', '', '(73) 3680-5355', 'http://lattes.cnpq.br/3432655102329328', '', 2, 6, 133, '0000-00-00', '', 1),
(155, 'EDERLON SANTOS DE SOUZA', 'ederlonnsouza@gmail.com', '', '', 'http://lattes.cnpq.br/0919742099044402', '', 1, 2, 134, '1993-03-18', 'M', 1),
(156, 'ANDRÉ MORAES', 'andremoraes19@gmail.com', '', '', 'Não possui', '', 1, 6, 135, '1993-11-02', 'M', 1),
(157, 'Janaina Gomes da Silva', 'jgomes_da_silva@yahoo.com.br', '', '(73) 3680-5192', 'http://lattes.cnpq.br/8912179642191598', '', 3, 4, 136, '1980-10-15', 'F', 1),
(158, 'SAMUEL BARACHO', 'samuel.baracho@gmail.com', '', '5019', 'http://lattes.cnpq.br/2333428694107765', '', 1, 4, 137, '1988-05-20', 'M', 1),
(159, 'PABLO MONAN', 'pablo_monan@hotmail.com', '', '5019', 'http://lattes.cnpq.br/6013810244586231', '', 1, 4, 138, '1992-12-18', 'M', 1),
(160, 'JAQUELINE ELLOAH SANTANA MEIRA', 'elloah_16@hotmail.com', '', '5019', 'http://lattes.cnpq.br/2045997137348464', '', 1, 4, 139, '1990-03-08', 'F', 1),
(161, 'Edilane Almeida Amaral', 'laneaamaral@hotmail.com', '', '(73) 3680-5191', 'http://lattes.cnpq.br/7016311009208817', '', 5, 4, 140, '0000-00-00', '', 1),
(162, 'Eduardo Gross', 'cme@uesc.br', '', '(73) 3680-5191', 'http://lattes.cnpq.br/2078633938003826', '', 2, 2, 141, '0000-00-00', '', 1),
(163, 'JOSÉ LOPES SANTANA', 'jolopessantana@gmail.com', '', '(73) 99138-3740', 'lattes.cnpq.br/5058793461632348', '', 5, 1, 142, '1974-03-30', 'M', 1),
(164, 'FRANCISCO BRUNO SOUZA OLIVEIRA', 'fbrunoso@gmail.com', '', '(73) 98807-6427', 'http://lattes.cnpq.br/0087804302005744', 'http://nbcgib.uesc.br/ppgmc/docentes.php', 2, 6, 143, '1974-09-15', 'M', 1),
(165, 'Eliana Cazzeta', 'eliana.cazetta@gmail.com', '', '(73) 3680-5032', 'http://lattes.cnpq.br/1416504174729391', '', 3, 4, 144, '0000-00-00', '', 1),
(166, 'Leandro Loguercio', 'leandro@uesc.br', '', '(73) 3680-5285', 'http://lattes.cnpq.br/3173971868740444', '', 3, 4, 145, '0000-00-00', '', 1),
(167, 'Daniela Talora', 'dani.talora@gmail.com', '', '(73) 3680-5105', 'http://lattes.cnpq.br/6249475311119106', '', 3, 4, 146, '0000-00-00', '', 1),
(168, 'Camila Righetto Cassano', 'cassanocami@hotmail.com', '', '(73) 3680-5330', 'http://lattes.cnpq.br/9575407510976603', '', 3, 4, 147, '0000-00-00', '', 1),
(169, 'Júlio Ernesto Baumgarten', 'baumgarten.julio@gmail.com', '', '(73) 3680-5356', 'http://lattes.cnpq.br/0955460915853275', '', 3, 4, 148, '0000-00-00', '', 1),
(170, 'Maíra Benchimol de Souza', 'mairabs02@gmail.com', '', '(73) 3680-5032', 'http://lattes.cnpq.br/6914151236983905', 'http://ecologiauesc.com.br/home.php?l=br', 3, 4, 149, '0000-00-00', '', 1),
(171, 'Pavel Dodonov', 'pdodonov@gmail.com', '', '(73) 3680-5537', 'http://lattes.cnpq.br/9008153877455949', 'http://ufscar-br.academia.edu/pdodonov', 3, 4, 150, '0000-00-00', '', 1),
(172, 'José Carlos Morante-Filho', 'jcmfilho9@hotmail.com', '', '(73) 3680-5537', 'http://lattes.cnpq.br/0555231032422996', '', 3, 4, 151, '0000-00-00', '', 1),
(173, 'Nina Maria Manassés Moura', 'bioninamaria@gmail.com', '', '(73) 3680-5019', 'http://lattes.cnpq.br/9157747019853530', '', 1, 4, 152, '0000-00-00', '', 1),
(174, 'ARTHUR EUMANN MESAS', 'aemesas@gmail.com', '', '(43) 3371-5117', 'http://lattes.cnpq.br/4591479110172825', 'www.uel.br', 3, 1, 153, '1975-07-21', 'M', 1),
(175, 'KATIANNY GOMES SANTANA ESTIVAL', 'ksgestival@uesc.br', '894.433.061-15', '(73) 3680-5102', 'http://lattes.cnpq.br/4217256031353080', 'br.linkedin.com/in/katianny-estival-530047a2', 3, 3, 154, '1980-06-27', 'F', 1),
(176, 'RODOLFO MARIANO LOPES DA SILVA', 'rodolfomls@gmail.com', '275.205.408-47', '(73) 3680-5654', 'http://lattes.cnpq.br/5128739642127089', 'http://loauesc.wix.com/ephemeroptera', 3, 4, 155, '1979-02-17', 'M', 1),
(177, 'Guisla Boehs', 'gboehs@uesc.br', '', '(73) 3680-5361', 'http://lattes.cnpq.br/9810391479679210', '', 2, 4, 156, '0000-00-00', '', 1),
(178, 'RODRIGO BRUNO DE OLIVEIRA CAVALCANTE', 'arvorerboliveira@outlook.com', '024.230.975-57', '(73) 99976-7595', 'http://lattes.cnpq.br/6587861659824470', '', 1, 4, 157, '1986-07-18', 'M', 1),
(179, 'PAOLA PEREIRA DAS NEVES SNOECK', 'paolasnoeck@gmail.com', '678.586.275-20', '(73) 3680-5406', 'http://lattes.cnpq.br/7506545194715050', '', 3, 2, 159, '1972-12-03', 'F', 1),
(180, 'MARCOS FERREIRA VILA NOVA', 'marcos.ferreira.vilanova@gmail.com', '006.579.095-21', '(73) 99119-4941', 'http://lattes.cnpq.br/6597551526188572', '', 1, 4, 160, '1982-10-01', 'M', 1),
(181, 'Maria Micheline Almeida', 'maria.micheline@secti.ba.gov.br', '', '(71) 3118-5855', '', 'www.secti.ba.gov.br', 2, 1, 161, '0000-00-00', '', 1),
(182, 'Marcel José Martins dos Santos', 'marceljmsantos@gmail.com', '', '(73) 3680-5112', '', '', 1, 2, 162, '0000-00-00', '', 1),
(183, 'FRANCISCO OLIVEIRA DE MAGALHÃES JÚNIOR', 'jr.oliveira@zootecnista.com.br', '009.075.605-39', '(73) 3680-5112', 'http://lattes.cnpq.br/9095949505914935', '', 1, 2, 163, '1984-08-10', '', 1),
(184, 'Itamar Jouguet Soares Júnior', 'jouguetjr@gmail.com', '', '(73) 3680-5112', '', '', 1, 4, 164, '0000-00-00', '', 1),
(185, 'João Paulo Nunes da Silva', 'johnpaulnunes@gmail.com', '', '(73) 3680-5112', '', '', 1, 2, 165, '0000-00-00', '', 1),
(186, 'Deise Silva Costa', 'florzinhadeise@hotmail.com', '', '(73) 3680-5112', '', '', 1, 2, 166, '0000-00-00', '', 1),
(187, 'Bruno de Figueiredo Urach', 'urachb@hotmail.com', '', '(73) 3680-5112', '', '', 1, 2, 167, '0000-00-00', '', 1),
(188, 'João Vitor de Azevedo Manhães', 'joao.v.m@hotmail.com', '', '(73) 3680-5112', '', '', 1, 2, 168, '0000-00-00', '', 1),
(189, 'Anilma Sampaio Cardoso', 'anilma5@hotmail.com', '', '(73) 3680-5112', '', '', 1, 2, 169, '0000-00-00', '', 1),
(190, 'Joana Paula de Souza Cornélio', 'joanapaula_aqui@hotmail.com', '', '(73) 3680-5112', '', '', 1, 2, 170, '0000-00-00', '', 1),
(191, 'Rafael Pereira Barros', 'rafazootec@hotmail.com', '', '(73) 3680-5112', '', '', 1, 2, 171, '0000-00-00', '', 1),
(192, 'DENILSON OLIVEIRA MELO', 'freencis@gmail.com', '066.412.225-60', '(73) 3680-5392', 'http://lattes.cnpq.br/4766893108664888', '', 5, 6, 172, '1995-02-24', 'M', 1),
(193, 'ANTONIO DE SANTANA SANTOS', 'jequie2@yahoo.com.br', '659.420.435-15', '(73) 3680-5343', 'http://lattes.cnpq.br/7884284198505315', '', 2, 6, 173, '1971-08-30', 'M', 1),
(194, 'LUIZ CARLOS SALAY', 'lcsalay@yahoo.com.br', '156.006.698-95', '(73) 99963-5317', 'http://lattes.cnpq.br/3720222976225135', '', 3, 6, 174, '1969-11-10', 'M', 1),
(195, 'FRANCO AMADO', 'fdramado@uesc.br', '740.896.170-49', '(73) 3680-5366', 'http://lattes.cnpq.br/3437088948218191', '', 3, 6, 175, '1973-12-17', 'M', 1),
(196, 'MARCELO FRANCO', 'mfranco@uesc.br', '930.223.109-78', '(73) 3680-5535', 'http://lattes.cnpq.br/1435414547926102', '', 2, 6, 176, '1974-02-05', 'M', 1),
(197, 'JEFSON ALVES MATOS', 'jefsonmatos.ti@gmail.com', '039.517.885-18', '(73) 99109-0459', 'http://lattes.cnpq.br/9277444834024819', '', 5, 1, 177, '1993-02-01', 'M', 1),
(198, 'ROSENIRA SERPA DA CRUZ', 'roserpa@uesc.br', '530.935.345-34', '(73) 3680-5274', 'http://lattes.cnpq.br/7397919125277407', '', 2, 6, 178, '1968-08-12', 'F', 1),
(199, 'FLORIATAN DOS SANTOS COSTA', 'floriatansc@gmail.com', '064.057.085-27', '(00) 00000-0000', 'http://lattes.cnpq.br/0287106268880389', 'http://nbcgib.uesc.br/ppgquim/', 1, 6, 179, '1994-06-28', 'M', 1),
(200, 'IURY DE OLIVEIRA CARDOSO IURY LOPES', 'iuryolopes@gmail.com', '073.067.955-11', '(73) 99150-5633', 'http://lattes.cnpq.br/0821530925551967', '', 1, 6, 180, '1997-07-17', 'M', 1),
(201, 'LISE PAULE LABEJOF', 'llabejof@uesc.br', '817.323.335-72', '(73) 3680-5191', 'http://lattes.cnpq.br/6232028990158593', 'http://Centro de Microscopia Eletrônica', 3, 4, 181, '1956-07-25', 'F', 1),
(202, 'Harlio Oliveira', 'harliooliveira@gmail.com', '', '(73) 3680-5392', '', '', 5, 6, 182, '0000-00-00', '', 1),
(203, 'Eduardo José dos Reis Nobre Junior', 'eduardo.reisnobre@gmail.com', '', '(73) 98229-4939', 'http://lattes.cnpq.br/2745584501995411', '', 1, 6, 183, '0000-00-00', '', 1),
(204, 'JOSÉ CARLOS ADÃO', 'jose.carlos.adao@hotmail.com', '047.794.935-52', '(73) 99159-8949', 'http://buscatextual.cnpq.br/buscatextual/visualizacv.do?id=K8691694T8', '', 2, 6, 184, '1989-04-14', 'M', 1),
(205, 'Eliane Matos Cruz', 'eliane.matos.cruz@hotmail.com', '054.515.516-66', '(73) 3639-2299', 'http://buscatextual.cnpq.br/buscatextual/visualizacv.do?id=K8691694T8', '', 1, 4, 198, '1994-08-05', 'F', 1);

-- --------------------------------------------------------

--
-- Estrutura da tabela `recuperar_senha`
--

CREATE TABLE `recuperar_senha` (
  `id_recuperar_senha` int(11) NOT NULL,
  `email` varchar(100) NOT NULL,
  `token` varchar(255) NOT NULL,
  `validate` tinyint(1) NOT NULL,
  `falso` tinyint(1) NOT NULL,
  `data_registro` timestamp NOT NULL DEFAULT CURRENT_TIMESTAMP ON UPDATE CURRENT_TIMESTAMP,
  `data_uso` varchar(20) NOT NULL
) ENGINE=InnoDB DEFAULT CHARSET=utf8;

--
-- Extraindo dados da tabela `recuperar_senha`
--

INSERT INTO `recuperar_senha` (`id_recuperar_senha`, `email`, `token`, `validate`, `falso`, `data_registro`, `data_uso`) VALUES
(2, 'andre_30cardoso@hotmail.com', 'efc97251a5ac7aa381e50bafae6924fb7a9ad1f3', 0, 0, '2015-08-21 13:09:53', ''),
(5, 'lucasbrazmelo@gmail.com', '981449f3205a956e9b22775369ed446cd15d5b62', 1, 0, '2015-07-06 06:03:36', ''),
(6, 'andrexcardoso@gmail.com', '8864d2edb9fa88bc6442ae6109956d30d67606cb', 0, 0, '2015-07-23 15:26:45', ''),
(7, 'eng.hugolima@gmail.com', 'e9aa9e3093407815fe3f08c254f756ea5d7b86cd', 0, 0, '2015-07-23 14:19:32', '2015-07-23 11:19:32'),
(8, 'eng.hugolima@gmail.com', 'd89a5655a25fc72bc2bed00345ebd789b4f0c123', 0, 0, '2015-07-23 14:28:00', '2015-07-23 11:28:00'),
(9, 'pamangabeira@uesc.br', 'f25d5cdf4d94abd13361e765ba8b536d9eafc013', 1, 0, '2015-07-23 14:36:35', ''),
(10, 'andrexcardoso@gmail.com', '64c396a155a797d887ae1e85f7b23cf24ab6cf94', 0, 0, '2015-08-21 13:09:50', ''),
(11, 'rcamoura@uesc.br', '8d35aab5ee97a8b7cec71bdac362b6e3029bb7ab', 1, 0, '2015-08-08 22:32:21', ''),
(12, 'eng.hugolima@gmail.com', 'f5f350673df0e1c5b61de79c77f9b7a07f2fadf6', 0, 1, '2015-08-13 13:19:09', ''),
(13, 'eng.hugolima@gmail.com', '0575f19c1bea9019ab55fdc21fd0ccb6658b4e90', 0, 0, '2015-08-13 13:21:02', '2015-08-13 10:21:02'),
(16, 'andrexcardoso@gmail.com', '0433e0b215d9d4a1028bb5906504975e50934b99', 0, 0, '2015-08-21 13:11:00', '2015-08-21 10:11:00'),
(17, 'eng.hugolima@gmail.com', 'df25162551f636c8432209a4e5ebb4847bd7ee40', 0, 0, '2015-08-21 13:12:01', '2015-08-21 10:12:01'),
(18, 'andremoraes19@gmail.com', '7ecb1cc4af34f54c81a46b43d678ffbbbe920f11', 0, 0, '2015-11-22 23:25:14', '2015-11-22 20:25:14'),
(19, 'malva@uesc.br', 'efd9267cb519d291295c43c3205f0e55dc8825c4', 0, 0, '2016-01-20 13:46:04', '2016-01-20 10:46:04'),
(20, 'andrexcardoso@gmail.com', '4cc7f60f87556e9b62e877a74ad762b0ac93c654', 0, 0, '2016-01-19 15:12:03', '2016-01-19 12:12:03'),
(21, 'pablo_monan@hotmail.com', 'a790d284dfd1daa3efd55713b032cbf1c7d3c427', 0, 0, '2016-01-19 17:45:03', '2016-01-19 14:45:03'),
(22, 'jgomes_da_silva@yahoo.com.br', '0d764b98ea25936c19a4696830a2a71c7d277a23', 0, 0, '2016-04-08 23:32:53', ''),
(23, 'andrexcardoso@gmail.com', '2feeae69d3ff5f6e3725246fc9c3aa8f680f70e5', 0, 0, '2016-04-08 19:00:04', ''),
(24, 'fontoura.talita@gmail.com', '43f31b60230b387f6486346596d84dd646db8cf5', 1, 0, '2016-03-18 18:09:24', ''),
(25, 'carinaramos60@gmail.com', '394ee0db510cd5488c6f44b8eb6c465ea31e4ea3', 0, 0, '2016-04-08 23:32:46', ''),
(26, 'andrexcardoso@gmail.com', 'a3ca8bd6a03eb3753878861be9bf8f36ee826956', 0, 0, '2016-04-08 19:02:52', ''),
(27, 'andrexcardoso@gmail.com', '2d0670c7e4a10a9b4ce5d1a52c4ed7fae1694a5b', 0, 0, '2016-04-08 19:05:03', ''),
(28, 'andrexcardoso@gmail.com', 'fd7effaf03fb862918aeb39560288e3d0f323423', 0, 0, '2016-04-08 19:09:22', ''),
(29, 'andrexcardoso@gmail.com', '8d59689b46a14aae259d9c39aea6385b10a6f2d7', 0, 0, '2016-04-08 19:11:19', ''),
(30, 'eng.hugolima@gmail.com', '5272067f843996f51179e546520bd1cbd4a269d6', 0, 0, '2016-04-08 23:33:11', ''),
(31, 'andrexcardoso@gmail.com', '183c9e4221b6c473ff41d3491b5be5b377ea2444', 0, 0, '2016-04-08 23:29:27', ''),
(32, 'andrexcardoso@gmail.com', '9593ab58a43f4ce999777341754809e01cec71d1', 0, 0, '2016-04-08 23:31:31', '2016-04-08 20:31:31'),
(33, 'mfsilva@uesc.br', '2f20eb646830d37d0ad810317288eb5772c9a290', 1, 0, '2016-04-11 16:38:35', ''),
(34, 'cme@uesc.br', 'bf96838e00a2754789c13a34b0ca632a826d002b', 0, 0, '2016-04-18 12:47:40', '2016-04-18 09:47:40'),
(35, 'andrexcardoso@gmail.com', 'be41ecce695b6c3de1b23b4c5f0656efe818f5f7', 0, 1, '2016-04-26 17:18:30', ''),
(36, 'cme@uesc.br', '0eeed1134f3b680f6373fe9386d4c2b5f317b718', 0, 0, '2016-04-28 13:58:24', '2016-04-28 10:58:24'),
(37, 'deborahuesc@gmail.com', 'ae4e92b5edadc2fd4e08973a9219babf61ca8cac', 0, 0, '2016-05-13 13:05:19', '2016-05-13 10:05:19'),
(38, 'andrexcardoso@gmail.com', '94cb4d366af5d87d02cdafc503f129fc7c00dbf6', 0, 0, '2016-05-31 12:32:29', '2016-05-31 09:32:29'),
(39, 'gesil.amarante@gmail.com', '800d4be5c8ee7a141aa3ebb9c7c50ecd65e4654e', 0, 0, '2016-05-31 12:37:11', '2016-05-31 09:37:11'),
(40, 'aoconceicao@uesc.br', '09c93f3c85f9c54dba037696c03a15313005ec89', 0, 1, '2016-07-25 18:15:38', ''),
(41, 'aoconceicao@uesc.br', 'd3fa1b921edab777afa8bfcf6a2d2fc595d6ed14', 1, 0, '2016-07-25 18:15:54', ''),
(42, 'aoconceicao@uesc.br', '76330eb74e85061e11d1f599d34b0f1e877b4461', 1, 0, '2016-07-25 18:16:50', ''),
(43, 'gesil.amarante@gmail.com', '714ae598364aa69c3aaab175fc67f133177fa652', 0, 0, '2016-09-01 12:38:47', '2016-09-01 09:38:47'),
(44, 'andrexcardoso@gmail.com', '813fb5718f8fd7fc4ed85a733b83dad408471934', 1, 0, '2016-09-15 21:00:23', ''),
(45, 'lgtbraga@gmail.com', '544d3d43c84b8af735c36cc96ffe3654f7b99f34', 0, 0, '2016-09-16 17:51:59', '2016-09-16 14:51:59'),
(46, 'henry@uesc.br', 'e944488f66ae65f891ca65bc7a26a053bad0e27f', 0, 0, '2016-10-24 22:34:58', '2016-10-24 19:34:58'),
(47, 'rosilene@uesc.br', 'ca64624cda8d4bd05a2bbc45ff1334d22bf27de4', 1, 0, '2016-10-25 11:48:45', ''),
(48, 'fontoura.talita@gmail.com', 'f763794fd65c5164cbe7f56e242f876200ace242', 0, 0, '2016-11-01 13:22:31', '2016-11-01 10:22:31'),
(49, 'maria.micheline@secti.ba.gov.br', '82633c4249f23f74f59193829cebb2b1b5d736ec', 0, 0, '2016-11-04 13:13:31', '2016-11-04 10:13:31'),
(50, 'mfranco@uesc.br', '3cb43c509dfc0c4bf0d6123fda1b1f8ef1599df1', 0, 0, '2017-01-05 23:30:02', '2017-01-05 20:30:02'),
(51, 'jefsonmatos.ti@gmail.com', 'b20dd6c71bb38d28fc4c283daba6e29734e90563', 0, 0, '2017-01-26 19:22:13', '2017-01-26 16:22:13'),
(52, 'jefsonmatos.ti@gmail.com', '5ebdf180176d50df17fcee57348af87f23d41f92', 0, 0, '2017-03-16 12:49:34', '2017-03-16 09:49:34'),
(53, 'pauloneilson@uesc.br', '0b8716050325d523f496a498439383ec511b3c40', 0, 0, '2017-03-16 13:25:27', '2017-03-16 10:25:27'),
(54, 'mohonda@gmail.com', '2d5e0b012d52237bf7cfe9598c815ae8dd20d152', 0, 0, '2017-03-27 13:13:21', '2017-03-27 10:13:21'),
(55, 'cme@uesc.br', 'e0174aae0b3c3580ebec5baa2319d828a6fed39a', 0, 0, '2017-05-02 11:56:32', '2017-05-02 08:56:32'),
(56, 'fabiane.jesus@gmail.com', 'e1fe87d696b7a78d0bccf1aaa3d6c8b1c2c740b4', 0, 0, '2017-05-05 18:16:50', '2017-05-05 15:16:50'),
(57, 'andrexcardoso@gmail.com', '055bb40c974d6eeb370181525857e8110711f51a', 0, 0, '2017-07-04 18:43:14', '2017-07-04 15:43:14');

-- --------------------------------------------------------

--
-- Estrutura da tabela `regulamento_laboratorio`
--

CREATE TABLE `regulamento_laboratorio` (
  `id_reg_lab` int(11) NOT NULL,
  `nome_reg_lab` varchar(100) DEFAULT NULL,
  `nome_antigo_reg_lab` varchar(100) DEFAULT NULL,
  `nome_reg_infor` varchar(100) DEFAULT NULL,
  `tam_reg_lab` float DEFAULT NULL,
  `extensao_reg_lab` varchar(5) DEFAULT NULL,
  `descricao_regulamento` varchar(400) DEFAULT NULL,
  `ativo_reg_lab` int(11) DEFAULT NULL
) ENGINE=InnoDB DEFAULT CHARSET=latin1;

-- --------------------------------------------------------

--
-- Estrutura da tabela `tipo_pessoa`
--

CREATE TABLE `tipo_pessoa` (
  `id_tipo_pessoa` int(11) NOT NULL,
  `tipo_tip` varchar(20) NOT NULL
) ENGINE=InnoDB DEFAULT CHARSET=utf8;

--
-- Extraindo dados da tabela `tipo_pessoa`
--

INSERT INTO `tipo_pessoa` (`id_tipo_pessoa`, `tipo_tip`) VALUES
(1, 'ALUNO'),
(2, 'COORDENADOR'),
(3, 'PROFESSOR'),
(4, 'SETOR'),
(5, 'TÉCNICO');

-- --------------------------------------------------------

--
-- Estrutura da tabela `usuario`
--

CREATE TABLE `usuario` (
  `id_usuario` int(11) NOT NULL,
  `login_usu` varchar(50) NOT NULL,
  `senha_usu` varchar(50) NOT NULL,
  `ativo_usu` int(11) NOT NULL DEFAULT '1',
  `permissao_usu` int(11) NOT NULL DEFAULT '3',
  `first_access_usu` int(11) NOT NULL DEFAULT '1',
  `data_cadastro_usu` timestamp NOT NULL DEFAULT CURRENT_TIMESTAMP
) ENGINE=InnoDB DEFAULT CHARSET=utf8;

--
-- Extraindo dados da tabela `usuario`
--

INSERT INTO `usuario` (`id_usuario`, `login_usu`, `senha_usu`, `ativo_usu`, `permissao_usu`, `first_access_usu`, `data_cadastro_usu`) VALUES
(1, 'andrexcardoso@gmail.com', '91a14eaea17f7c8fa4ffc7192d6af89560cb42e6', 1, 1, 1, '0000-00-00 00:00:00'),
(6, 'carinaramos60@gmail.com', '12a4ccf66326866062a6b4b27aed31cb8bdf691f', 1, 1, 1, '0000-00-00 00:00:00'),
(7, 'eng.hugolima@gmail.com', '1545c37099d8e1514f2448269bb46606a45adc46', 1, 1, 1, '0000-00-00 00:00:00'),
(8, 'gsamarante@uesc.br', '7b204a14fc8c9e221963bd5b57d056c01c16eaaf', 1, 1, 1, '0000-00-00 00:00:00'),
(10, 'adriane_halmann@yahoo.com.br', 'eab3283fef60dd2a689710c31d179697d6ed0381', 1, 2, 1, '0000-00-00 00:00:00'),
(11, 'stuchi@uesc.br', 'd51cc2c8ffcf4a7d090f177db117ab5dd303dca7', 1, 2, 1, '0000-00-00 00:00:00'),
(12, 'henry@uesc.br', '64c96d667061ff0cbc00413bb15e47df0c0dfbb2', 1, 2, 1, '0000-00-00 00:00:00'),
(13, 'amffausto@hotmail.com', '9cf5929b414b90e4ad0d21addc498895a5497dbc', 1, 2, 1, '0000-00-00 00:00:00'),
(14, 'alexalan@uesc.br', 'f68602de8b2f05cbb0d876067f6c5f83255cafd1', 1, 2, 1, '0000-00-00 00:00:00'),
(15, 'alex.vsa1@gmail.com', '39435031726955f85d071cf28de5e9094f15e5bd', 1, 2, 1, '0000-00-00 00:00:00'),
(16, 'amspitolli@gmail.com', 'ded364a0ac3069da64cd058159acde404115d5a6', 1, 2, 1, '0000-00-00 00:00:00'),
(17, 'aoconceicao@uesc.br', '7bc7ec7f1577ff6a3b0788e03763b08261c7eceb', 1, 2, 1, '0000-00-00 00:00:00'),
(18, 'asilva1@uesc.br', '84e7c713695e837650574e3361dee252f413269d', 1, 2, 1, '0000-00-00 00:00:00'),
(19, 'caribe@uesc.br', '862a894eb6c70750071d3bdaf1a5ad4f9818b230', 1, 2, 1, '0000-00-00 00:00:00'),
(20, 'apm.mariano@hotmail.com', 'e37a5d2eda7d78412dc0cb48484983bb72954bea', 1, 2, 1, '0000-00-00 00:00:00'),
(21, 'aptuetanabaro@gmail.com', '267cb0ff4ac7f9a865cb396807f2dce327a2b11c', 1, 2, 1, '0000-00-00 00:00:00'),
(22, 'lavinsky2010@yahoo.com', '584f8391eaec6cbf124c57930e1ee9702a73f41a', 1, 2, 1, '0000-00-00 00:00:00'),
(23, 'aroliveir@gmail.com', '678ea9114ffc32e5bca3cee057b2abfabcd57308', 1, 2, 1, '0000-00-00 00:00:00'),
(24, 'ajargolo@gmail.com', '4c4a2f3f5914c6e01c8e505c4a238115edb20805', 1, 2, 1, '0000-00-00 00:00:00'),
(25, 'arletesilveira@uesc.br', '7a072aff4ccbc48f9c185ae25d395315e99c4048', 1, 2, 1, '0000-00-00 00:00:00'),
(26, 'arli@uesc.br', '33826f2e43b5858792ebe18b044e2e6ced9c379c', 1, 2, 1, '0000-00-00 00:00:00'),
(27, 'camila@email.com', 'aead7244c86d3957b13b1b789744707375aafb6f', 1, 2, 1, '0000-00-00 00:00:00'),
(28, 'romanocc@uol.com.br', '1aa987eeb63e44ee08cd2f1bbd6a9975a88838db', 1, 2, 1, '0000-00-00 00:00:00'),
(29, 'carlakaneto@gmail.com', '3a32e2097b0fb9d4b97452060f42f17929500e3a', 1, 2, 1, '0000-00-00 00:00:00'),
(30, 'cbguesc@uesc.br', '4428cd540ddfb654dc94c56865d98cb9f3d55cd6', 1, 2, 1, '0000-00-00 00:00:00'),
(31, 'celso@uesc.br', '5d25bd37069863b759d106d45afbd4d222c9860a', 1, 2, 1, '0000-00-00 00:00:00'),
(32, 'vianna_chris@yahoo.com.br', 'dd0307c83bd17d0d05c24287f71bcd84cbcc00a0', 1, 2, 1, '0000-00-00 00:00:00'),
(33, 'crisbio2@gmail.com', '2b12fe4eab595d0e19edc2e2d6ef26610562412b', 1, 2, 1, '0000-00-00 00:00:00'),
(34, 'cpungartnik@yahoo.com.br', '5cad8a41b4fbcc59dead28bc98f2861aee49bb30', 1, 2, 1, '0000-00-00 00:00:00'),
(35, 'dmlsilva@gmail.com', 'd81d56c8a8284d700d786da13ec8027cfd7c73f7', 1, 2, 1, '0000-00-00 00:00:00'),
(36, 'delmira@uesc.br', 'dbac5aba977f9c7fde235062847a6e68021b103e', 1, 2, 1, '0000-00-00 00:00:00'),
(37, 'elisamassena@yahoo.com.br', '1bb1f75122a5ed00bbd060315430f091b61fc1fd', 1, 2, 1, '0000-00-00 00:00:00'),
(38, 'edossantosguedes@gmail.com', 'e39c79bf8445beec192d79223532072e63565cd4', 1, 2, 1, '0000-00-00 00:00:00'),
(39, 'lucenaemerson@yahoo.com.br', '2166abcb2dcb53c880ce9b40d84d826cc87f5dbc', 1, 2, 1, '0000-00-00 00:00:00'),
(40, 'minda@uesc.br', '2b81cae15a35287cd9250857743e8e521145fe14', 1, 2, 1, '0000-00-00 00:00:00'),
(41, 'fabiane.jesus@gmail.com', '57eac2333f95edbbdba8a50231e9f9a40e95d4e1', 1, 2, 1, '0000-00-00 00:00:00'),
(42, 'fabienne.micheli@cirad.fr', 'c2ca3123830dbdc0ffb2cba34dea07f39894a119', 1, 2, 1, '0000-00-00 00:00:00'),
(43, 'facamorim@gmail.com', '4f55b9db7175ef7e2c6f37be605904f4b617b13f', 1, 2, 1, '0000-00-00 00:00:00'),
(44, 'gomes@uesc.br', 'bb5b5b708897fe022354d48894a5fa806cf49ee2', 1, 2, 1, '0000-00-00 00:00:00'),
(45, 'felix_mas_milian@yahoo.com', '85658916d805ef454164fa8d4aa6b183476179d4', 1, 2, 1, '0000-00-00 00:00:00'),
(46, 'fermin@uesc.br', '7dbed7c03ede003a13370ffeedf3e298385b4f6a', 1, 2, 1, '0000-00-00 00:00:00'),
(47, 'gaiotto@uesc.br', '22ee7c790e95384c545f28b1e4deb4efb88fac8c', 1, 2, 1, '0000-00-00 00:00:00'),
(48, 'fejguimaraes@gmail.com', 'fbd9cfcc54020f46463dfffcc3323bd919909d98', 1, 2, 1, '0000-00-00 00:00:00'),
(49, 'depaula@uesc.br', '411020c86fa575a916b81c465f0ad5299002568c', 1, 2, 1, '0000-00-00 00:00:00'),
(50, 'francisco@uesc.br', '8b75fb4713d4f2b500ac997b7659b7a7432c58a0', 1, 2, 1, '0000-00-00 00:00:00'),
(51, 'fmartinezluzardo@gmail.com', 'ab901fd60ea96839a2e68d5984cb3699e651b4a3', 1, 2, 1, '0000-00-00 00:00:00'),
(52, 'franco.amado@gmail.com', 'd778945b0e1e186501ab4ddc36cb4cde0c6d0b44', 1, 2, 1, '0000-00-00 00:00:00'),
(53, 'george@uesc.br', 'bd50cfdbbb32955ceec6bbd4cc9e75dec7dd0bee', 1, 2, 1, '0000-00-00 00:00:00'),
(54, 'gerlab@uesc.br', 'f6aa2ef7c99f438d0c90b050b7e907c69d502411', 1, 2, 1, '0000-00-00 00:00:00'),
(55, 'ives_maria@yahoo.com.br', '0c5c826ee7e92a1e7a6424fc449ebec17514684a', 1, 2, 1, '0000-00-00 00:00:00'),
(56, 'izaltina@unir.edu.br', '90758f6585006c5cb0b4e3753e4de4e0b6df40f6', 1, 2, 1, '0000-00-00 00:00:00'),
(57, 'jader@uesc.br', 'daef187c6574d260c5abc17b67212045ebc5f68d', 1, 2, 1, '0000-00-00 00:00:00'),
(58, 'janelimas@yahoo.com.br', 'ef0ad6d2e9cc9a2a603f1c5ce2fafaf9b26f11de', 1, 2, 1, '0000-00-00 00:00:00'),
(59, 'jgs10@uol.com.br', '1158fa85fa36d9fb8513161714d5c04543447f24', 1, 2, 1, '0000-00-00 00:00:00'),
(60, 'jeronimopf@gmail.com', '21b8ba4ab86b1d020d83995bf81c26ef90312b24', 1, 2, 1, '0000-00-00 00:00:00'),
(61, 'joaoluciano2002@yahoo.com.br', 'a471749e0b3ee549b31ff31210a2b7e0ed0fed65', 1, 2, 1, '0000-00-00 00:00:00'),
(62, 'augustog@uesc.br', '5b06f18655c80d19572f4b7ad70f5c0273c793ed', 1, 2, 1, '0000-00-00 00:00:00'),
(63, 'joseclaudio.faria@gmail.com', '2606bef8485b6486cd1950bfcee15bfcbeb1ee85', 1, 2, 1, '0000-00-00 00:00:00'),
(64, 'jlulabezerra@hotmail.com', '50e68b479a96dab0130a3cddc856e84d8960cfbd', 1, 2, 1, '0000-00-00 00:00:00'),
(65, 'olimpio@uesc.br', 'ea8b508a5e59860b6914b7f5d08f9245bccad34a', 1, 2, 1, '0000-00-00 00:00:00'),
(66, 'lpsgomes@uesc.br', '2843167a2f8617dc798d7ff47269fc03b8f9ae46', 1, 2, 1, '0000-00-00 00:00:00'),
(67, 'lajumarin@hotmail.com', 'a1bd40c2f3b17029532c1c1cba09d8df4e1f717b', 1, 2, 1, '0000-00-00 00:00:00'),
(68, 'limedeiros@uesc.br', 'eb987ea10c81040e46824da39b38ccf8be41ce75', 1, 2, 1, '0000-00-00 00:00:00'),
(69, 'lrmaia@uesc.br', '3425a3baf854594cd28a0987f995cd4962e09f2d', 1, 2, 1, '0000-00-00 00:00:00'),
(70, 'lilaxavierneves@yahoo.com.br', '7e25aeec6d703b3d408d84b64c7f116426fb9afd', 1, 2, 1, '0000-00-00 00:00:00'),
(71, 'lucianapsa@gmail.com', '695fb7c803ad1b8d79f17e9ec6bf2b5acca0816f', 1, 2, 1, '0000-00-00 00:00:00'),
(72, 'lucimarfrancap@gmail.com', '02aa458b5e31d7bf82d14a6b39d5309692748ba9', 1, 2, 1, '0000-00-00 00:00:00'),
(73, 'lgtbraga@gmail.com', 'f404745222da2aa6169424308af069f4f1df6ee9', 1, 2, 1, '0000-00-00 00:00:00'),
(74, 'mattos@uesc.br', 'c3ddc3e800eedeb424888c54ba036be2614ded11', 1, 2, 1, '0000-00-00 00:00:00'),
(75, 'mbpisani@gmail.com', '43b18c638e8142020d5daef283603e329f098501', 1, 2, 1, '0000-00-00 00:00:00'),
(76, 'marland@bgqmar.net', '7c45827f3cb01b08c34c8133dbaffa6188a99764', 1, 2, 1, '0000-00-00 00:00:00'),
(77, 'mohonda@gmail.com', '29b8e701ac94122503091e8cd9904f6094d80ef7', 1, 2, 1, '0000-00-00 00:00:00'),
(78, 'msmielke@uesc.br', '2d2ca33812c457416ec4b7e2c971d4de9adfbe38', 1, 2, 1, '0000-00-00 00:00:00'),
(79, 'marciogc.costa@gmail.com', 'a91a6ae73002ba68254bde43e1ba3156d30e4575', 1, 2, 1, '0000-00-00 00:00:00'),
(80, 'marcio6qui@hotmail.com', 'd20988d2d1b877c90f404749f35f104a4ea73cc8', 1, 2, 1, '0000-00-00 00:00:00'),
(81, 'costama@uesc.br', '23b2fbbd0fa124d6d4cf7bf2911b317792730198', 1, 2, 1, '0000-00-00 00:00:00'),
(82, 'souzamagg@yahoo.com.br', '1673b11270f36ee3fc9f9b60b5a919c15618eb7e', 1, 2, 1, '0000-00-00 00:00:00'),
(83, 'colcic@uesc.br', '59c4d91acd1b05dbafeef5cea0f51c9f3c905604', 1, 2, 1, '0000-00-00 00:00:00'),
(84, 'malva@uesc.br', 'e7056cea8803d98f4b930c8e8dd8921f3745b318', 1, 2, 1, '0000-00-00 00:00:00'),
(85, 'maxwell_siqueira@hotmail.com', '2cf3193f377d82bf8291075f72d655f4d8a3d447', 1, 2, 1, '0000-00-00 00:00:00'),
(86, 'milton_schivani@yahoo.com.br', '2e01acb4850e33b8ff5713c6e1aa19722ab9448c', 1, 2, 1, '0000-00-00 00:00:00'),
(87, 'mksole@uesc.br', 'bb718ee5e562aa68de92c4370971ff2255d13719', 1, 2, 1, '0000-00-00 00:00:00'),
(88, 'miriadessilva@hotmail.com', '5dee6ce1b521f36b4572ffd12ef73c565e3c962e', 1, 2, 1, '0000-00-00 00:00:00'),
(89, 'nayfarias_18@yahoo.combr', '7ad3e3649fb5f8cd0fa1442a54e2cab387fe0f44', 1, 2, 1, '0000-00-00 00:00:00'),
(90, 'paolasnoeck@uesc.br', '73fade81ea3357e5795464c6bbbabd380f51daf5', 1, 2, 1, '0000-00-00 00:00:00'),
(91, 'pauloneilson@uesc.br', '489c3b94e252090532316bbfe9bd618ab131d999', 1, 2, 1, '0000-00-00 00:00:00'),
(92, 'pagleite@hotmail.com', '3ca707734671e7176f0c64e1a7ba1480005f489e', 1, 2, 1, '0000-00-00 00:00:00'),
(93, 'pamangabeira@uesc.br', '2448ceff9b8c38a62b407cb284fd276cde2fefec', 1, 2, 1, '0000-00-00 00:00:00'),
(94, 'rezende.rachel@gmail.com', '033b4916a1cdc53e4f9ad589307a28a326a96a5b', 1, 2, 1, '0000-00-00 00:00:00'),
(95, 'raildomota@gmail.com', 'd659b5579c84e4e3cf7595b1c8dc30c22c10c9cd', 1, 2, 1, '0000-00-00 00:00:00'),
(96, 'rodrigoluis@yahoo.com', '43a371c4ad06b0e17fe4c79c8b8d0548462fbf9e', 1, 2, 1, '0000-00-00 00:00:00'),
(97, 'rfguimaraes@uesc.br', '057ef02d2d44000074a3ba27a7b74989abc6a401', 1, 2, 1, '0000-00-00 00:00:00'),
(98, 'rosana.alvim@globo.com', 'c004911e0196db5da2ed71768082ba5e1d0b63dd', 1, 2, 1, '0000-00-00 00:00:00'),
(99, 'rmoclark@uesc.br', '5cd31269fdd3f3b56973263b371fc6e397a0d588', 1, 2, 1, '0000-00-00 00:00:00'),
(100, 'rosilene@uesc.br', '484f85b230671b1b858b50c2957ba309d1bfaaa1', 1, 2, 1, '0000-00-00 00:00:00'),
(101, 'srgmello@uesc.br', '408ff89b29516d349a04d4abf8a59d96cecd1fb7', 1, 2, 1, '0000-00-00 00:00:00'),
(102, 'saul@uesc.br', '67c72d8a7b7f92e7ea8426de6de3035705e7c313', 1, 2, 1, '0000-00-00 00:00:00'),
(103, 'sissacarvalho@yahoo.com', '799529139465b392548b37918136fdd7d56ed8c0', 1, 2, 1, '0000-00-00 00:00:00'),
(104, 'stgehlen@gmail.com', 'ef8de169786f062e3f52f43c0b6c056a02666f3f', 1, 2, 1, '0000-00-00 00:00:00'),
(105, 'ssusini@uesc.br', '03212176f15f107611e014e8d7b90ef97ceade21', 1, 2, 1, '0000-00-00 00:00:00'),
(106, 'tadeumedeiros19@yahoo.com.br', 'ef4aec1003e5852e82182b8eccc5ec8002a07ed8', 1, 2, 1, '0000-00-00 00:00:00'),
(107, 'fontoura.talita@gmail.com', '43e79075d08d694624557521901ce236fe946341', 1, 2, 1, '0000-00-00 00:00:00'),
(108, 'tanbarth@uesc.br', '79b287274beaae1a6fbcd3a1ec4aed31639f4b30', 1, 2, 1, '0000-00-00 00:00:00'),
(109, 'tfsouza@uesc.br', 'd9d4e5da6d63d169baab744f3610e822a6bb9da5', 1, 2, 1, '0000-00-00 00:00:00'),
(110, 'ursulamauchle@uol.com.br', '532eecbc73232f4621f9ef75db8de8dc0cfc073d', 1, 2, 1, '0000-00-00 00:00:00'),
(111, 'veronicayumi@terra.com.br', '2939faf6333c7bf4e90d86af26ad9141b2085f7c', 1, 2, 1, '0000-00-00 00:00:00'),
(112, 'vivianebdias7@yahoo.com.br', '421004411469d2ab808ea49325304c173457caec', 1, 2, 1, '0000-00-00 00:00:00'),
(122, 'gastongine10@gmail.com', 'cec36e14dc48c5cbdac5430ba2d36ddb936d22ba', 1, 3, 1, '2015-07-14 00:32:39'),
(123, 'c.villeladias@gmail.com', '05466efe8b8e2eec351183ea4046d1178c0b9011', 1, 3, 1, '2015-08-06 17:56:39'),
(126, 'lucasbrazmelo@gmail.com', '49057c3320a5b13da7578c0747ceed321919cdb0', 1, 3, 1, '2015-08-11 19:02:47'),
(127, 'alelimabiologo@hotmail.com', 'c57e9a4e1d85d0a331f8a88aa3a95afd303ad009', 1, 2, 1, '2015-08-13 14:46:21'),
(128, 'rcamoura@uesc.br', 'c6a619df7d6247df440b14fe3083769571ad10eb', 1, 2, 1, '2015-08-17 19:28:57'),
(129, 'deborahuesc@gmail.com', '459889b118575010751d3489f0d04cc6cd1401ce', 1, 2, 1, '2015-08-24 20:01:37'),
(130, 'jackuesc@hotmail.com', 'af58b29f7b95d367b5647e965876710faf5d9172', 1, 2, 1, '2015-08-24 20:49:11'),
(131, 'paixao@uesc.br', 'be7b8e7441f73990e01c344847c7a2f686235ade', 1, 2, 1, '2015-08-27 14:00:21'),
(132, 'igorfprado@yahoo.com.br', '6c9672b323ece1e3f1e1b886471e0b7b582b5bcd', 1, 2, 1, '2015-09-02 13:10:52'),
(133, 'fabiocruz28@yahoo.com.br', 'a1e3c87afd51f780cc02f8c92044470429f0f7ad', 1, 2, 1, '2015-09-02 14:02:31'),
(134, 'ederlonnsouza@gmail.com', '1d818e2e10f33a8f6aac9397a2c7f3b00e1d6c0a', 1, 3, 1, '2015-09-04 15:25:26'),
(135, 'andremoraes19@gmail.com', 'f81afb73055e4e044e3a477957c2c5c7b33cffd6', 1, 3, 1, '2015-11-22 23:23:41'),
(136, 'jgomes_da_silva@yahoo.com.br', '0c8d7c179a5127e1a9d52167c64757a2d53cc0e0', 1, 3, 1, '2016-01-19 15:49:09'),
(137, 'samuel.baracho@gmail.com', '8dd70419f0ccd5c82b79ba51ad3fe9384ffb1bd3', 1, 3, 1, '2016-01-19 16:08:33'),
(138, 'pablo_monan@hotmail.com', '5c2de6b5d3cc3f857bd612d5aae80bf4a7429411', 1, 3, 1, '2016-01-19 17:43:18'),
(139, 'elloah_16@hotmail.com', '75dbf5f8032070f658ff99f50351504fe902f222', 1, 3, 1, '2016-01-20 19:24:57'),
(140, 'laneaamaral@hotmail.com', 'c9d06fa16ff34146d58945c9074950267bc19ac0', 1, 3, 1, '2016-04-18 12:44:57'),
(141, 'cme@uesc.br', 'e9907a365438f4b91e4b64ab180696a352b0928f', 1, 3, 1, '2016-04-18 12:55:13'),
(142, 'jolopessantana@gmail.com', 'a74adef12dbbd1f2492f81a010b9886d0256dcdf', 1, 3, 1, '2016-05-03 12:22:30'),
(143, 'fbrunoso@gmail.com', 'b44dda1dadd351948fcace1856ed97366e679239', 1, 3, 1, '2016-05-06 17:53:55'),
(144, 'eliana.cazetta@gmail.com', '052c2f41e1a72e49156e62d7387c2b34d02f8d8e', 1, 3, 1, '2016-05-10 13:30:29'),
(145, 'leandro@uesc.br', 'af9d79681be49e8bc3ba9a67c239e3cd27e43f99', 1, 3, 1, '2016-05-10 13:59:36'),
(146, 'dani.talora@gmail.com', 'ac418499e93d160d37ff796012f0185fb51f0af8', 1, 3, 1, '2016-05-10 14:06:20'),
(147, 'cassanocami@hotmail.com', '5a3f512ef688e2f967798bdd2ffc0cab23b3634e', 1, 3, 1, '2016-05-10 14:07:46'),
(148, 'baumgarten.julio@gmail.com', 'a91fceea64a1c3531eb7ec0f57927e75d7649cbb', 1, 3, 1, '2016-05-13 15:02:13'),
(149, 'mairabs02@gmail.com', '540b42fdb6139285cfb8cfe42e48907d2ac0e558', 1, 3, 1, '2016-05-13 15:05:03'),
(150, 'pdodonov@gmail.com', '058b719e62a0e80537e370c55df2f270a6e49944', 1, 3, 1, '2016-05-13 15:08:54'),
(151, 'jcmfilho9@hotmail.com', '9c22448dee6be99e1827a605467354867f25bded', 1, 3, 1, '2016-05-13 15:09:58'),
(152, 'bioninamaria@gmail.com', '61028e8d7a061f31e8eaf47ca7d9551f562bfcf6', 1, 3, 1, '2016-05-16 13:03:13'),
(153, 'aemesas@gmail.com', 'dc7a3abb70336a5004b868c9cfc0c4c03b0f33ef', 1, 3, 1, '2016-05-23 20:44:29'),
(154, 'ksgestival@uesc.br', 'd5bd1022001c958737bac637e618e6b060df62df', 1, 3, 1, '2016-05-29 21:20:45'),
(155, 'rodolfomls@gmail.com', '0977a729302d67a6594f769d4906d503014dd50a', 1, 3, 1, '2016-06-09 17:52:02'),
(156, 'gboehs@uesc.br', '63f547cd4640674a43d17cea42ad3492c9215f75', 1, 3, 1, '2016-06-16 13:13:24'),
(157, 'arvorerboliveira@outlook.com', '731540fbd7b13dc13c56b8296e934e6c5f19679f', 1, 3, 1, '2016-06-20 13:54:05'),
(158, 'malbitte@uesc.br', 'a216e33e9411c9a7f989ffef7f6330596f7bb0a2', 1, 2, 1, '2016-07-05 16:00:01'),
(159, 'paolasnoeck@gmail.com', 'd9e53f90f206eca5f03ec321ddb6ec1b5e10f0e2', 1, 3, 1, '2016-07-12 10:34:39'),
(160, 'marcos.ferreira.vilanova@gmail.com', '6b8fc59e824c06b5a31e219fc219bb52888b1f86', 1, 3, 1, '2016-07-22 08:58:12'),
(161, 'maria.micheline@secti.ba.gov.br', '33aa16638069218a27e5fcb3b58fefe7d9351723', 1, 3, 1, '2016-09-01 13:14:49'),
(162, 'marceljmsantos@gmail.com', '8f38cbaafa24960b9e0dfa8777f77bd724df7531', 1, 3, 1, '2016-09-14 15:23:04'),
(163, 'jr.oliveira@zootecnista.com.br', 'caab6096e5b20f38c8f8fc4218e7e8ef77436e75', 1, 3, 1, '2016-09-14 15:24:36'),
(164, 'jouguetjr@gmail.com', '5b83cd450e8fc2bb913fe6f7f62562fe7ba1de2a', 1, 3, 1, '2016-09-14 15:26:26'),
(165, 'johnpaulnunes@gmail.com', '97fc201fbd595c82124e58893b4b643434e05334', 1, 3, 1, '2016-09-16 02:29:33'),
(166, 'florzinhadeise@hotmail.com', '43db07f2294d5978f6f7b5e2afc31b8c5b35ce09', 1, 3, 1, '2016-09-16 02:31:31'),
(167, 'urachb@hotmail.com', '64a96c6eca313eb5f50a2962040e8bdd0d6c42e1', 1, 3, 1, '2016-09-16 02:33:26'),
(168, 'joao.v.m@hotmail.com', '50672c7ce7d82a6e7555f0038aac5f09dd282e8a', 1, 3, 1, '2016-09-16 02:36:11'),
(169, 'anilma5@hotmail.com', '8deba2c15ccfd911d3b2be80e3882f16689c9c05', 1, 3, 1, '2016-09-16 02:37:03'),
(170, 'joanapaula_aqui@hotmail.com', 'ccc0f27f00c8d98fd69c14d12b45514258ef0e81', 1, 3, 1, '2016-09-16 02:37:57'),
(171, 'rafazootec@hotmail.com', '66040523e8121c5720d1decaa24b747bdb7641c5', 1, 3, 1, '2016-09-16 02:38:35'),
(172, 'freencis@gmail.com', 'ce512876ac58fdda86cade3db458e3f280f222cd', 1, 1, 1, '2016-11-21 15:16:52'),
(173, 'jequie2@yahoo.com.br', '7f23cddb12a2e9d7721daf4edd4498eb59139c69', 1, 3, 1, '2016-11-26 20:01:38'),
(174, 'lcsalay@yahoo.com.br', '2bb279c2126255b4a5d126fd07c18167d8326da8', 1, 3, 1, '2016-11-26 23:46:06'),
(175, 'fdramado@uesc.br', '5d4807ecbf9f7457cf80338efcd91e0705b370da', 1, 3, 1, '2016-11-28 12:51:32'),
(176, 'mfranco@uesc.br', 'ef49fcf598fd91d32c6c58097a9fbdac5da0dbb0', 1, 3, 1, '2016-11-28 22:05:01'),
(177, 'jefsonmatos.ti@gmail.com', '43187791d44559e8eb311908ec5ed311bcc5379b', 1, 1, 1, '2016-12-01 17:43:54'),
(178, 'roserpa@uesc.br', '8f0f5bbfd0be5b26a6e29df95343d782bbf46c51', 1, 3, 1, '2016-12-19 18:12:20'),
(179, 'floriatansc@gmail.com', 'f7d4cc3a0bfe0467e7ce9c4e7a4a65144e89375f', 1, 3, 1, '2017-03-07 03:34:54'),
(180, 'iuryolopes@gmail.com', '3afef628d4bb55a0769e68e6d2b76f5883be0b83', 1, 3, 1, '2017-05-30 20:36:12'),
(181, 'llabejof@uesc.br', '0a5512ecb5d1e600297d93d6cf0aef67c296fc82', 1, 3, 1, '2017-06-05 14:44:35'),
(182, 'harliooliveira@gmail.com', '555adb8f495dbe912cf27e62c9ead8e5afffb7ad', 1, 3, 1, '2017-07-04 19:38:03'),
(183, 'eduardo.reisnobre@gmail.com', 'fd633cb54d3799fca7916d6826c99210ce7dcd2a', 1, 3, 1, '2017-08-02 18:24:30'),
(184, 'jose.carlos.adao@hotmail.com', '7b204a14fc8c9e221963bd5b57d056c01c16eaaf', 1, 1, 1, '2017-08-14 11:52:41'),
(198, 'eliane.matos.cruz@hotmail.com', 'e6261eb98d1e921b84ed36dff3b7b82aed50972d', 1, 3, 1, '2017-10-17 21:17:07');

-- --------------------------------------------------------

--
-- Estrutura da tabela `usuario_has_permissao`
--

CREATE TABLE `usuario_has_permissao` (
  `id_usuario_has_permissao` int(11) NOT NULL,
  `fk_id_usuario` int(11) NOT NULL,
  `fk_id_permissao` int(11) NOT NULL
) ENGINE=InnoDB DEFAULT CHARSET=utf8;

--
-- Extraindo dados da tabela `usuario_has_permissao`
--

INSERT INTO `usuario_has_permissao` (`id_usuario_has_permissao`, `fk_id_usuario`, `fk_id_permissao`) VALUES
(1, 1, 1),
(2, 6, 1),
(3, 7, 1),
(4, 8, 1),
(5, 10, 2),
(6, 11, 2),
(7, 12, 2),
(8, 13, 2),
(9, 14, 2),
(10, 15, 2),
(11, 16, 2),
(12, 17, 2),
(13, 18, 2),
(14, 19, 2),
(15, 20, 2),
(16, 21, 2),
(17, 22, 2),
(18, 23, 2),
(19, 24, 2),
(20, 25, 2),
(21, 26, 2),
(22, 27, 2),
(23, 28, 2),
(24, 29, 2),
(25, 30, 2),
(26, 31, 2),
(27, 32, 2),
(28, 33, 2),
(29, 34, 2),
(30, 35, 2),
(31, 36, 2),
(32, 37, 2),
(33, 38, 2),
(34, 39, 2),
(35, 40, 2),
(36, 41, 2),
(37, 42, 2),
(38, 43, 2),
(39, 44, 2),
(40, 45, 2),
(41, 46, 2),
(42, 47, 2),
(43, 48, 2),
(44, 49, 2),
(45, 50, 2),
(46, 51, 2),
(47, 52, 2),
(48, 53, 2),
(49, 54, 2),
(50, 55, 2),
(51, 56, 2),
(52, 57, 2),
(53, 58, 2),
(54, 59, 2),
(55, 60, 2),
(56, 61, 2),
(57, 62, 2),
(58, 63, 2),
(59, 64, 2),
(60, 65, 2),
(61, 66, 2),
(62, 67, 2),
(63, 68, 2),
(64, 69, 2),
(65, 70, 2),
(66, 71, 2),
(67, 72, 2),
(68, 73, 2),
(69, 74, 2),
(70, 75, 2),
(71, 76, 2),
(72, 77, 2),
(73, 78, 2),
(74, 79, 2),
(75, 80, 2),
(76, 81, 2),
(77, 82, 2),
(78, 83, 2),
(79, 84, 2),
(80, 85, 2),
(81, 86, 2),
(82, 87, 2),
(83, 88, 2),
(84, 89, 2),
(85, 90, 2),
(86, 91, 2),
(87, 92, 2),
(88, 93, 2),
(89, 94, 2),
(90, 95, 2),
(91, 96, 2),
(92, 97, 2),
(93, 98, 2),
(94, 99, 2),
(95, 100, 2),
(96, 101, 2),
(97, 102, 2),
(98, 103, 2),
(99, 104, 2),
(100, 105, 2),
(101, 106, 2),
(102, 107, 2),
(103, 108, 2),
(104, 109, 2),
(105, 110, 2),
(106, 111, 2),
(107, 112, 2),
(110, 122, 3),
(111, 123, 3),
(112, 126, 3),
(113, 127, 2),
(114, 128, 2),
(115, 129, 2),
(116, 130, 2),
(117, 131, 2),
(118, 132, 2),
(119, 133, 2),
(120, 134, 3),
(121, 135, 3),
(122, 136, 3),
(123, 137, 3),
(124, 138, 3),
(125, 139, 3),
(126, 1, 2),
(127, 6, 2),
(128, 7, 2),
(129, 140, 2),
(130, 141, 2),
(131, 142, 3),
(133, 143, 3),
(134, 152, 3),
(135, 153, 3),
(136, 154, 3),
(137, 155, 3),
(138, 156, 2),
(139, 157, 3),
(140, 158, 2),
(141, 159, 3),
(142, 160, 3),
(143, 161, 2),
(144, 162, 3),
(145, 163, 3),
(146, 164, 3),
(147, 165, 3),
(148, 166, 3),
(149, 167, 3),
(150, 168, 3),
(151, 169, 3),
(152, 170, 3),
(153, 171, 3),
(154, 172, 1),
(155, 173, 3),
(156, 174, 3),
(157, 175, 3),
(158, 173, 2),
(159, 176, 3),
(160, 177, 1),
(161, 178, 3),
(162, 176, 2),
(163, 179, 3),
(164, 180, 3),
(165, 181, 3),
(166, 182, 3),
(167, 182, 1),
(168, 183, 3),
(169, 184, 1),
(173, 198, 3);

--
-- Indexes for dumped tables
--

--
-- Indexes for table `access_log`
--
ALTER TABLE `access_log`
  ADD PRIMARY KEY (`id_access_log`);

--
-- Indexes for table `convite`
--
ALTER TABLE `convite`
  ADD PRIMARY KEY (`id_convite`);

--
-- Indexes for table `curso`
--
ALTER TABLE `curso`
  ADD PRIMARY KEY (`id_curso`),
  ADD UNIQUE KEY `nome_UNIQUE` (`nome_cur`);

--
-- Indexes for table `departamento`
--
ALTER TABLE `departamento`
  ADD PRIMARY KEY (`id_departamento`),
  ADD UNIQUE KEY `nome_UNIQUE` (`nome_dpt`);

--
-- Indexes for table `equipamento`
--
ALTER TABLE `equipamento`
  ADD PRIMARY KEY (`id_equipamento`);

--
-- Indexes for table `equipamento_has_img`
--
ALTER TABLE `equipamento_has_img`
  ADD PRIMARY KEY (`id_equipamento_img`),
  ADD KEY `fk_id_img_equipamento_idx` (`fk_id_img_equipamento`),
  ADD KEY `fk_id_equipamento_idx` (`fk_id_equipamento`);

--
-- Indexes for table `img_equipamento`
--
ALTER TABLE `img_equipamento`
  ADD PRIMARY KEY (`id_img_equipamento`);

--
-- Indexes for table `img_laboratorio`
--
ALTER TABLE `img_laboratorio`
  ADD PRIMARY KEY (`id_img_laboratorio`);

--
-- Indexes for table `laboratorio`
--
ALTER TABLE `laboratorio`
  ADD PRIMARY KEY (`id_laboratorio`),
  ADD UNIQUE KEY `nome_UNIQUE` (`nome_lab`),
  ADD KEY `fk_id_pavilhao_idx` (`fk_id_pavilhao`);

--
-- Indexes for table `laboratorio_has_curso`
--
ALTER TABLE `laboratorio_has_curso`
  ADD PRIMARY KEY (`id_laboratorio_curso`),
  ADD KEY `fk_id_laboratorio_idx` (`fk_id_laboratorio`),
  ADD KEY `fk_curso_idx` (`fk_id_curso`);

--
-- Indexes for table `laboratorio_has_departamento`
--
ALTER TABLE `laboratorio_has_departamento`
  ADD PRIMARY KEY (`id_laboratorio_departamento`),
  ADD KEY `fk_id_laboratorio_idx` (`fk_id_laboratorio`),
  ADD KEY `fk_id_departamento_idx` (`fk_id_departamento`);

--
-- Indexes for table `laboratorio_has_equipamento`
--
ALTER TABLE `laboratorio_has_equipamento`
  ADD PRIMARY KEY (`id_laboratorio_equipamento`),
  ADD KEY `fk_id_equipamento_idx` (`fk_id_equipamento`),
  ADD KEY `fk_id_laboratorio_idx` (`fk_id_laboratorio`);

--
-- Indexes for table `laboratorio_has_img`
--
ALTER TABLE `laboratorio_has_img`
  ADD PRIMARY KEY (`id_laboratorio_img`),
  ADD KEY `fk_id_laboratorio_idx` (`fk_id_laboratorio`),
  ADD KEY `fk_id_img_laboratorio_idx` (`fk_id_img_laboratorio`);

--
-- Indexes for table `laboratorio_has_pessoa`
--
ALTER TABLE `laboratorio_has_pessoa`
  ADD PRIMARY KEY (`id_laboratorio_pessoa`),
  ADD KEY `fk_id_laboratorio_idx` (`fk_id_laboratorio`),
  ADD KEY `fk_id_pessoa_idx` (`fk_id_pessoa`);

--
-- Indexes for table `laboratorio_has_regulamento`
--
ALTER TABLE `laboratorio_has_regulamento`
  ADD PRIMARY KEY (`id_laboratorio_regulamento`),
  ADD KEY `fk_id_regulamento` (`fk_id_regulamento`),
  ADD KEY `fk_id_laboratorio` (`fk_id_laboratorio`);

--
-- Indexes for table `pavilhao`
--
ALTER TABLE `pavilhao`
  ADD PRIMARY KEY (`id_pavilhao`),
  ADD UNIQUE KEY `nome_UNIQUE` (`nome_pav`);

--
-- Indexes for table `pedido_cadastro`
--
ALTER TABLE `pedido_cadastro`
  ADD PRIMARY KEY (`id_pedido_cadastro`);

--
-- Indexes for table `permissao`
--
ALTER TABLE `permissao`
  ADD PRIMARY KEY (`id_permissao`);

--
-- Indexes for table `pessoa`
--
ALTER TABLE `pessoa`
  ADD PRIMARY KEY (`id_pessoa`),
  ADD KEY `fk_id_usuario_idx` (`fk_id_usuario`),
  ADD KEY `fk_id_tipo_pessoa_idx` (`fk_id_tipo_pessoa`),
  ADD KEY `fk_id_departamento_idx` (`fk_id_departamento`);

--
-- Indexes for table `recuperar_senha`
--
ALTER TABLE `recuperar_senha`
  ADD PRIMARY KEY (`id_recuperar_senha`);

--
-- Indexes for table `regulamento_laboratorio`
--
ALTER TABLE `regulamento_laboratorio`
  ADD PRIMARY KEY (`id_reg_lab`);

--
-- Indexes for table `tipo_pessoa`
--
ALTER TABLE `tipo_pessoa`
  ADD PRIMARY KEY (`id_tipo_pessoa`),
  ADD UNIQUE KEY `tipo_UNIQUE` (`tipo_tip`);

--
-- Indexes for table `usuario`
--
ALTER TABLE `usuario`
  ADD PRIMARY KEY (`id_usuario`),
  ADD UNIQUE KEY `login_UNIQUE` (`login_usu`);

--
-- Indexes for table `usuario_has_permissao`
--
ALTER TABLE `usuario_has_permissao`
  ADD PRIMARY KEY (`id_usuario_has_permissao`),
  ADD KEY `fk_usuario` (`fk_id_usuario`),
  ADD KEY `fk_permissao` (`fk_id_permissao`);

--
-- AUTO_INCREMENT for dumped tables
--

--
-- AUTO_INCREMENT for table `access_log`
--
ALTER TABLE `access_log`
  MODIFY `id_access_log` int(11) NOT NULL AUTO_INCREMENT, AUTO_INCREMENT=424;
--
-- AUTO_INCREMENT for table `convite`
--
ALTER TABLE `convite`
  MODIFY `id_convite` int(11) NOT NULL AUTO_INCREMENT, AUTO_INCREMENT=12;
--
-- AUTO_INCREMENT for table `curso`
--
ALTER TABLE `curso`
  MODIFY `id_curso` int(11) NOT NULL AUTO_INCREMENT COMMENT '	', AUTO_INCREMENT=30;
--
-- AUTO_INCREMENT for table `departamento`
--
ALTER TABLE `departamento`
  MODIFY `id_departamento` int(11) NOT NULL AUTO_INCREMENT, AUTO_INCREMENT=12;
--
-- AUTO_INCREMENT for table `equipamento`
--
ALTER TABLE `equipamento`
  MODIFY `id_equipamento` int(11) NOT NULL AUTO_INCREMENT, AUTO_INCREMENT=695;
--
-- AUTO_INCREMENT for table `equipamento_has_img`
--
ALTER TABLE `equipamento_has_img`
  MODIFY `id_equipamento_img` int(11) NOT NULL AUTO_INCREMENT, AUTO_INCREMENT=808;
--
-- AUTO_INCREMENT for table `img_equipamento`
--
ALTER TABLE `img_equipamento`
  MODIFY `id_img_equipamento` int(11) NOT NULL AUTO_INCREMENT, AUTO_INCREMENT=808;
--
-- AUTO_INCREMENT for table `img_laboratorio`
--
ALTER TABLE `img_laboratorio`
  MODIFY `id_img_laboratorio` int(11) NOT NULL AUTO_INCREMENT, AUTO_INCREMENT=153;
--
-- AUTO_INCREMENT for table `laboratorio`
--
ALTER TABLE `laboratorio`
  MODIFY `id_laboratorio` int(11) NOT NULL AUTO_INCREMENT, AUTO_INCREMENT=110;
--
-- AUTO_INCREMENT for table `laboratorio_has_curso`
--
ALTER TABLE `laboratorio_has_curso`
  MODIFY `id_laboratorio_curso` int(11) NOT NULL AUTO_INCREMENT, AUTO_INCREMENT=813;
--
-- AUTO_INCREMENT for table `laboratorio_has_departamento`
--
ALTER TABLE `laboratorio_has_departamento`
  MODIFY `id_laboratorio_departamento` int(11) NOT NULL AUTO_INCREMENT, AUTO_INCREMENT=443;
--
-- AUTO_INCREMENT for table `laboratorio_has_equipamento`
--
ALTER TABLE `laboratorio_has_equipamento`
  MODIFY `id_laboratorio_equipamento` int(11) NOT NULL AUTO_INCREMENT, AUTO_INCREMENT=695;
--
-- AUTO_INCREMENT for table `laboratorio_has_img`
--
ALTER TABLE `laboratorio_has_img`
  MODIFY `id_laboratorio_img` int(11) NOT NULL AUTO_INCREMENT, AUTO_INCREMENT=153;
--
-- AUTO_INCREMENT for table `laboratorio_has_pessoa`
--
ALTER TABLE `laboratorio_has_pessoa`
  MODIFY `id_laboratorio_pessoa` int(11) NOT NULL AUTO_INCREMENT, AUTO_INCREMENT=167;
--
-- AUTO_INCREMENT for table `laboratorio_has_regulamento`
--
ALTER TABLE `laboratorio_has_regulamento`
  MODIFY `id_laboratorio_regulamento` int(11) NOT NULL AUTO_INCREMENT;
--
-- AUTO_INCREMENT for table `pavilhao`
--
ALTER TABLE `pavilhao`
  MODIFY `id_pavilhao` int(11) NOT NULL AUTO_INCREMENT, AUTO_INCREMENT=16;
--
-- AUTO_INCREMENT for table `pedido_cadastro`
--
ALTER TABLE `pedido_cadastro`
  MODIFY `id_pedido_cadastro` int(11) NOT NULL AUTO_INCREMENT, AUTO_INCREMENT=51;
--
-- AUTO_INCREMENT for table `permissao`
--
ALTER TABLE `permissao`
  MODIFY `id_permissao` int(11) NOT NULL AUTO_INCREMENT, AUTO_INCREMENT=4;
--
-- AUTO_INCREMENT for table `pessoa`
--
ALTER TABLE `pessoa`
  MODIFY `id_pessoa` int(11) NOT NULL AUTO_INCREMENT, AUTO_INCREMENT=206;
--
-- AUTO_INCREMENT for table `recuperar_senha`
--
ALTER TABLE `recuperar_senha`
  MODIFY `id_recuperar_senha` int(11) NOT NULL AUTO_INCREMENT, AUTO_INCREMENT=58;
--
-- AUTO_INCREMENT for table `regulamento_laboratorio`
--
ALTER TABLE `regulamento_laboratorio`
  MODIFY `id_reg_lab` int(11) NOT NULL AUTO_INCREMENT;
--
-- AUTO_INCREMENT for table `tipo_pessoa`
--
ALTER TABLE `tipo_pessoa`
  MODIFY `id_tipo_pessoa` int(11) NOT NULL AUTO_INCREMENT, AUTO_INCREMENT=6;
--
-- AUTO_INCREMENT for table `usuario`
--
ALTER TABLE `usuario`
  MODIFY `id_usuario` int(11) NOT NULL AUTO_INCREMENT, AUTO_INCREMENT=199;
--
-- AUTO_INCREMENT for table `usuario_has_permissao`
--
ALTER TABLE `usuario_has_permissao`
  MODIFY `id_usuario_has_permissao` int(11) NOT NULL AUTO_INCREMENT, AUTO_INCREMENT=174;
--
-- Constraints for dumped tables
--

--
-- Limitadores para a tabela `equipamento_has_img`
--
ALTER TABLE `equipamento_has_img`
  ADD CONSTRAINT `fk_ei_id_equipamento` FOREIGN KEY (`fk_id_equipamento`) REFERENCES `equipamento` (`id_equipamento`) ON DELETE CASCADE ON UPDATE CASCADE,
  ADD CONSTRAINT `fk_ei_id_img_equipamento` FOREIGN KEY (`fk_id_img_equipamento`) REFERENCES `img_equipamento` (`id_img_equipamento`) ON DELETE CASCADE ON UPDATE CASCADE;

--
-- Limitadores para a tabela `laboratorio`
--
ALTER TABLE `laboratorio`
  ADD CONSTRAINT `fk_lab_id_pavilhao` FOREIGN KEY (`fk_id_pavilhao`) REFERENCES `pavilhao` (`id_pavilhao`) ON DELETE CASCADE ON UPDATE CASCADE;

--
-- Limitadores para a tabela `laboratorio_has_curso`
--
ALTER TABLE `laboratorio_has_curso`
  ADD CONSTRAINT `fk_lc_curso` FOREIGN KEY (`fk_id_curso`) REFERENCES `curso` (`id_curso`) ON DELETE CASCADE ON UPDATE CASCADE,
  ADD CONSTRAINT `fk_lc_id_laboratorio` FOREIGN KEY (`fk_id_laboratorio`) REFERENCES `laboratorio` (`id_laboratorio`) ON DELETE CASCADE ON UPDATE CASCADE;

--
-- Limitadores para a tabela `laboratorio_has_departamento`
--
ALTER TABLE `laboratorio_has_departamento`
  ADD CONSTRAINT `fk_ld_id_departamento` FOREIGN KEY (`fk_id_departamento`) REFERENCES `departamento` (`id_departamento`) ON DELETE CASCADE ON UPDATE CASCADE,
  ADD CONSTRAINT `fk_ld_id_laboratorio` FOREIGN KEY (`fk_id_laboratorio`) REFERENCES `laboratorio` (`id_laboratorio`) ON DELETE CASCADE ON UPDATE CASCADE;

--
-- Limitadores para a tabela `laboratorio_has_equipamento`
--
ALTER TABLE `laboratorio_has_equipamento`
  ADD CONSTRAINT `fk_le_id_equipamento` FOREIGN KEY (`fk_id_equipamento`) REFERENCES `equipamento` (`id_equipamento`) ON DELETE CASCADE ON UPDATE CASCADE,
  ADD CONSTRAINT `fk_le_id_laboratorio` FOREIGN KEY (`fk_id_laboratorio`) REFERENCES `laboratorio` (`id_laboratorio`) ON DELETE CASCADE ON UPDATE CASCADE;

--
-- Limitadores para a tabela `laboratorio_has_img`
--
ALTER TABLE `laboratorio_has_img`
  ADD CONSTRAINT `fk_li_id_img_laboratorio` FOREIGN KEY (`fk_id_img_laboratorio`) REFERENCES `img_laboratorio` (`id_img_laboratorio`) ON DELETE CASCADE ON UPDATE CASCADE,
  ADD CONSTRAINT `fk_li_id_laboratorio` FOREIGN KEY (`fk_id_laboratorio`) REFERENCES `laboratorio` (`id_laboratorio`) ON DELETE CASCADE ON UPDATE CASCADE;

--
-- Limitadores para a tabela `laboratorio_has_pessoa`
--
ALTER TABLE `laboratorio_has_pessoa`
  ADD CONSTRAINT `fk_lp_id_laboratorio` FOREIGN KEY (`fk_id_laboratorio`) REFERENCES `laboratorio` (`id_laboratorio`) ON DELETE CASCADE ON UPDATE CASCADE,
  ADD CONSTRAINT `fk_lp_id_pessoa` FOREIGN KEY (`fk_id_pessoa`) REFERENCES `pessoa` (`id_pessoa`) ON DELETE CASCADE ON UPDATE CASCADE;

--
-- Limitadores para a tabela `laboratorio_has_regulamento`
--
ALTER TABLE `laboratorio_has_regulamento`
  ADD CONSTRAINT `laboratorio_has_regulamento_ibfk_1` FOREIGN KEY (`fk_id_regulamento`) REFERENCES `regulamento_laboratorio` (`id_reg_lab`),
  ADD CONSTRAINT `laboratorio_has_regulamento_ibfk_2` FOREIGN KEY (`fk_id_laboratorio`) REFERENCES `laboratorio` (`id_laboratorio`);

--
-- Limitadores para a tabela `pessoa`
--
ALTER TABLE `pessoa`
  ADD CONSTRAINT `fk_pes_id_departamento` FOREIGN KEY (`fk_id_departamento`) REFERENCES `departamento` (`id_departamento`) ON DELETE CASCADE ON UPDATE CASCADE,
  ADD CONSTRAINT `fk_pes_id_tipo_pessoa` FOREIGN KEY (`fk_id_tipo_pessoa`) REFERENCES `tipo_pessoa` (`id_tipo_pessoa`) ON DELETE CASCADE ON UPDATE CASCADE,
  ADD CONSTRAINT `fk_pes_id_usuario` FOREIGN KEY (`fk_id_usuario`) REFERENCES `usuario` (`id_usuario`) ON DELETE CASCADE ON UPDATE CASCADE;

--
-- Limitadores para a tabela `usuario_has_permissao`
--
ALTER TABLE `usuario_has_permissao`
  ADD CONSTRAINT `fk_permissao_uhp` FOREIGN KEY (`fk_id_permissao`) REFERENCES `permissao` (`id_permissao`) ON DELETE CASCADE ON UPDATE CASCADE,
  ADD CONSTRAINT `fk_usuario_uhp` FOREIGN KEY (`fk_id_usuario`) REFERENCES `usuario` (`id_usuario`) ON DELETE CASCADE ON UPDATE CASCADE;

/*!40101 SET CHARACTER_SET_CLIENT=@OLD_CHARACTER_SET_CLIENT */;
/*!40101 SET CHARACTER_SET_RESULTS=@OLD_CHARACTER_SET_RESULTS */;
/*!40101 SET COLLATION_CONNECTION=@OLD_COLLATION_CONNECTION */;
